merchant_id,state,business_segment,city_tier,acquisition_channel,onboard_date,qr_ready,first_txn,active_7d,retained_30d,high_frequency,device_deployed,qr_ready_date,first_txn_date,active_7d_date,retained_30d_date,device_deployed_date
M000001,Madhya Pradesh,Fashion/Retail,Tier 2,Field sales,2025-08-02,1,1,0,0,0,0,2025-08-04,2025-08-08,,,
M000002,Rajasthan,Kirana/Grocery,Tier 1,Partner,2026-04-09,1,1,1,0,0,0,2026-04-10,2026-04-16,2026-04-16,,
M000003,Karnataka,Food & Beverage,Tier 1,Referral,2026-02-24,1,1,1,1,0,1,2026-02-27,2026-03-02,2026-03-01,2026-03-29,2026-05-14
M000004,Bihar,Kirana/Grocery,Tier 3+,Referral,2025-12-08,1,1,1,1,0,0,2025-12-09,2025-12-15,2025-12-17,2026-01-07,
M000005,Maharashtra,Kirana/Grocery,Tier 2,Partner,2025-12-06,1,0,0,0,0,0,2025-12-09,,,,
M000006,Bihar,Pharmacy,Tier 1,Field sales,2026-05-10,1,1,1,1,1,1,2026-05-11,2026-05-14,2026-05-19,2026-06-04,2026-06-01
M000007,Rajasthan,Kirana/Grocery,Tier 1,Field sales,2025-08-01,1,0,0,0,0,0,2025-08-03,,,,
M000008,Maharashtra,Services,Tier 3+,Online,2026-03-12,1,1,1,1,1,1,2026-03-14,2026-03-13,2026-03-16,2026-04-11,2026-05-23
M000009,Maharashtra,Pharmacy,Tier 2,Organic QR,2025-09-12,1,1,1,0,0,0,2025-09-15,2025-09-16,2025-09-22,,
M000010,Bihar,Kirana/Grocery,Tier 2,Referral,2025-08-04,1,1,1,1,1,1,2025-08-07,2025-08-05,2025-08-07,2025-08-31,2025-10-15
M000011,Karnataka,Food & Beverage,Tier 1,Organic QR,2026-01-09,1,0,0,0,0,0,2026-01-10,,,,
M000012,West Bengal,Pharmacy,Tier 1,Online,2026-06-22,1,1,0,0,0,0,2026-06-24,2026-06-24,,,
M000013,Bihar,Fashion/Retail,Tier 3+,Online,2026-03-26,1,1,1,1,1,0,2026-03-26,2026-03-29,2026-04-03,2026-04-17,
M000014,Bihar,Kirana/Grocery,Tier 3+,Field sales,2026-04-04,1,1,1,0,0,0,2026-04-07,2026-04-07,2026-04-07,,
M000015,Karnataka,Other,Tier 2,Online,2026-03-19,1,1,1,1,1,0,2026-03-21,2026-03-25,2026-03-23,2026-04-20,
M000016,Bihar,Fashion/Retail,Tier 3+,Field sales,2026-04-13,1,0,0,0,0,0,2026-04-14,,,,
M000017,West Bengal,Services,Tier 2,Organic QR,2026-01-04,0,0,0,0,0,0,,,,,
M000018,Maharashtra,Food & Beverage,Tier 3+,Online,2025-08-16,1,1,1,0,0,0,2025-08-19,2025-08-22,2025-08-23,,
M000019,Telangana,Pharmacy,Tier 1,Field sales,2026-05-03,0,0,0,0,0,0,,,,,
M000020,Karnataka,Fashion/Retail,Tier 2,Field sales,2025-12-12,1,1,1,1,1,0,2025-12-15,2025-12-17,2025-12-17,2026-01-01,
M000021,Uttar Pradesh,Food & Beverage,Tier 3+,Partner,2025-12-30,1,1,0,0,0,0,2025-12-30,2026-01-02,,,
M000022,Bihar,Other,Tier 3+,Online,2025-11-13,0,0,0,0,0,0,,,,,
M000023,Uttar Pradesh,Other,Tier 3+,Field sales,2025-09-05,0,0,0,0,0,0,,,,,
M000024,Uttar Pradesh,Food & Beverage,Tier 2,Partner,2026-06-04,1,1,0,0,0,0,2026-06-07,2026-06-04,,,
M000025,Telangana,Pharmacy,Tier 3+,Organic QR,2026-04-12,0,0,0,0,0,0,,,,,
M000026,Maharashtra,Services,Tier 3+,Organic QR,2026-02-21,0,0,0,0,0,0,,,,,
M000027,Karnataka,Pharmacy,Tier 1,Partner,2025-11-24,1,0,0,0,0,0,2025-11-25,,,,
M000028,Madhya Pradesh,Fashion/Retail,Tier 2,Organic QR,2026-04-27,1,1,1,1,0,0,2026-04-27,2026-05-03,2026-05-07,2026-05-18,
M000029,Rajasthan,Kirana/Grocery,Tier 2,Referral,2026-01-16,1,0,0,0,0,0,2026-01-17,,,,
M000030,Telangana,Kirana/Grocery,Tier 2,Partner,2025-12-09,1,0,0,0,0,0,2025-12-10,,,,
M000031,Madhya Pradesh,Food & Beverage,Tier 3+,Online,2025-12-12,1,1,1,1,1,1,2025-12-12,2025-12-13,2025-12-20,2026-01-05,2026-03-07
M000032,Maharashtra,Other,Tier 2,Referral,2025-09-21,1,1,1,1,0,1,2025-09-23,2025-09-25,2025-09-24,2025-10-20,2025-10-28
M000033,Karnataka,Food & Beverage,Tier 1,Field sales,2025-08-03,1,1,1,1,0,0,2025-08-04,2025-08-04,2025-08-08,2025-08-28,
M000034,Karnataka,Fashion/Retail,Tier 1,Referral,2026-01-19,0,0,0,0,0,0,,,,,
M000035,West Bengal,Food & Beverage,Tier 3+,Partner,2026-05-21,1,1,0,0,0,0,2026-05-23,2026-05-24,,,
M000036,Bihar,Kirana/Grocery,Tier 1,Field sales,2025-07-24,1,1,1,1,1,0,2025-07-25,2025-07-25,2025-07-31,2025-08-18,
M000037,Rajasthan,Other,Tier 3+,Partner,2026-05-10,1,0,0,0,0,0,2026-05-12,,,,
M000038,Maharashtra,Services,Tier 1,Referral,2026-04-29,1,1,0,0,0,0,2026-04-29,2026-05-06,,,
M000039,Karnataka,Food & Beverage,Tier 2,Field sales,2025-10-10,1,1,1,0,0,0,2025-10-13,2025-10-13,2025-10-14,,
M000040,Rajasthan,Kirana/Grocery,Tier 3+,Organic QR,2026-02-16,1,1,1,1,1,0,2026-02-18,2026-02-23,2026-02-20,2026-03-16,
M000041,Telangana,Kirana/Grocery,Tier 2,Organic QR,2025-08-30,0,0,0,0,0,0,,,,,
M000042,West Bengal,Kirana/Grocery,Tier 3+,Organic QR,2026-04-03,1,1,1,1,1,0,2026-04-03,2026-04-06,2026-04-06,2026-05-06,
M000043,Bihar,Food & Beverage,Tier 1,Online,2026-03-13,1,1,1,1,0,0,2026-03-13,2026-03-16,2026-03-16,2026-04-07,
M000044,Uttar Pradesh,Services,Tier 2,Field sales,2025-11-07,1,1,1,0,0,0,2025-11-10,2025-11-10,2025-11-17,,
M000045,Bihar,Food & Beverage,Tier 2,Referral,2025-07-25,1,1,1,1,0,0,2025-07-27,2025-07-30,2025-08-01,2025-08-20,
M000046,West Bengal,Kirana/Grocery,Tier 3+,Referral,2026-06-20,1,0,0,0,0,0,2026-06-23,,,,
M000047,Uttar Pradesh,Kirana/Grocery,Tier 1,Organic QR,2025-12-10,1,1,0,0,0,0,2025-12-11,2025-12-16,,,
M000048,Rajasthan,Food & Beverage,Tier 2,Organic QR,2026-05-22,1,1,1,1,0,1,2026-05-23,2026-05-29,2026-05-27,2026-06-11,2026-06-29
M000049,West Bengal,Other,Tier 2,Field sales,2026-03-05,0,0,0,0,0,0,,,,,
M000050,Karnataka,Food & Beverage,Tier 3+,Field sales,2026-04-11,1,1,0,0,0,0,2026-04-12,2026-04-11,,,
M000051,West Bengal,Kirana/Grocery,Tier 3+,Organic QR,2026-04-04,1,1,0,0,0,0,2026-04-04,2026-04-08,,,
M000052,Maharashtra,Services,Tier 3+,Field sales,2025-09-10,1,1,1,1,0,1,2025-09-12,2025-09-11,2025-09-15,2025-10-15,2025-10-10
M000053,Rajasthan,Other,Tier 2,Referral,2025-11-10,1,1,1,1,0,1,2025-11-12,2025-11-17,2025-11-17,2025-12-13,2026-01-05
M000054,Madhya Pradesh,Fashion/Retail,Tier 2,Partner,2025-12-18,1,1,0,0,0,0,2025-12-18,2025-12-20,,,
M000055,Rajasthan,Fashion/Retail,Tier 3+,Field sales,2025-12-29,1,1,0,0,0,0,2025-12-29,2025-12-29,,,
M000056,Uttar Pradesh,Other,Tier 3+,Field sales,2025-07-16,1,1,1,1,0,0,2025-07-16,2025-07-18,2025-07-24,2025-08-10,
M000057,Rajasthan,Services,Tier 3+,Online,2026-01-16,1,0,0,0,0,0,2026-01-17,,,,
M000058,Maharashtra,Other,Tier 3+,Field sales,2025-08-26,1,1,1,1,1,0,2025-08-28,2025-09-02,2025-08-31,2025-09-28,
M000059,Karnataka,Kirana/Grocery,Tier 3+,Partner,2026-03-29,1,1,1,0,0,0,2026-03-31,2026-04-02,2026-04-03,,
M000060,Karnataka,Fashion/Retail,Tier 1,Field sales,2026-03-07,1,0,0,0,0,0,2026-03-10,,,,
M000061,Rajasthan,Fashion/Retail,Tier 1,Online,2026-06-02,1,1,0,0,0,0,2026-06-05,2026-06-07,,,
M000062,Uttar Pradesh,Other,Tier 3+,Organic QR,2026-03-29,1,0,0,0,0,0,2026-04-01,,,,
M000063,Karnataka,Food & Beverage,Tier 2,Organic QR,2025-11-11,1,1,1,1,1,0,2025-11-12,2025-11-15,2025-11-17,2025-12-01,
M000064,West Bengal,Fashion/Retail,Tier 1,Organic QR,2026-06-19,0,0,0,0,0,0,,,,,
M000065,Telangana,Kirana/Grocery,Tier 2,Field sales,2025-11-27,0,0,0,0,0,0,,,,,
M000066,Uttar Pradesh,Services,Tier 2,Partner,2025-10-27,1,1,1,0,0,0,2025-10-28,2025-10-28,2025-10-30,,
M000067,Uttar Pradesh,Food & Beverage,Tier 3+,Field sales,2026-05-27,1,1,1,1,1,0,2026-05-29,2026-06-03,2026-05-31,2026-06-17,
M000068,Karnataka,Services,Tier 3+,Field sales,2025-11-13,1,1,0,0,0,0,2025-11-14,2025-11-13,,,
M000069,Bihar,Pharmacy,Tier 1,Field sales,2025-07-28,1,1,1,1,1,1,2025-07-31,2025-07-30,2025-08-05,2025-08-25,2025-08-24
M000070,Uttar Pradesh,Food & Beverage,Tier 2,Partner,2025-12-19,1,1,1,1,1,0,2025-12-19,2025-12-24,2025-12-28,2026-01-16,
M000071,Maharashtra,Kirana/Grocery,Tier 1,Online,2026-04-17,1,1,1,1,1,0,2026-04-18,2026-04-24,2026-04-25,2026-05-09,
M000072,West Bengal,Food & Beverage,Tier 3+,Field sales,2025-09-08,0,0,0,0,0,0,,,,,
M000073,Madhya Pradesh,Services,Tier 1,Online,2025-12-16,1,1,1,1,0,1,2025-12-19,2025-12-17,2025-12-26,2026-01-13,2026-03-04
M000074,Bihar,Pharmacy,Tier 2,Referral,2025-08-17,1,0,0,0,0,0,2025-08-17,,,,
M000075,Madhya Pradesh,Pharmacy,Tier 2,Field sales,2026-03-08,0,0,0,0,0,0,,,,,
M000076,West Bengal,Kirana/Grocery,Tier 2,Field sales,2025-12-21,1,1,1,0,0,0,2025-12-24,2025-12-28,2025-12-31,,
M000077,Telangana,Fashion/Retail,Tier 2,Field sales,2025-10-29,0,0,0,0,0,0,,,,,
M000078,Rajasthan,Pharmacy,Tier 3+,Field sales,2025-09-21,1,0,0,0,0,0,2025-09-21,,,,
M000079,Rajasthan,Kirana/Grocery,Tier 2,Referral,2026-01-23,1,1,0,0,0,0,2026-01-24,2026-01-23,,,
M000080,Karnataka,Food & Beverage,Tier 1,Organic QR,2026-03-02,1,1,1,1,0,0,2026-03-03,2026-03-06,2026-03-10,2026-03-24,
M000081,Karnataka,Food & Beverage,Tier 2,Organic QR,2026-06-09,1,1,1,1,1,1,2026-06-11,2026-06-10,2026-06-17,2026-07-06,2026-08-11
M000082,Maharashtra,Food & Beverage,Tier 2,Partner,2025-12-07,1,1,1,0,0,0,2025-12-08,2025-12-14,2025-12-12,,
M000083,Rajasthan,Kirana/Grocery,Tier 2,Field sales,2025-08-28,1,0,0,0,0,0,2025-08-30,,,,
M000084,Madhya Pradesh,Kirana/Grocery,Tier 3+,Online,2026-04-30,1,1,1,1,1,0,2026-05-01,2026-04-30,2026-05-03,2026-05-27,
M000085,Bihar,Kirana/Grocery,Tier 1,Partner,2026-02-15,1,1,1,0,0,0,2026-02-16,2026-02-19,2026-02-20,,
M000086,Telangana,Kirana/Grocery,Tier 3+,Field sales,2026-03-13,1,0,0,0,0,0,2026-03-14,,,,
M000087,Karnataka,Kirana/Grocery,Tier 1,Organic QR,2025-08-05,0,0,0,0,0,0,,,,,
M000088,Uttar Pradesh,Fashion/Retail,Tier 3+,Field sales,2025-10-23,1,0,0,0,0,0,2025-10-24,,,,
M000089,Uttar Pradesh,Services,Tier 1,Online,2026-04-07,1,0,0,0,0,0,2026-04-09,,,,
M000090,West Bengal,Food & Beverage,Tier 2,Organic QR,2026-04-30,1,1,1,1,1,1,2026-05-01,2026-05-01,2026-05-09,2026-05-23,2026-07-15
M000091,Madhya Pradesh,Services,Tier 2,Online,2025-12-06,1,1,1,1,0,0,2025-12-07,2025-12-06,2025-12-14,2025-12-30,
M000092,West Bengal,Services,Tier 2,Online,2026-04-20,1,1,1,0,0,0,2026-04-21,2026-04-24,2026-04-27,,
M000093,Madhya Pradesh,Kirana/Grocery,Tier 1,Organic QR,2026-05-04,0,0,0,0,0,0,,,,,
M000094,West Bengal,Kirana/Grocery,Tier 3+,Partner,2025-11-19,1,0,0,0,0,0,2025-11-20,,,,
M000095,Uttar Pradesh,Kirana/Grocery,Tier 2,Organic QR,2026-05-24,1,1,1,0,0,0,2026-05-25,2026-05-26,2026-05-31,,
M000096,Maharashtra,Services,Tier 3+,Field sales,2025-10-14,0,0,0,0,0,0,,,,,
M000097,Maharashtra,Food & Beverage,Tier 3+,Online,2025-09-26,1,1,1,1,0,0,2025-09-28,2025-09-30,2025-09-29,2025-10-24,
M000098,Uttar Pradesh,Food & Beverage,Tier 2,Organic QR,2026-03-07,1,1,1,1,1,0,2026-03-08,2026-03-09,2026-03-11,2026-04-04,
M000099,Karnataka,Services,Tier 3+,Online,2026-02-18,0,0,0,0,0,0,,,,,
M000100,Maharashtra,Other,Tier 1,Partner,2025-08-21,1,1,1,1,1,0,2025-08-23,2025-08-24,2025-08-30,2025-09-25,
M000101,West Bengal,Food & Beverage,Tier 2,Field sales,2026-04-30,1,1,0,0,0,0,2026-05-01,2026-05-01,,,
M000102,Karnataka,Services,Tier 2,Organic QR,2025-09-11,1,0,0,0,0,0,2025-09-14,,,,
M000103,West Bengal,Food & Beverage,Tier 3+,Field sales,2026-04-20,1,1,1,1,1,1,2026-04-22,2026-04-25,2026-04-30,2026-05-20,2026-06-07
M000104,Bihar,Pharmacy,Tier 1,Field sales,2025-07-03,0,0,0,0,0,0,,,,,
M000105,Rajasthan,Pharmacy,Tier 2,Partner,2026-04-17,1,1,0,0,0,0,2026-04-18,2026-04-24,,,
M000106,Rajasthan,Pharmacy,Tier 2,Field sales,2026-04-14,1,1,1,1,1,1,2026-04-14,2026-04-14,2026-04-23,2026-05-16,2026-06-28
M000107,Telangana,Kirana/Grocery,Tier 2,Online,2026-04-11,1,1,1,1,1,0,2026-04-12,2026-04-14,2026-04-15,2026-05-15,
M000108,Rajasthan,Food & Beverage,Tier 1,Organic QR,2026-02-28,1,1,1,1,1,1,2026-03-01,2026-03-07,2026-03-10,2026-03-26,2026-03-18
M000109,Karnataka,Fashion/Retail,Tier 2,Organic QR,2025-12-20,0,0,0,0,0,0,,,,,
M000110,West Bengal,Food & Beverage,Tier 3+,Field sales,2026-03-15,1,1,0,0,0,0,2026-03-17,2026-03-22,,,
M000111,Telangana,Other,Tier 1,Field sales,2025-10-10,0,0,0,0,0,0,,,,,
M000112,Karnataka,Food & Beverage,Tier 2,Organic QR,2026-04-11,1,0,0,0,0,0,2026-04-11,,,,
M000113,Bihar,Services,Tier 3+,Field sales,2026-01-19,1,1,1,1,1,0,2026-01-22,2026-01-26,2026-01-25,2026-02-12,
M000114,Rajasthan,Food & Beverage,Tier 3+,Partner,2025-12-15,1,1,1,0,0,0,2025-12-18,2025-12-15,2025-12-21,,
M000115,Uttar Pradesh,Food & Beverage,Tier 1,Organic QR,2026-01-01,1,1,1,1,0,1,2026-01-03,2026-01-08,2026-01-07,2026-01-30,2026-02-14
M000116,Rajasthan,Fashion/Retail,Tier 2,Field sales,2026-01-24,1,1,0,0,0,0,2026-01-26,2026-01-24,,,
M000117,Maharashtra,Kirana/Grocery,Tier 1,Organic QR,2025-07-14,1,1,1,0,0,0,2025-07-15,2025-07-16,2025-07-23,,
M000118,Rajasthan,Services,Tier 3+,Field sales,2025-08-21,1,1,1,1,1,0,2025-08-23,2025-08-24,2025-08-29,2025-09-18,
M000119,Karnataka,Services,Tier 2,Field sales,2025-09-28,1,1,1,0,0,0,2025-09-28,2025-10-05,2025-10-06,,
M000120,Karnataka,Fashion/Retail,Tier 2,Referral,2025-08-11,1,1,1,1,1,1,2025-08-11,2025-08-14,2025-08-14,2025-09-10,2025-10-10
M000121,Maharashtra,Services,Tier 1,Field sales,2025-12-08,1,1,1,0,0,0,2025-12-10,2025-12-13,2025-12-14,,
M000122,Telangana,Other,Tier 2,Field sales,2026-03-01,1,1,0,0,0,0,2026-03-01,2026-03-05,,,
M000123,Telangana,Fashion/Retail,Tier 1,Organic QR,2026-02-24,1,1,1,0,0,0,2026-02-27,2026-02-27,2026-02-28,,
M000124,Uttar Pradesh,Food & Beverage,Tier 3+,Organic QR,2025-12-19,1,1,1,1,0,1,2025-12-21,2025-12-19,2025-12-23,2026-01-20,2026-02-06
M000125,Karnataka,Fashion/Retail,Tier 2,Online,2026-05-09,1,1,0,0,0,0,2026-05-11,2026-05-16,,,
M000126,Karnataka,Other,Tier 2,Referral,2026-01-23,1,1,1,1,1,0,2026-01-26,2026-01-23,2026-01-31,2026-02-21,
M000127,Uttar Pradesh,Kirana/Grocery,Tier 3+,Referral,2025-07-29,1,0,0,0,0,0,2025-07-30,,,,
M000128,Maharashtra,Services,Tier 1,Organic QR,2026-04-06,1,1,1,0,0,0,2026-04-09,2026-04-07,2026-04-12,,
M000129,Bihar,Kirana/Grocery,Tier 1,Organic QR,2026-01-26,0,0,0,0,0,0,,,,,
M000130,West Bengal,Services,Tier 2,Field sales,2026-02-17,1,1,1,1,1,0,2026-02-17,2026-02-23,2026-02-27,2026-03-18,
M000131,Uttar Pradesh,Kirana/Grocery,Tier 3+,Referral,2026-01-23,0,0,0,0,0,0,,,,,
M000132,West Bengal,Pharmacy,Tier 1,Organic QR,2026-01-19,1,0,0,0,0,0,2026-01-22,,,,
M000133,Maharashtra,Food & Beverage,Tier 3+,Field sales,2025-08-03,1,1,1,1,0,0,2025-08-03,2025-08-07,2025-08-07,2025-09-05,
M000134,Maharashtra,Services,Tier 2,Partner,2026-01-21,1,0,0,0,0,0,2026-01-21,,,,
M000135,Bihar,Kirana/Grocery,Tier 2,Referral,2026-04-17,1,1,0,0,0,0,2026-04-19,2026-04-19,,,
M000136,Bihar,Pharmacy,Tier 2,Organic QR,2025-10-19,0,0,0,0,0,0,,,,,
M000137,Madhya Pradesh,Services,Tier 1,Field sales,2026-02-06,1,1,1,0,0,0,2026-02-08,2026-02-07,2026-02-16,,
M000138,Maharashtra,Services,Tier 1,Online,2025-07-12,1,1,1,1,1,0,2025-07-13,2025-07-13,2025-07-17,2025-08-06,
M000139,Bihar,Food & Beverage,Tier 3+,Field sales,2025-11-04,1,1,0,0,0,0,2025-11-04,2025-11-06,,,
M000140,Telangana,Kirana/Grocery,Tier 2,Online,2025-12-07,1,1,1,1,0,1,2025-12-08,2025-12-13,2025-12-15,2025-12-29,2026-02-15
M000141,Telangana,Food & Beverage,Tier 2,Organic QR,2026-06-24,1,1,0,0,0,0,2026-06-25,2026-06-30,,,
M000142,Maharashtra,Other,Tier 3+,Online,2025-09-17,1,1,1,1,0,1,2025-09-17,2025-09-22,2025-09-26,2025-10-08,2025-10-03
M000143,West Bengal,Kirana/Grocery,Tier 1,Online,2025-10-09,1,1,0,0,0,0,2025-10-12,2025-10-14,,,
M000144,Maharashtra,Pharmacy,Tier 2,Organic QR,2025-11-27,1,1,0,0,0,0,2025-11-30,2025-11-29,,,
M000145,Madhya Pradesh,Kirana/Grocery,Tier 2,Referral,2026-06-28,0,0,0,0,0,0,,,,,
M000146,Rajasthan,Pharmacy,Tier 1,Field sales,2026-05-08,1,1,1,1,1,0,2026-05-09,2026-05-13,2026-05-12,2026-05-30,
M000147,Bihar,Kirana/Grocery,Tier 3+,Field sales,2025-07-13,0,0,0,0,0,0,,,,,
M000148,Bihar,Food & Beverage,Tier 3+,Field sales,2025-09-24,1,1,0,0,0,0,2025-09-25,2025-10-01,,,
M000149,Madhya Pradesh,Food & Beverage,Tier 1,Partner,2026-04-26,0,0,0,0,0,0,,,,,
M000150,Karnataka,Kirana/Grocery,Tier 3+,Field sales,2025-07-22,1,1,1,1,0,0,2025-07-22,2025-07-24,2025-07-27,2025-08-14,
M000151,Maharashtra,Food & Beverage,Tier 1,Organic QR,2026-05-09,1,1,1,1,1,0,2026-05-09,2026-05-13,2026-05-14,2026-06-05,
M000152,Rajasthan,Food & Beverage,Tier 3+,Online,2025-10-11,1,1,0,0,0,0,2025-10-11,2025-10-18,,,
M000153,Telangana,Services,Tier 3+,Online,2026-05-31,1,1,1,1,1,0,2026-06-01,2026-06-01,2026-06-09,2026-06-20,
M000154,Maharashtra,Other,Tier 1,Field sales,2025-10-16,1,1,0,0,0,0,2025-10-19,2025-10-19,,,
M000155,Karnataka,Food & Beverage,Tier 2,Organic QR,2025-12-06,1,1,1,1,1,0,2025-12-08,2025-12-11,2025-12-16,2026-01-07,
M000156,Telangana,Other,Tier 3+,Field sales,2026-02-27,0,0,0,0,0,0,,,,,
M000157,Maharashtra,Food & Beverage,Tier 1,Field sales,2025-08-16,1,1,1,1,1,0,2025-08-16,2025-08-18,2025-08-19,2025-09-14,
M000158,Maharashtra,Kirana/Grocery,Tier 2,Online,2026-01-20,1,1,1,1,1,1,2026-01-21,2026-01-20,2026-01-29,2026-02-13,2026-04-04
M000159,West Bengal,Kirana/Grocery,Tier 2,Online,2026-01-01,0,0,0,0,0,0,,,,,
M000160,Telangana,Food & Beverage,Tier 1,Field sales,2026-04-13,1,1,1,1,0,0,2026-04-14,2026-04-14,2026-04-19,2026-05-11,
M000161,West Bengal,Food & Beverage,Tier 1,Field sales,2026-06-29,1,1,0,0,0,0,2026-07-02,2026-07-06,,,
M000162,West Bengal,Fashion/Retail,Tier 1,Organic QR,2026-02-28,1,1,0,0,0,0,2026-03-02,2026-03-02,,,
M000163,Maharashtra,Pharmacy,Tier 3+,Organic QR,2025-11-27,1,1,0,0,0,0,2025-11-29,2025-12-03,,,
M000164,Bihar,Services,Tier 2,Field sales,2025-11-26,1,1,0,0,0,0,2025-11-26,2025-12-02,,,
M000165,Rajasthan,Services,Tier 2,Field sales,2025-11-30,1,1,1,1,0,1,2025-12-01,2025-12-05,2025-12-08,2025-12-21,2025-12-24
M000166,Bihar,Food & Beverage,Tier 1,Organic QR,2026-04-24,1,1,1,1,0,0,2026-04-25,2026-04-26,2026-05-02,2026-05-18,
M000167,Maharashtra,Services,Tier 1,Field sales,2025-10-26,1,1,1,1,1,0,2025-10-29,2025-10-29,2025-11-03,2025-11-22,
M000168,Karnataka,Kirana/Grocery,Tier 2,Referral,2025-08-30,0,0,0,0,0,0,,,,,
M000169,Maharashtra,Kirana/Grocery,Tier 1,Referral,2025-10-31,1,1,1,1,1,1,2025-11-03,2025-11-02,2025-11-09,2025-12-05,2025-11-20
M000170,Rajasthan,Food & Beverage,Tier 2,Organic QR,2025-07-09,1,0,0,0,0,0,2025-07-09,,,,
M000171,West Bengal,Kirana/Grocery,Tier 2,Organic QR,2025-08-08,1,0,0,0,0,0,2025-08-08,,,,
M000172,Rajasthan,Pharmacy,Tier 2,Referral,2025-08-02,1,1,1,1,0,0,2025-08-04,2025-08-05,2025-08-06,2025-09-01,
M000173,Bihar,Kirana/Grocery,Tier 2,Field sales,2026-04-08,0,0,0,0,0,0,,,,,
M000174,West Bengal,Kirana/Grocery,Tier 3+,Online,2026-03-21,1,0,0,0,0,0,2026-03-22,,,,
M000175,Rajasthan,Other,Tier 1,Field sales,2026-03-12,1,1,1,1,1,1,2026-03-14,2026-03-15,2026-03-15,2026-04-09,2026-04-26
M000176,Maharashtra,Other,Tier 3+,Online,2025-12-16,1,1,0,0,0,0,2025-12-17,2025-12-19,,,
M000177,Madhya Pradesh,Food & Beverage,Tier 1,Field sales,2026-03-19,1,1,1,0,0,0,2026-03-20,2026-03-21,2026-03-26,,
M000178,Telangana,Services,Tier 1,Referral,2025-08-28,1,1,1,0,0,0,2025-08-28,2025-08-31,2025-09-06,,
M000179,Maharashtra,Fashion/Retail,Tier 2,Field sales,2026-05-25,1,1,1,1,0,0,2026-05-26,2026-05-29,2026-05-29,2026-06-29,
M000180,Uttar Pradesh,Kirana/Grocery,Tier 1,Referral,2025-12-30,1,1,1,1,0,0,2026-01-02,2026-01-03,2026-01-09,2026-02-03,
M000181,West Bengal,Food & Beverage,Tier 2,Organic QR,2026-06-08,1,1,1,1,1,0,2026-06-10,2026-06-15,2026-06-11,2026-07-06,
M000182,Karnataka,Kirana/Grocery,Tier 3+,Field sales,2025-08-25,1,1,0,0,0,0,2025-08-25,2025-08-26,,,
M000183,Uttar Pradesh,Food & Beverage,Tier 3+,Referral,2025-12-29,1,1,0,0,0,0,2025-12-30,2026-01-05,,,
M000184,Maharashtra,Other,Tier 2,Field sales,2026-03-12,0,0,0,0,0,0,,,,,
M000185,Maharashtra,Pharmacy,Tier 3+,Organic QR,2025-12-28,1,1,1,0,0,0,2025-12-30,2026-01-03,2026-01-01,,
M000186,Maharashtra,Other,Tier 2,Field sales,2025-12-10,0,0,0,0,0,0,,,,,
M000187,Bihar,Pharmacy,Tier 1,Referral,2025-08-30,1,1,1,0,0,0,2025-09-01,2025-09-06,2025-09-09,,
M000188,Madhya Pradesh,Services,Tier 3+,Online,2025-11-17,1,0,0,0,0,0,2025-11-20,,,,
M000189,Maharashtra,Pharmacy,Tier 1,Organic QR,2025-09-26,1,1,1,1,0,0,2025-09-28,2025-10-02,2025-09-29,2025-10-21,
M000190,Karnataka,Services,Tier 1,Referral,2025-10-19,1,1,1,1,1,0,2025-10-22,2025-10-23,2025-10-29,2025-11-13,
M000191,Karnataka,Food & Beverage,Tier 1,Online,2026-03-07,1,1,0,0,0,0,2026-03-10,2026-03-10,,,
M000192,Maharashtra,Kirana/Grocery,Tier 2,Partner,2026-02-16,1,1,0,0,0,0,2026-02-19,2026-02-23,,,
M000193,Uttar Pradesh,Services,Tier 2,Field sales,2026-02-07,1,1,1,1,0,1,2026-02-07,2026-02-13,2026-02-11,2026-03-08,2026-04-22
M000194,Bihar,Kirana/Grocery,Tier 1,Organic QR,2025-11-10,1,1,1,1,1,0,2025-11-11,2025-11-12,2025-11-14,2025-12-12,
M000195,Rajasthan,Food & Beverage,Tier 2,Field sales,2026-06-16,1,0,0,0,0,0,2026-06-17,,,,
M000196,Uttar Pradesh,Kirana/Grocery,Tier 3+,Organic QR,2025-08-01,0,0,0,0,0,0,,,,,
M000197,Uttar Pradesh,Services,Tier 3+,Field sales,2025-11-03,1,1,1,1,1,0,2025-11-03,2025-11-05,2025-11-07,2025-11-27,
M000198,Maharashtra,Kirana/Grocery,Tier 1,Referral,2025-08-13,1,0,0,0,0,0,2025-08-15,,,,
M000199,Maharashtra,Kirana/Grocery,Tier 1,Partner,2025-11-01,0,0,0,0,0,0,,,,,
M000200,West Bengal,Services,Tier 2,Partner,2026-06-17,1,1,1,1,1,1,2026-06-17,2026-06-18,2026-06-26,2026-07-20,2026-07-22
M000201,Bihar,Kirana/Grocery,Tier 1,Field sales,2025-11-11,1,1,1,1,1,0,2025-11-13,2025-11-16,2025-11-15,2025-12-15,
M000202,West Bengal,Other,Tier 2,Field sales,2026-05-28,1,1,1,1,0,0,2026-05-29,2026-06-04,2026-06-04,2026-06-26,
M000203,West Bengal,Food & Beverage,Tier 2,Referral,2025-12-28,1,1,1,0,0,0,2025-12-29,2026-01-04,2026-01-04,,
M000204,Rajasthan,Food & Beverage,Tier 3+,Organic QR,2026-03-13,1,1,1,1,1,0,2026-03-13,2026-03-19,2026-03-21,2026-04-06,
M000205,West Bengal,Kirana/Grocery,Tier 1,Online,2025-12-14,0,0,0,0,0,0,,,,,
M000206,Uttar Pradesh,Fashion/Retail,Tier 2,Organic QR,2025-10-06,1,1,1,0,0,0,2025-10-07,2025-10-12,2025-10-11,,
M000207,Maharashtra,Services,Tier 2,Field sales,2026-04-05,1,1,1,0,0,0,2026-04-06,2026-04-08,2026-04-14,,
M000208,Maharashtra,Food & Beverage,Tier 3+,Partner,2026-06-19,1,1,1,1,1,0,2026-06-22,2026-06-25,2026-06-27,2026-07-13,
M000209,Maharashtra,Kirana/Grocery,Tier 1,Partner,2025-10-05,1,0,0,0,0,0,2025-10-05,,,,
M000210,Maharashtra,Pharmacy,Tier 3+,Field sales,2026-04-11,1,1,0,0,0,0,2026-04-11,2026-04-12,,,
M000211,Telangana,Other,Tier 3+,Partner,2025-10-04,1,1,1,0,0,0,2025-10-05,2025-10-08,2025-10-12,,
M000212,Bihar,Food & Beverage,Tier 1,Field sales,2026-03-19,1,1,1,1,1,0,2026-03-21,2026-03-21,2026-03-26,2026-04-11,
M000213,Madhya Pradesh,Kirana/Grocery,Tier 2,Field sales,2026-04-14,1,1,0,0,0,0,2026-04-17,2026-04-16,,,
M000214,Rajasthan,Kirana/Grocery,Tier 2,Field sales,2025-12-12,1,1,0,0,0,0,2025-12-15,2025-12-15,,,
M000215,Maharashtra,Kirana/Grocery,Tier 1,Partner,2026-03-26,0,0,0,0,0,0,,,,,
M000216,Bihar,Pharmacy,Tier 2,Partner,2025-10-08,1,1,1,1,1,0,2025-10-10,2025-10-14,2025-10-14,2025-11-01,
M000217,Telangana,Other,Tier 2,Field sales,2025-07-29,1,1,0,0,0,0,2025-07-30,2025-08-04,,,
M000218,Maharashtra,Other,Tier 3+,Referral,2025-08-05,1,1,1,1,1,0,2025-08-07,2025-08-09,2025-08-11,2025-09-04,
M000219,Karnataka,Fashion/Retail,Tier 1,Referral,2025-12-11,1,1,1,0,0,0,2025-12-12,2025-12-14,2025-12-20,,
M000220,Telangana,Kirana/Grocery,Tier 2,Organic QR,2026-05-26,1,0,0,0,0,0,2026-05-28,,,,
M000221,Karnataka,Other,Tier 1,Field sales,2025-08-16,1,0,0,0,0,0,2025-08-18,,,,
M000222,Madhya Pradesh,Food & Beverage,Tier 2,Field sales,2025-12-14,1,0,0,0,0,0,2025-12-17,,,,
M000223,Bihar,Food & Beverage,Tier 2,Field sales,2026-03-14,1,1,1,0,0,0,2026-03-17,2026-03-19,2026-03-23,,
M000224,Bihar,Pharmacy,Tier 2,Online,2025-09-12,1,0,0,0,0,0,2025-09-15,,,,
M000225,Maharashtra,Kirana/Grocery,Tier 2,Referral,2026-03-21,1,1,1,1,1,0,2026-03-24,2026-03-24,2026-03-25,2026-04-10,
M000226,Madhya Pradesh,Fashion/Retail,Tier 1,Field sales,2025-10-20,1,1,1,0,0,0,2025-10-21,2025-10-22,2025-10-27,,
M000227,Rajasthan,Other,Tier 1,Organic QR,2026-04-22,1,0,0,0,0,0,2026-04-23,,,,
M000228,Karnataka,Fashion/Retail,Tier 3+,Field sales,2026-01-28,1,0,0,0,0,0,2026-01-29,,,,
M000229,Rajasthan,Fashion/Retail,Tier 1,Field sales,2026-01-16,1,1,1,1,1,1,2026-01-17,2026-01-17,2026-01-24,2026-02-10,2026-04-03
M000230,Uttar Pradesh,Food & Beverage,Tier 3+,Field sales,2025-09-03,1,1,1,1,1,0,2025-09-03,2025-09-06,2025-09-08,2025-10-06,
M000231,Uttar Pradesh,Kirana/Grocery,Tier 2,Field sales,2025-12-17,1,1,0,0,0,0,2025-12-18,2025-12-22,,,
M000232,Maharashtra,Fashion/Retail,Tier 3+,Field sales,2026-05-09,1,0,0,0,0,0,2026-05-12,,,,
M000233,Uttar Pradesh,Services,Tier 1,Field sales,2025-07-08,0,0,0,0,0,0,,,,,
M000234,Maharashtra,Other,Tier 2,Organic QR,2026-04-03,1,1,1,1,1,1,2026-04-03,2026-04-07,2026-04-07,2026-05-06,2026-05-02
M000235,Maharashtra,Kirana/Grocery,Tier 1,Organic QR,2025-12-27,1,1,1,0,0,0,2025-12-30,2026-01-01,2025-12-30,,
M000236,Maharashtra,Food & Beverage,Tier 3+,Organic QR,2026-03-20,1,1,1,0,0,0,2026-03-20,2026-03-26,2026-03-24,,
M000237,West Bengal,Food & Beverage,Tier 2,Field sales,2026-02-28,1,1,1,0,0,0,2026-02-28,2026-03-01,2026-03-07,,
M000238,Karnataka,Pharmacy,Tier 2,Organic QR,2025-12-05,1,1,1,1,0,1,2025-12-08,2025-12-11,2025-12-11,2025-12-26,2026-02-17
M000239,Telangana,Fashion/Retail,Tier 3+,Organic QR,2025-10-21,1,0,0,0,0,0,2025-10-23,,,,
M000240,Telangana,Other,Tier 1,Online,2026-02-14,1,1,0,0,0,0,2026-02-15,2026-02-16,,,
M000241,West Bengal,Kirana/Grocery,Tier 2,Field sales,2025-08-21,1,1,0,0,0,0,2025-08-21,2025-08-23,,,
M000242,Uttar Pradesh,Services,Tier 3+,Organic QR,2026-01-30,1,1,1,1,0,0,2026-01-30,2026-02-01,2026-02-07,2026-02-20,
M000243,West Bengal,Kirana/Grocery,Tier 1,Field sales,2025-08-04,1,1,1,1,1,0,2025-08-04,2025-08-10,2025-08-13,2025-08-27,
M000244,Karnataka,Kirana/Grocery,Tier 3+,Field sales,2026-02-23,1,1,1,1,0,0,2026-02-23,2026-02-27,2026-03-03,2026-03-15,
M000245,Maharashtra,Food & Beverage,Tier 3+,Organic QR,2026-02-15,1,1,1,1,1,1,2026-02-17,2026-02-15,2026-02-21,2026-03-16,2026-03-09
M000246,Uttar Pradesh,Services,Tier 3+,Referral,2025-07-31,1,1,1,0,0,0,2025-08-03,2025-07-31,2025-08-09,,
M000247,Telangana,Food & Beverage,Tier 3+,Online,2026-04-03,1,1,1,1,0,0,2026-04-04,2026-04-08,2026-04-13,2026-04-23,
M000248,Madhya Pradesh,Food & Beverage,Tier 1,Organic QR,2025-11-29,1,0,0,0,0,0,2025-11-29,,,,
M000249,Madhya Pradesh,Services,Tier 2,Field sales,2026-04-14,1,1,0,0,0,0,2026-04-17,2026-04-18,,,
M000250,Uttar Pradesh,Fashion/Retail,Tier 1,Referral,2025-07-16,1,0,0,0,0,0,2025-07-18,,,,
M000251,West Bengal,Kirana/Grocery,Tier 3+,Field sales,2025-09-04,1,1,1,1,1,0,2025-09-05,2025-09-06,2025-09-13,2025-09-27,
M000252,Uttar Pradesh,Food & Beverage,Tier 1,Organic QR,2025-12-28,1,1,0,0,0,0,2025-12-31,2025-12-30,,,
M000253,Karnataka,Pharmacy,Tier 3+,Referral,2025-09-07,1,1,0,0,0,0,2025-09-09,2025-09-12,,,
M000254,Uttar Pradesh,Fashion/Retail,Tier 1,Organic QR,2025-10-29,0,0,0,0,0,0,,,,,
M000255,Maharashtra,Fashion/Retail,Tier 1,Organic QR,2026-02-27,1,1,1,0,0,0,2026-03-01,2026-03-06,2026-03-07,,
M000256,Madhya Pradesh,Kirana/Grocery,Tier 1,Field sales,2025-08-22,1,0,0,0,0,0,2025-08-22,,,,
M000257,Maharashtra,Services,Tier 3+,Field sales,2026-03-05,1,1,0,0,0,0,2026-03-06,2026-03-11,,,
M000258,Telangana,Other,Tier 1,Online,2025-08-07,1,1,0,0,0,0,2025-08-09,2025-08-13,,,
M000259,Uttar Pradesh,Food & Beverage,Tier 1,Field sales,2025-09-02,1,1,1,1,0,1,2025-09-04,2025-09-02,2025-09-09,2025-09-26,2025-11-07
M000260,Maharashtra,Food & Beverage,Tier 1,Field sales,2026-01-31,0,0,0,0,0,0,,,,,
M000261,Maharashtra,Other,Tier 1,Organic QR,2026-04-16,1,0,0,0,0,0,2026-04-18,,,,
M000262,Bihar,Kirana/Grocery,Tier 3+,Field sales,2025-09-01,1,1,1,1,1,1,2025-09-02,2025-09-05,2025-09-06,2025-10-05,2025-11-11
M000263,Maharashtra,Pharmacy,Tier 2,Field sales,2025-10-18,1,1,0,0,0,0,2025-10-19,2025-10-20,,,
M000264,Uttar Pradesh,Fashion/Retail,Tier 1,Field sales,2026-06-03,1,1,0,0,0,0,2026-06-04,2026-06-05,,,
M000265,Telangana,Kirana/Grocery,Tier 1,Organic QR,2026-06-27,1,1,1,0,0,0,2026-06-27,2026-07-04,2026-07-02,,
M000266,Karnataka,Pharmacy,Tier 1,Organic QR,2026-01-29,1,1,0,0,0,0,2026-02-01,2026-01-31,,,
M000267,Karnataka,Food & Beverage,Tier 2,Referral,2025-12-11,1,1,1,0,0,0,2025-12-13,2025-12-16,2025-12-21,,
M000268,Bihar,Fashion/Retail,Tier 1,Field sales,2025-11-04,1,1,1,1,0,1,2025-11-06,2025-11-04,2025-11-13,2025-12-06,2025-11-22
M000269,West Bengal,Other,Tier 1,Online,2026-02-09,0,0,0,0,0,0,,,,,
M000270,Maharashtra,Fashion/Retail,Tier 1,Field sales,2026-02-01,1,1,1,1,1,0,2026-02-04,2026-02-06,2026-02-10,2026-03-04,
M000271,West Bengal,Kirana/Grocery,Tier 1,Field sales,2025-10-16,1,0,0,0,0,0,2025-10-17,,,,
M000272,Rajasthan,Pharmacy,Tier 3+,Online,2025-07-09,1,1,1,0,0,0,2025-07-11,2025-07-12,2025-07-15,,
M000273,Rajasthan,Other,Tier 1,Referral,2025-08-25,1,1,1,0,0,0,2025-08-27,2025-08-25,2025-09-03,,
M000274,Bihar,Services,Tier 2,Field sales,2026-06-15,1,1,1,1,0,0,2026-06-17,2026-06-16,2026-06-19,2026-07-19,
M000275,Bihar,Services,Tier 2,Organic QR,2025-11-30,1,1,1,1,1,0,2025-12-02,2025-12-02,2025-12-10,2026-01-04,
M000276,Madhya Pradesh,Kirana/Grocery,Tier 3+,Referral,2025-12-24,1,1,1,1,0,0,2025-12-24,2025-12-29,2026-01-03,2026-01-27,
M000277,Uttar Pradesh,Fashion/Retail,Tier 1,Field sales,2025-12-18,1,1,1,1,0,0,2025-12-21,2025-12-24,2025-12-25,2026-01-22,
M000278,Uttar Pradesh,Kirana/Grocery,Tier 3+,Field sales,2026-04-12,1,0,0,0,0,0,2026-04-14,,,,
M000279,Telangana,Food & Beverage,Tier 3+,Organic QR,2025-07-24,1,1,1,1,1,0,2025-07-27,2025-07-30,2025-07-28,2025-08-27,
M000280,Maharashtra,Other,Tier 3+,Referral,2025-07-31,1,1,0,0,0,0,2025-07-31,2025-08-06,,,
M000281,Rajasthan,Other,Tier 3+,Organic QR,2025-10-09,1,1,1,1,1,0,2025-10-10,2025-10-09,2025-10-18,2025-11-01,
M000282,Maharashtra,Other,Tier 1,Organic QR,2025-12-25,1,1,1,1,1,0,2025-12-26,2025-12-31,2025-12-29,2026-01-18,
M000283,Karnataka,Food & Beverage,Tier 3+,Online,2026-03-02,1,1,1,1,0,0,2026-03-02,2026-03-09,2026-03-05,2026-03-29,
M000284,Maharashtra,Kirana/Grocery,Tier 3+,Field sales,2025-12-27,1,1,1,1,1,0,2025-12-30,2025-12-31,2025-12-31,2026-01-24,
M000285,Karnataka,Food & Beverage,Tier 1,Referral,2025-12-09,1,0,0,0,0,0,2025-12-10,,,,
M000286,Rajasthan,Kirana/Grocery,Tier 1,Field sales,2026-06-08,1,1,0,0,0,0,2026-06-11,2026-06-11,,,
M000287,Rajasthan,Fashion/Retail,Tier 3+,Partner,2025-08-28,1,1,1,0,0,0,2025-08-29,2025-09-03,2025-09-03,,
M000288,Uttar Pradesh,Services,Tier 1,Organic QR,2026-01-25,1,1,0,0,0,0,2026-01-27,2026-01-25,,,
M000289,Maharashtra,Food & Beverage,Tier 3+,Field sales,2026-01-14,1,1,0,0,0,0,2026-01-16,2026-01-14,,,
M000290,Uttar Pradesh,Kirana/Grocery,Tier 2,Organic QR,2025-12-20,1,1,0,0,0,0,2025-12-22,2025-12-20,,,
M000291,Telangana,Food & Beverage,Tier 3+,Online,2026-04-21,1,1,0,0,0,0,2026-04-23,2026-04-26,,,
M000292,Bihar,Fashion/Retail,Tier 1,Organic QR,2025-10-06,1,1,1,1,1,0,2025-10-09,2025-10-06,2025-10-10,2025-11-02,
M000293,Uttar Pradesh,Pharmacy,Tier 3+,Field sales,2026-06-14,1,1,1,0,0,0,2026-06-14,2026-06-14,2026-06-22,,
M000294,Uttar Pradesh,Kirana/Grocery,Tier 2,Field sales,2025-10-30,1,1,1,1,1,0,2025-11-01,2025-11-03,2025-11-04,2025-11-24,
M000295,Uttar Pradesh,Kirana/Grocery,Tier 3+,Partner,2026-01-15,1,1,1,1,1,0,2026-01-18,2026-01-19,2026-01-24,2026-02-11,
M000296,West Bengal,Food & Beverage,Tier 1,Partner,2026-01-07,1,1,1,1,0,1,2026-01-10,2026-01-09,2026-01-14,2026-02-07,2026-03-23
M000297,Bihar,Kirana/Grocery,Tier 1,Organic QR,2026-05-07,1,1,0,0,0,0,2026-05-08,2026-05-13,,,
M000298,Uttar Pradesh,Other,Tier 1,Field sales,2025-12-08,1,1,0,0,0,0,2025-12-09,2025-12-11,,,
M000299,Uttar Pradesh,Services,Tier 1,Partner,2025-10-12,1,1,0,0,0,0,2025-10-15,2025-10-16,,,
M000300,Maharashtra,Kirana/Grocery,Tier 3+,Field sales,2025-07-08,1,1,1,1,1,1,2025-07-10,2025-07-13,2025-07-16,2025-08-08,2025-09-06
M000301,West Bengal,Fashion/Retail,Tier 1,Field sales,2025-11-10,1,0,0,0,0,0,2025-11-10,,,,
M000302,Telangana,Food & Beverage,Tier 1,Organic QR,2026-04-28,1,1,0,0,0,0,2026-05-01,2026-05-03,,,
M000303,Karnataka,Kirana/Grocery,Tier 3+,Organic QR,2025-07-04,1,1,0,0,0,0,2025-07-07,2025-07-07,,,
M000304,West Bengal,Services,Tier 1,Online,2026-05-24,1,0,0,0,0,0,2026-05-26,,,,
M000305,Bihar,Kirana/Grocery,Tier 1,Organic QR,2026-01-15,1,1,1,0,0,0,2026-01-17,2026-01-19,2026-01-19,,
M000306,Maharashtra,Food & Beverage,Tier 2,Field sales,2025-08-21,1,1,1,0,0,0,2025-08-23,2025-08-22,2025-08-28,,
M000307,Maharashtra,Fashion/Retail,Tier 2,Referral,2025-10-19,1,1,1,0,0,0,2025-10-20,2025-10-24,2025-10-28,,
M000308,Maharashtra,Other,Tier 3+,Field sales,2026-01-19,1,1,1,1,0,0,2026-01-21,2026-01-25,2026-01-26,2026-02-22,
M000309,Rajasthan,Food & Beverage,Tier 2,Online,2025-10-24,1,0,0,0,0,0,2025-10-24,,,,
M000310,Maharashtra,Services,Tier 1,Field sales,2025-08-09,1,0,0,0,0,0,2025-08-10,,,,
M000311,West Bengal,Kirana/Grocery,Tier 2,Online,2026-03-01,1,1,1,1,1,0,2026-03-04,2026-03-06,2026-03-07,2026-04-02,
M000312,West Bengal,Services,Tier 3+,Online,2026-03-03,1,0,0,0,0,0,2026-03-06,,,,
M000313,Uttar Pradesh,Kirana/Grocery,Tier 2,Online,2025-08-13,0,0,0,0,0,0,,,,,
M000314,Rajasthan,Services,Tier 3+,Field sales,2025-10-11,0,0,0,0,0,0,,,,,
M000315,Karnataka,Kirana/Grocery,Tier 2,Referral,2025-09-28,0,0,0,0,0,0,,,,,
M000316,Maharashtra,Other,Tier 2,Partner,2026-02-26,1,1,1,0,0,0,2026-02-26,2026-02-27,2026-03-05,,
M000317,Bihar,Fashion/Retail,Tier 3+,Field sales,2026-03-24,1,0,0,0,0,0,2026-03-24,,,,
M000318,Maharashtra,Food & Beverage,Tier 1,Organic QR,2026-03-23,0,0,0,0,0,0,,,,,
M000319,Maharashtra,Fashion/Retail,Tier 2,Partner,2026-06-08,1,1,1,1,1,0,2026-06-08,2026-06-15,2026-06-14,2026-06-30,
M000320,Telangana,Kirana/Grocery,Tier 1,Online,2026-04-07,1,1,1,1,1,0,2026-04-10,2026-04-12,2026-04-10,2026-04-30,
M000321,Maharashtra,Pharmacy,Tier 3+,Referral,2025-10-26,0,0,0,0,0,0,,,,,
M000322,Uttar Pradesh,Kirana/Grocery,Tier 2,Organic QR,2025-08-09,1,1,1,1,0,1,2025-08-12,2025-08-16,2025-08-17,2025-09-05,2025-09-27
M000323,Bihar,Kirana/Grocery,Tier 2,Partner,2026-02-10,1,1,1,1,1,0,2026-02-12,2026-02-15,2026-02-16,2026-03-15,
M000324,Madhya Pradesh,Pharmacy,Tier 1,Field sales,2026-05-31,0,0,0,0,0,0,,,,,
M000325,Rajasthan,Food & Beverage,Tier 3+,Organic QR,2026-06-21,0,0,0,0,0,0,,,,,
M000326,Madhya Pradesh,Services,Tier 1,Referral,2025-09-23,1,1,1,0,0,0,2025-09-25,2025-09-28,2025-09-26,,
M000327,Uttar Pradesh,Services,Tier 1,Partner,2025-09-25,1,1,0,0,0,0,2025-09-27,2025-10-01,,,
M000328,Madhya Pradesh,Kirana/Grocery,Tier 1,Referral,2025-07-14,1,0,0,0,0,0,2025-07-17,,,,
M000329,Uttar Pradesh,Kirana/Grocery,Tier 2,Organic QR,2025-08-21,1,0,0,0,0,0,2025-08-24,,,,
M000330,Karnataka,Services,Tier 1,Organic QR,2026-01-19,1,0,0,0,0,0,2026-01-22,,,,
M000331,West Bengal,Services,Tier 3+,Partner,2026-01-16,1,1,1,1,1,1,2026-01-17,2026-01-22,2026-01-25,2026-02-12,2026-04-09
M000332,Karnataka,Kirana/Grocery,Tier 2,Field sales,2025-11-13,1,1,1,1,1,0,2025-11-14,2025-11-16,2025-11-18,2025-12-05,
M000333,Maharashtra,Food & Beverage,Tier 1,Online,2025-10-22,1,1,0,0,0,0,2025-10-22,2025-10-27,,,
M000334,Karnataka,Services,Tier 2,Online,2026-04-29,0,0,0,0,0,0,,,,,
M000335,Telangana,Services,Tier 1,Online,2025-12-15,0,0,0,0,0,0,,,,,
M000336,Telangana,Fashion/Retail,Tier 1,Online,2026-04-22,1,1,1,1,1,1,2026-04-25,2026-04-29,2026-05-01,2026-05-26,2026-07-07
M000337,Uttar Pradesh,Food & Beverage,Tier 2,Organic QR,2026-06-17,1,0,0,0,0,0,2026-06-18,,,,
M000338,West Bengal,Services,Tier 1,Organic QR,2025-10-24,1,0,0,0,0,0,2025-10-24,,,,
M000339,Karnataka,Services,Tier 3+,Referral,2025-09-12,1,1,1,1,1,1,2025-09-15,2025-09-18,2025-09-20,2025-10-11,2025-10-21
M000340,Uttar Pradesh,Food & Beverage,Tier 2,Field sales,2026-06-13,1,0,0,0,0,0,2026-06-16,,,,
M000341,Telangana,Kirana/Grocery,Tier 1,Referral,2026-02-17,1,0,0,0,0,0,2026-02-20,,,,
M000342,Madhya Pradesh,Kirana/Grocery,Tier 3+,Field sales,2025-10-15,1,1,0,0,0,0,2025-10-17,2025-10-15,,,
M000343,Maharashtra,Fashion/Retail,Tier 2,Online,2026-02-12,1,1,0,0,0,0,2026-02-15,2026-02-19,,,
M000344,Maharashtra,Kirana/Grocery,Tier 1,Organic QR,2026-01-04,0,0,0,0,0,0,,,,,
M000345,Uttar Pradesh,Services,Tier 2,Referral,2026-05-27,0,0,0,0,0,0,,,,,
M000346,Rajasthan,Services,Tier 3+,Organic QR,2025-10-02,1,1,1,1,1,0,2025-10-05,2025-10-06,2025-10-09,2025-11-05,
M000347,Madhya Pradesh,Food & Beverage,Tier 2,Partner,2026-06-27,0,0,0,0,0,0,,,,,
M000348,Rajasthan,Fashion/Retail,Tier 2,Online,2026-06-07,1,1,1,1,0,0,2026-06-09,2026-06-08,2026-06-13,2026-07-02,
M000349,Bihar,Pharmacy,Tier 2,Organic QR,2025-09-04,0,0,0,0,0,0,,,,,
M000350,Uttar Pradesh,Kirana/Grocery,Tier 1,Field sales,2025-08-30,0,0,0,0,0,0,,,,,
M000351,Maharashtra,Fashion/Retail,Tier 1,Field sales,2026-01-11,1,1,1,0,0,0,2026-01-13,2026-01-16,2026-01-21,,
M000352,Maharashtra,Services,Tier 2,Organic QR,2025-07-17,1,0,0,0,0,0,2025-07-18,,,,
M000353,Maharashtra,Food & Beverage,Tier 3+,Partner,2025-10-18,1,1,1,1,0,0,2025-10-20,2025-10-25,2025-10-21,2025-11-20,
M000354,Telangana,Pharmacy,Tier 3+,Partner,2025-12-06,1,1,1,1,1,0,2025-12-09,2025-12-12,2025-12-10,2025-12-26,
M000355,Uttar Pradesh,Pharmacy,Tier 1,Field sales,2026-06-19,1,1,0,0,0,0,2026-06-22,2026-06-20,,,
M000356,Telangana,Food & Beverage,Tier 2,Field sales,2026-06-28,1,0,0,0,0,0,2026-07-01,,,,
M000357,Uttar Pradesh,Other,Tier 1,Online,2025-08-25,1,0,0,0,0,0,2025-08-26,,,,
M000358,Uttar Pradesh,Services,Tier 1,Partner,2026-05-22,1,0,0,0,0,0,2026-05-25,,,,
M000359,Rajasthan,Services,Tier 2,Field sales,2025-08-03,1,1,1,0,0,0,2025-08-04,2025-08-08,2025-08-09,,
M000360,Rajasthan,Kirana/Grocery,Tier 1,Field sales,2026-03-31,1,1,0,0,0,0,2026-03-31,2026-04-01,,,
M000361,Telangana,Kirana/Grocery,Tier 3+,Field sales,2026-05-05,1,1,1,0,0,0,2026-05-08,2026-05-10,2026-05-08,,
M000362,Telangana,Food & Beverage,Tier 2,Referral,2026-05-22,1,1,1,1,0,0,2026-05-23,2026-05-25,2026-05-26,2026-06-22,
M000363,Rajasthan,Services,Tier 2,Partner,2025-09-20,0,0,0,0,0,0,,,,,
M000364,Rajasthan,Services,Tier 3+,Partner,2026-05-23,0,0,0,0,0,0,,,,,
M000365,Telangana,Pharmacy,Tier 2,Partner,2025-08-12,1,1,0,0,0,0,2025-08-15,2025-08-19,,,
M000366,Telangana,Kirana/Grocery,Tier 3+,Online,2026-01-06,1,1,0,0,0,0,2026-01-08,2026-01-06,,,
M000367,Bihar,Pharmacy,Tier 3+,Field sales,2025-12-19,0,0,0,0,0,0,,,,,
M000368,Rajasthan,Fashion/Retail,Tier 2,Field sales,2025-10-24,0,0,0,0,0,0,,,,,
M000369,Maharashtra,Pharmacy,Tier 1,Organic QR,2025-07-09,1,1,1,1,1,1,2025-07-11,2025-07-12,2025-07-12,2025-08-13,2025-10-01
M000370,Uttar Pradesh,Fashion/Retail,Tier 1,Online,2026-04-08,0,0,0,0,0,0,,,,,
M000371,West Bengal,Fashion/Retail,Tier 3+,Organic QR,2025-10-31,1,1,1,1,1,0,2025-11-02,2025-11-06,2025-11-10,2025-12-04,
M000372,Maharashtra,Kirana/Grocery,Tier 1,Organic QR,2026-02-27,1,1,1,1,1,1,2026-02-28,2026-03-03,2026-03-02,2026-03-26,2026-05-19
M000373,Madhya Pradesh,Pharmacy,Tier 3+,Referral,2025-11-27,1,0,0,0,0,0,2025-11-30,,,,
M000374,Maharashtra,Other,Tier 2,Field sales,2025-11-14,1,1,1,1,1,1,2025-11-14,2025-11-17,2025-11-17,2025-12-19,2025-12-06
M000375,Uttar Pradesh,Services,Tier 3+,Organic QR,2026-05-20,0,0,0,0,0,0,,,,,
M000376,Uttar Pradesh,Kirana/Grocery,Tier 2,Partner,2025-08-04,1,1,1,1,1,0,2025-08-04,2025-08-09,2025-08-13,2025-09-08,
M000377,Maharashtra,Other,Tier 3+,Online,2026-03-26,1,1,1,0,0,0,2026-03-28,2026-03-28,2026-03-29,,
M000378,West Bengal,Kirana/Grocery,Tier 1,Field sales,2026-03-30,1,1,0,0,0,0,2026-04-02,2026-04-01,,,
M000379,Uttar Pradesh,Food & Beverage,Tier 2,Organic QR,2025-11-16,0,0,0,0,0,0,,,,,
M000380,West Bengal,Kirana/Grocery,Tier 3+,Online,2025-10-04,1,1,1,0,0,0,2025-10-07,2025-10-06,2025-10-09,,
M000381,Karnataka,Food & Beverage,Tier 1,Partner,2025-07-02,1,1,0,0,0,0,2025-07-04,2025-07-05,,,
M000382,Madhya Pradesh,Food & Beverage,Tier 1,Partner,2026-06-07,0,0,0,0,0,0,,,,,
M000383,West Bengal,Services,Tier 3+,Field sales,2026-06-11,1,1,1,1,1,0,2026-06-11,2026-06-12,2026-06-18,2026-07-03,
M000384,Uttar Pradesh,Other,Tier 3+,Field sales,2025-09-26,0,0,0,0,0,0,,,,,
M000385,Karnataka,Food & Beverage,Tier 1,Field sales,2025-07-12,0,0,0,0,0,0,,,,,
M000386,Bihar,Services,Tier 2,Field sales,2025-08-14,1,1,0,0,0,0,2025-08-14,2025-08-19,,,
M000387,Uttar Pradesh,Fashion/Retail,Tier 1,Referral,2025-07-25,0,0,0,0,0,0,,,,,
M000388,West Bengal,Fashion/Retail,Tier 1,Partner,2026-04-30,1,0,0,0,0,0,2026-05-01,,,,
M000389,Uttar Pradesh,Kirana/Grocery,Tier 2,Referral,2026-05-22,0,0,0,0,0,0,,,,,
M000390,Karnataka,Kirana/Grocery,Tier 1,Field sales,2025-08-25,1,0,0,0,0,0,2025-08-27,,,,
M000391,Maharashtra,Services,Tier 2,Field sales,2026-03-30,1,1,1,1,1,1,2026-03-30,2026-04-01,2026-04-02,2026-04-26,2026-05-30
M000392,Bihar,Fashion/Retail,Tier 1,Referral,2025-09-04,1,1,1,1,0,1,2025-09-05,2025-09-07,2025-09-08,2025-10-08,2025-11-20
M000393,West Bengal,Services,Tier 3+,Field sales,2025-11-12,1,1,1,1,1,1,2025-11-13,2025-11-13,2025-11-22,2025-12-15,2025-12-02
M000394,Maharashtra,Kirana/Grocery,Tier 2,Field sales,2026-02-04,0,0,0,0,0,0,,,,,
M000395,Bihar,Pharmacy,Tier 1,Organic QR,2026-03-20,1,1,1,1,0,1,2026-03-20,2026-03-27,2026-03-29,2026-04-17,2026-04-01
M000396,West Bengal,Services,Tier 3+,Field sales,2026-05-16,1,1,0,0,0,0,2026-05-18,2026-05-17,,,
M000397,Maharashtra,Services,Tier 3+,Field sales,2025-07-17,0,0,0,0,0,0,,,,,
M000398,Maharashtra,Fashion/Retail,Tier 1,Field sales,2025-09-10,1,0,0,0,0,0,2025-09-10,,,,
M000399,Bihar,Fashion/Retail,Tier 3+,Online,2025-10-11,1,1,0,0,0,0,2025-10-11,2025-10-15,,,
M000400,Rajasthan,Services,Tier 1,Field sales,2025-10-22,0,0,0,0,0,0,,,,,
M000401,Maharashtra,Services,Tier 1,Organic QR,2026-06-30,1,1,0,0,0,0,2026-07-01,2026-07-07,,,
M000402,Madhya Pradesh,Services,Tier 2,Organic QR,2026-04-10,1,1,0,0,0,0,2026-04-11,2026-04-15,,,
M000403,Uttar Pradesh,Services,Tier 1,Organic QR,2025-10-25,1,1,1,1,0,0,2025-10-25,2025-11-01,2025-11-02,2025-11-17,
M000404,West Bengal,Food & Beverage,Tier 2,Organic QR,2026-06-20,1,1,1,0,0,0,2026-06-20,2026-06-21,2026-06-24,,
M000405,Madhya Pradesh,Pharmacy,Tier 2,Field sales,2025-12-30,1,1,1,1,0,0,2025-12-30,2026-01-02,2026-01-09,2026-01-23,
M000406,Madhya Pradesh,Services,Tier 3+,Field sales,2025-12-30,1,1,1,1,1,0,2026-01-02,2026-01-06,2026-01-05,2026-01-20,
M000407,Uttar Pradesh,Food & Beverage,Tier 1,Organic QR,2025-12-06,1,0,0,0,0,0,2025-12-09,,,,
M000408,Karnataka,Kirana/Grocery,Tier 1,Online,2025-08-22,1,1,1,1,1,0,2025-08-24,2025-08-22,2025-08-28,2025-09-20,
M000409,Uttar Pradesh,Pharmacy,Tier 2,Organic QR,2026-06-07,1,0,0,0,0,0,2026-06-08,,,,
M000410,Maharashtra,Services,Tier 1,Organic QR,2025-07-06,0,0,0,0,0,0,,,,,
M000411,Rajasthan,Food & Beverage,Tier 3+,Online,2025-09-02,1,1,1,1,0,0,2025-09-04,2025-09-09,2025-09-11,2025-09-22,
M000412,Maharashtra,Food & Beverage,Tier 3+,Referral,2025-09-22,1,1,1,1,1,1,2025-09-25,2025-09-22,2025-09-30,2025-10-19,2025-12-02
M000413,Uttar Pradesh,Kirana/Grocery,Tier 3+,Referral,2025-10-10,0,0,0,0,0,0,,,,,
M000414,Maharashtra,Other,Tier 3+,Organic QR,2025-08-18,1,1,0,0,0,0,2025-08-21,2025-08-23,,,
M000415,Karnataka,Fashion/Retail,Tier 1,Online,2025-07-07,0,0,0,0,0,0,,,,,
M000416,Karnataka,Services,Tier 1,Organic QR,2026-03-05,0,0,0,0,0,0,,,,,
M000417,Rajasthan,Food & Beverage,Tier 2,Partner,2026-06-19,1,1,0,0,0,0,2026-06-21,2026-06-25,,,
M000418,Madhya Pradesh,Pharmacy,Tier 3+,Referral,2025-08-14,1,1,0,0,0,0,2025-08-14,2025-08-15,,,
M000419,Maharashtra,Services,Tier 2,Organic QR,2025-10-17,1,1,0,0,0,0,2025-10-18,2025-10-23,,,
M000420,Madhya Pradesh,Other,Tier 1,Online,2026-01-01,1,1,0,0,0,0,2026-01-04,2026-01-05,,,
M000421,Madhya Pradesh,Kirana/Grocery,Tier 2,Online,2026-06-04,1,0,0,0,0,0,2026-06-07,,,,
M000422,Telangana,Kirana/Grocery,Tier 1,Organic QR,2026-03-11,1,1,1,1,1,0,2026-03-11,2026-03-16,2026-03-14,2026-04-02,
M000423,Rajasthan,Services,Tier 2,Field sales,2026-04-06,1,1,0,0,0,0,2026-04-09,2026-04-06,,,
M000424,Uttar Pradesh,Kirana/Grocery,Tier 1,Referral,2026-01-29,1,0,0,0,0,0,2026-01-30,,,,
M000425,Maharashtra,Services,Tier 2,Field sales,2025-11-30,1,1,1,1,0,1,2025-11-30,2025-11-30,2025-12-07,2025-12-28,2025-12-19
M000426,Uttar Pradesh,Fashion/Retail,Tier 2,Organic QR,2025-09-11,1,0,0,0,0,0,2025-09-11,,,,
M000427,Maharashtra,Kirana/Grocery,Tier 3+,Field sales,2026-05-12,1,1,1,1,1,0,2026-05-13,2026-05-12,2026-05-22,2026-06-01,
M000428,Madhya Pradesh,Food & Beverage,Tier 3+,Referral,2026-04-20,1,1,1,1,0,0,2026-04-23,2026-04-22,2026-04-28,2026-05-15,
M000429,West Bengal,Pharmacy,Tier 1,Online,2025-07-10,1,1,1,1,1,0,2025-07-12,2025-07-12,2025-07-19,2025-08-04,
M000430,Madhya Pradesh,Fashion/Retail,Tier 3+,Field sales,2026-03-19,1,1,1,1,1,0,2026-03-20,2026-03-24,2026-03-27,2026-04-18,
M000431,Uttar Pradesh,Services,Tier 3+,Partner,2025-07-31,1,1,1,1,1,0,2025-08-02,2025-08-01,2025-08-05,2025-08-30,
M000432,Uttar Pradesh,Kirana/Grocery,Tier 2,Online,2026-03-27,1,1,1,0,0,0,2026-03-28,2026-03-30,2026-03-31,,
M000433,West Bengal,Services,Tier 3+,Field sales,2026-04-28,1,1,1,0,0,0,2026-04-28,2026-05-05,2026-05-04,,
M000434,Karnataka,Food & Beverage,Tier 3+,Field sales,2025-08-17,0,0,0,0,0,0,,,,,
M000435,Maharashtra,Fashion/Retail,Tier 1,Organic QR,2025-12-06,1,1,1,1,0,0,2025-12-07,2025-12-13,2025-12-11,2026-01-05,
M000436,Uttar Pradesh,Services,Tier 2,Referral,2025-08-15,1,1,1,1,0,1,2025-08-15,2025-08-20,2025-08-19,2025-09-11,2025-09-19
M000437,Telangana,Kirana/Grocery,Tier 2,Organic QR,2026-01-24,1,0,0,0,0,0,2026-01-27,,,,
M000438,Telangana,Pharmacy,Tier 2,Field sales,2026-06-04,1,1,1,1,0,0,2026-06-05,2026-06-08,2026-06-12,2026-06-24,
M000439,Maharashtra,Services,Tier 3+,Field sales,2025-07-30,1,1,1,1,0,0,2025-07-30,2025-08-04,2025-08-05,2025-09-02,
M000440,Rajasthan,Kirana/Grocery,Tier 2,Organic QR,2025-11-23,1,0,0,0,0,0,2025-11-24,,,,
M000441,Karnataka,Services,Tier 1,Field sales,2026-06-21,1,1,0,0,0,0,2026-06-22,2026-06-26,,,
M000442,Karnataka,Other,Tier 3+,Partner,2025-10-18,1,0,0,0,0,0,2025-10-20,,,,
M000443,Maharashtra,Pharmacy,Tier 3+,Field sales,2025-08-18,1,1,1,1,1,1,2025-08-18,2025-08-24,2025-08-26,2025-09-19,2025-09-30
M000444,Telangana,Kirana/Grocery,Tier 1,Referral,2025-12-26,0,0,0,0,0,0,,,,,
M000445,Madhya Pradesh,Pharmacy,Tier 3+,Partner,2026-01-02,1,1,1,1,1,1,2026-01-05,2026-01-05,2026-01-07,2026-02-01,2026-03-22
M000446,Telangana,Kirana/Grocery,Tier 2,Online,2026-02-27,0,0,0,0,0,0,,,,,
M000447,Rajasthan,Services,Tier 2,Field sales,2025-10-23,1,1,1,1,1,1,2025-10-23,2025-10-25,2025-10-27,2025-11-20,2025-12-26
M000448,Bihar,Services,Tier 2,Partner,2026-06-14,1,1,0,0,0,0,2026-06-16,2026-06-18,,,
M000449,Telangana,Kirana/Grocery,Tier 3+,Referral,2026-01-07,1,1,1,1,1,1,2026-01-10,2026-01-14,2026-01-12,2026-02-05,2026-02-08
M000450,Madhya Pradesh,Food & Beverage,Tier 1,Organic QR,2025-10-13,1,1,0,0,0,0,2025-10-13,2025-10-18,,,
M000451,Bihar,Other,Tier 2,Field sales,2026-06-16,1,1,0,0,0,0,2026-06-17,2026-06-20,,,
M000452,Uttar Pradesh,Kirana/Grocery,Tier 2,Field sales,2026-06-03,1,1,1,1,0,1,2026-06-05,2026-06-10,2026-06-06,2026-07-06,2026-07-22
M000453,Maharashtra,Fashion/Retail,Tier 3+,Partner,2025-12-30,1,1,0,0,0,0,2025-12-30,2025-12-31,,,
M000454,Maharashtra,Services,Tier 1,Organic QR,2025-07-10,1,1,1,1,1,0,2025-07-12,2025-07-16,2025-07-19,2025-08-03,
M000455,West Bengal,Services,Tier 1,Online,2026-02-03,1,1,1,1,1,1,2026-02-06,2026-02-08,2026-02-11,2026-03-05,2026-03-23
M000456,Madhya Pradesh,Kirana/Grocery,Tier 3+,Referral,2026-01-19,0,0,0,0,0,0,,,,,
M000457,West Bengal,Kirana/Grocery,Tier 3+,Partner,2025-08-24,1,1,1,1,1,0,2025-08-24,2025-08-26,2025-09-02,2025-09-28,
M000458,West Bengal,Kirana/Grocery,Tier 2,Online,2026-02-17,0,0,0,0,0,0,,,,,
M000459,Maharashtra,Services,Tier 2,Partner,2026-05-03,1,1,1,1,1,0,2026-05-06,2026-05-07,2026-05-11,2026-06-07,
M000460,Madhya Pradesh,Other,Tier 2,Field sales,2025-08-08,1,0,0,0,0,0,2025-08-09,,,,
M000461,Uttar Pradesh,Fashion/Retail,Tier 2,Field sales,2026-03-22,1,0,0,0,0,0,2026-03-25,,,,
M000462,Madhya Pradesh,Kirana/Grocery,Tier 2,Referral,2025-08-21,1,1,1,0,0,0,2025-08-22,2025-08-25,2025-08-26,,
M000463,Maharashtra,Kirana/Grocery,Tier 3+,Field sales,2026-03-31,1,1,1,1,0,1,2026-03-31,2026-04-04,2026-04-10,2026-05-02,2026-04-26
M000464,Karnataka,Kirana/Grocery,Tier 1,Online,2025-11-30,1,1,0,0,0,0,2025-12-02,2025-12-07,,,
M000465,Bihar,Other,Tier 3+,Field sales,2025-07-03,0,0,0,0,0,0,,,,,
M000466,Madhya Pradesh,Kirana/Grocery,Tier 1,Field sales,2026-06-18,1,1,0,0,0,0,2026-06-19,2026-06-20,,,
M000467,Rajasthan,Kirana/Grocery,Tier 3+,Referral,2025-08-30,1,1,1,0,0,0,2025-09-01,2025-09-02,2025-09-02,,
M000468,Telangana,Services,Tier 1,Referral,2026-02-03,1,1,1,1,0,0,2026-02-06,2026-02-07,2026-02-11,2026-03-06,
M000469,Telangana,Services,Tier 1,Online,2025-09-05,1,0,0,0,0,0,2025-09-08,,,,
M000470,West Bengal,Kirana/Grocery,Tier 1,Field sales,2026-06-06,1,0,0,0,0,0,2026-06-06,,,,
M000471,Uttar Pradesh,Pharmacy,Tier 1,Organic QR,2026-03-27,1,1,1,1,0,1,2026-03-27,2026-03-27,2026-03-30,2026-04-17,2026-05-12
M000472,Uttar Pradesh,Kirana/Grocery,Tier 2,Partner,2026-04-20,1,1,1,1,0,0,2026-04-21,2026-04-20,2026-04-28,2026-05-17,
M000473,Uttar Pradesh,Kirana/Grocery,Tier 2,Online,2025-12-05,1,1,0,0,0,0,2025-12-05,2025-12-08,,,
M000474,Uttar Pradesh,Kirana/Grocery,Tier 3+,Field sales,2025-12-18,1,1,1,1,1,1,2025-12-21,2025-12-24,2025-12-28,2026-01-20,2026-02-17
M000475,Uttar Pradesh,Food & Beverage,Tier 2,Partner,2026-02-17,1,1,1,1,1,1,2026-02-19,2026-02-19,2026-02-24,2026-03-12,2026-03-09
M000476,Uttar Pradesh,Other,Tier 2,Field sales,2026-04-13,1,1,1,1,1,0,2026-04-13,2026-04-17,2026-04-16,2026-05-08,
M000477,Madhya Pradesh,Services,Tier 1,Partner,2026-05-06,1,1,1,0,0,0,2026-05-08,2026-05-12,2026-05-09,,
M000478,West Bengal,Pharmacy,Tier 3+,Field sales,2025-07-07,1,1,0,0,0,0,2025-07-09,2025-07-12,,,
M000479,West Bengal,Food & Beverage,Tier 1,Online,2026-02-28,1,1,1,0,0,0,2026-03-03,2026-03-04,2026-03-08,,
M000480,Uttar Pradesh,Pharmacy,Tier 1,Field sales,2025-08-09,1,1,1,1,1,0,2025-08-12,2025-08-13,2025-08-15,2025-09-08,
M000481,Uttar Pradesh,Other,Tier 1,Partner,2025-10-14,0,0,0,0,0,0,,,,,
M000482,Bihar,Food & Beverage,Tier 1,Referral,2026-04-29,1,0,0,0,0,0,2026-05-01,,,,
M000483,Madhya Pradesh,Other,Tier 2,Field sales,2025-09-30,1,1,0,0,0,0,2025-10-02,2025-10-04,,,
M000484,Uttar Pradesh,Services,Tier 1,Field sales,2026-04-17,1,0,0,0,0,0,2026-04-17,,,,
M000485,Bihar,Pharmacy,Tier 1,Organic QR,2025-12-16,1,1,1,1,1,0,2025-12-19,2025-12-23,2025-12-19,2026-01-20,
M000486,Bihar,Kirana/Grocery,Tier 3+,Partner,2025-09-23,0,0,0,0,0,0,,,,,
M000487,Rajasthan,Services,Tier 1,Partner,2025-10-30,1,1,1,1,1,0,2025-11-02,2025-11-02,2025-11-06,2025-11-26,
M000488,Bihar,Services,Tier 2,Organic QR,2026-01-10,1,1,1,1,0,0,2026-01-13,2026-01-10,2026-01-19,2026-02-11,
M000489,Karnataka,Other,Tier 2,Field sales,2026-04-06,1,1,0,0,0,0,2026-04-09,2026-04-13,,,
M000490,Uttar Pradesh,Other,Tier 3+,Online,2026-02-07,0,0,0,0,0,0,,,,,
M000491,Rajasthan,Food & Beverage,Tier 3+,Field sales,2026-06-06,1,1,1,1,0,0,2026-06-09,2026-06-09,2026-06-14,2026-07-02,
M000492,Maharashtra,Other,Tier 1,Organic QR,2026-05-13,1,1,0,0,0,0,2026-05-14,2026-05-20,,,
M000493,Madhya Pradesh,Fashion/Retail,Tier 3+,Online,2026-04-01,1,1,1,1,1,1,2026-04-03,2026-04-06,2026-04-06,2026-05-01,2026-06-20
M000494,Rajasthan,Services,Tier 2,Online,2026-02-06,1,1,1,0,0,0,2026-02-09,2026-02-10,2026-02-16,,
M000495,Maharashtra,Kirana/Grocery,Tier 1,Field sales,2025-10-14,1,1,0,0,0,0,2025-10-14,2025-10-18,,,
M000496,Madhya Pradesh,Kirana/Grocery,Tier 2,Field sales,2025-11-28,1,1,1,1,0,0,2025-11-28,2025-11-30,2025-12-03,2025-12-31,
M000497,Bihar,Kirana/Grocery,Tier 3+,Partner,2025-08-13,1,1,1,1,0,1,2025-08-14,2025-08-18,2025-08-23,2025-09-16,2025-10-17
M000498,Bihar,Kirana/Grocery,Tier 1,Field sales,2025-11-14,1,1,1,1,1,0,2025-11-16,2025-11-16,2025-11-17,2025-12-18,
M000499,Uttar Pradesh,Other,Tier 2,Partner,2026-06-04,1,1,1,0,0,0,2026-06-07,2026-06-11,2026-06-07,,
M000500,Madhya Pradesh,Kirana/Grocery,Tier 1,Organic QR,2025-12-03,1,1,1,1,1,0,2025-12-04,2025-12-07,2025-12-13,2026-01-05,
M000501,Uttar Pradesh,Pharmacy,Tier 2,Field sales,2025-08-11,1,1,1,1,0,0,2025-08-11,2025-08-14,2025-08-15,2025-09-07,
M000502,Uttar Pradesh,Services,Tier 3+,Organic QR,2026-02-23,1,1,1,0,0,0,2026-02-23,2026-02-25,2026-03-01,,
M000503,Maharashtra,Services,Tier 2,Partner,2026-06-17,1,1,1,0,0,0,2026-06-18,2026-06-23,2026-06-25,,
M000504,Rajasthan,Kirana/Grocery,Tier 3+,Referral,2026-05-13,1,1,1,1,0,1,2026-05-13,2026-05-16,2026-05-17,2026-06-03,2026-07-26
M000505,Bihar,Services,Tier 1,Field sales,2025-10-09,1,1,0,0,0,0,2025-10-11,2025-10-12,,,
M000506,Uttar Pradesh,Services,Tier 3+,Field sales,2025-12-13,0,0,0,0,0,0,,,,,
M000507,Uttar Pradesh,Services,Tier 3+,Field sales,2026-01-10,1,1,1,1,0,0,2026-01-13,2026-01-11,2026-01-14,2026-01-30,
M000508,Madhya Pradesh,Kirana/Grocery,Tier 2,Partner,2025-09-29,1,1,1,1,1,0,2025-09-30,2025-10-04,2025-10-03,2025-11-03,
M000509,Bihar,Pharmacy,Tier 1,Referral,2025-10-07,1,1,0,0,0,0,2025-10-08,2025-10-07,,,
M000510,Karnataka,Kirana/Grocery,Tier 2,Online,2025-09-25,1,1,1,1,1,1,2025-09-28,2025-09-28,2025-10-03,2025-10-29,2025-11-16
M000511,West Bengal,Services,Tier 1,Online,2026-06-29,0,0,0,0,0,0,,,,,
M000512,Bihar,Food & Beverage,Tier 2,Organic QR,2026-03-30,1,1,1,1,1,0,2026-03-30,2026-04-05,2026-04-07,2026-04-23,
M000513,West Bengal,Kirana/Grocery,Tier 3+,Online,2026-05-03,0,0,0,0,0,0,,,,,
M000514,West Bengal,Fashion/Retail,Tier 2,Field sales,2026-04-25,1,1,1,1,0,0,2026-04-28,2026-04-28,2026-05-03,2026-05-15,
M000515,West Bengal,Kirana/Grocery,Tier 1,Organic QR,2026-06-16,1,1,1,1,1,0,2026-06-16,2026-06-17,2026-06-20,2026-07-15,
M000516,Bihar,Other,Tier 1,Organic QR,2025-08-08,1,1,1,1,0,0,2025-08-08,2025-08-15,2025-08-18,2025-09-04,
M000517,Rajasthan,Fashion/Retail,Tier 2,Referral,2026-05-18,1,1,1,1,1,0,2026-05-20,2026-05-18,2026-05-24,2026-06-14,
M000518,Maharashtra,Food & Beverage,Tier 2,Referral,2025-07-25,1,1,0,0,0,0,2025-07-25,2025-07-30,,,
M000519,Uttar Pradesh,Food & Beverage,Tier 1,Field sales,2025-12-21,0,0,0,0,0,0,,,,,
M000520,Bihar,Kirana/Grocery,Tier 3+,Online,2026-02-02,1,1,0,0,0,0,2026-02-03,2026-02-02,,,
M000521,Uttar Pradesh,Other,Tier 1,Online,2025-11-08,1,1,1,1,0,0,2025-11-11,2025-11-13,2025-11-13,2025-12-03,
M000522,Madhya Pradesh,Services,Tier 2,Online,2025-08-23,1,1,1,0,0,0,2025-08-25,2025-08-30,2025-08-27,,
M000523,Maharashtra,Kirana/Grocery,Tier 2,Organic QR,2025-09-09,1,1,0,0,0,0,2025-09-09,2025-09-13,,,
M000524,Uttar Pradesh,Services,Tier 1,Online,2026-04-28,1,1,1,1,1,0,2026-04-30,2026-04-28,2026-05-04,2026-05-18,
M000525,Uttar Pradesh,Kirana/Grocery,Tier 2,Referral,2025-10-25,0,0,0,0,0,0,,,,,
M000526,Uttar Pradesh,Services,Tier 2,Partner,2025-10-22,1,1,1,1,1,1,2025-10-22,2025-10-22,2025-10-28,2025-11-16,2025-11-25
M000527,Maharashtra,Services,Tier 2,Organic QR,2026-06-03,1,1,1,1,0,0,2026-06-03,2026-06-04,2026-06-12,2026-06-29,
M000528,Maharashtra,Kirana/Grocery,Tier 3+,Referral,2025-08-22,0,0,0,0,0,0,,,,,
M000529,Madhya Pradesh,Fashion/Retail,Tier 2,Referral,2026-05-31,1,0,0,0,0,0,2026-06-01,,,,
M000530,Uttar Pradesh,Kirana/Grocery,Tier 1,Organic QR,2026-06-02,0,0,0,0,0,0,,,,,
M000531,Maharashtra,Services,Tier 3+,Online,2026-02-04,1,1,0,0,0,0,2026-02-05,2026-02-06,,,
M000532,Maharashtra,Services,Tier 3+,Field sales,2025-08-30,1,1,1,1,1,1,2025-08-31,2025-09-06,2025-09-08,2025-09-29,2025-11-06
M000533,Uttar Pradesh,Other,Tier 1,Partner,2025-08-26,1,1,0,0,0,0,2025-08-28,2025-08-26,,,
M000534,Maharashtra,Services,Tier 3+,Field sales,2025-10-12,1,1,0,0,0,0,2025-10-14,2025-10-16,,,
M000535,Bihar,Other,Tier 3+,Organic QR,2026-01-27,1,1,0,0,0,0,2026-01-27,2026-02-01,,,
M000536,Madhya Pradesh,Food & Beverage,Tier 1,Field sales,2025-08-26,1,1,1,0,0,0,2025-08-27,2025-08-31,2025-09-03,,
M000537,Karnataka,Fashion/Retail,Tier 2,Field sales,2025-12-14,1,1,0,0,0,0,2025-12-15,2025-12-20,,,
M000538,Rajasthan,Kirana/Grocery,Tier 1,Field sales,2025-08-12,1,1,1,1,0,1,2025-08-14,2025-08-17,2025-08-15,2025-09-04,2025-11-03
M000539,Maharashtra,Pharmacy,Tier 2,Field sales,2026-01-14,1,0,0,0,0,0,2026-01-15,,,,
M000540,Telangana,Kirana/Grocery,Tier 3+,Field sales,2025-07-08,1,1,0,0,0,0,2025-07-10,2025-07-08,,,
M000541,West Bengal,Other,Tier 2,Partner,2026-03-16,1,0,0,0,0,0,2026-03-18,,,,
M000542,Uttar Pradesh,Other,Tier 2,Field sales,2025-07-21,1,1,1,1,1,0,2025-07-21,2025-07-28,2025-07-27,2025-08-23,
M000543,West Bengal,Food & Beverage,Tier 1,Field sales,2025-09-10,1,1,0,0,0,0,2025-09-12,2025-09-13,,,
M000544,Karnataka,Services,Tier 2,Field sales,2025-09-02,1,1,0,0,0,0,2025-09-03,2025-09-05,,,
M000545,Telangana,Services,Tier 3+,Field sales,2026-04-30,1,1,1,0,0,0,2026-05-01,2026-05-07,2026-05-04,,
M000546,Uttar Pradesh,Kirana/Grocery,Tier 1,Field sales,2025-07-20,0,0,0,0,0,0,,,,,
M000547,Uttar Pradesh,Pharmacy,Tier 2,Online,2025-12-04,1,1,0,0,0,0,2025-12-04,2025-12-10,,,
M000548,West Bengal,Pharmacy,Tier 2,Organic QR,2026-02-01,1,1,1,0,0,0,2026-02-02,2026-02-01,2026-02-08,,
M000549,Maharashtra,Services,Tier 3+,Organic QR,2026-01-05,1,1,1,1,1,0,2026-01-08,2026-01-07,2026-01-15,2026-02-07,
M000550,Madhya Pradesh,Kirana/Grocery,Tier 3+,Organic QR,2026-03-06,1,0,0,0,0,0,2026-03-06,,,,
M000551,Madhya Pradesh,Other,Tier 2,Field sales,2026-04-20,1,1,0,0,0,0,2026-04-20,2026-04-22,,,
M000552,Uttar Pradesh,Kirana/Grocery,Tier 2,Partner,2025-11-21,1,1,0,0,0,0,2025-11-21,2025-11-28,,,
M000553,Telangana,Services,Tier 2,Online,2026-04-29,1,1,1,1,1,0,2026-05-02,2026-04-29,2026-05-09,2026-05-30,
M000554,Uttar Pradesh,Kirana/Grocery,Tier 2,Field sales,2025-10-25,1,1,0,0,0,0,2025-10-25,2025-10-28,,,
M000555,Karnataka,Kirana/Grocery,Tier 2,Field sales,2026-06-25,1,0,0,0,0,0,2026-06-28,,,,
M000556,Madhya Pradesh,Kirana/Grocery,Tier 2,Partner,2026-01-01,1,1,1,1,1,0,2026-01-01,2026-01-04,2026-01-09,2026-01-27,
M000557,Uttar Pradesh,Food & Beverage,Tier 3+,Field sales,2026-03-26,1,0,0,0,0,0,2026-03-28,,,,
M000558,West Bengal,Services,Tier 1,Field sales,2026-05-16,1,1,1,1,1,0,2026-05-17,2026-05-17,2026-05-20,2026-06-11,
M000559,Rajasthan,Services,Tier 1,Partner,2026-04-16,1,1,1,1,0,1,2026-04-19,2026-04-20,2026-04-26,2026-05-21,2026-05-09
M000560,Uttar Pradesh,Pharmacy,Tier 3+,Partner,2026-05-07,1,1,1,1,1,0,2026-05-08,2026-05-08,2026-05-15,2026-06-08,
M000561,Bihar,Pharmacy,Tier 1,Field sales,2026-01-12,1,1,1,0,0,0,2026-01-13,2026-01-15,2026-01-15,,
M000562,Uttar Pradesh,Kirana/Grocery,Tier 3+,Referral,2025-07-16,1,1,1,1,0,0,2025-07-17,2025-07-22,2025-07-19,2025-08-14,
M000563,West Bengal,Kirana/Grocery,Tier 2,Field sales,2025-12-27,1,1,1,1,0,0,2025-12-28,2026-01-02,2026-01-06,2026-01-26,
M000564,Karnataka,Services,Tier 3+,Field sales,2025-09-05,1,1,1,1,0,0,2025-09-05,2025-09-05,2025-09-08,2025-10-10,
M000565,West Bengal,Services,Tier 2,Partner,2026-05-21,1,0,0,0,0,0,2026-05-21,,,,
M000566,Madhya Pradesh,Services,Tier 3+,Partner,2025-09-25,1,0,0,0,0,0,2025-09-27,,,,
M000567,Madhya Pradesh,Kirana/Grocery,Tier 3+,Partner,2025-09-22,1,1,0,0,0,0,2025-09-24,2025-09-25,,,
M000568,Uttar Pradesh,Fashion/Retail,Tier 2,Partner,2025-09-30,1,1,0,0,0,0,2025-09-30,2025-09-30,,,
M000569,Madhya Pradesh,Kirana/Grocery,Tier 2,Partner,2026-02-20,1,1,1,1,1,0,2026-02-21,2026-02-20,2026-03-01,2026-03-19,
M000570,Telangana,Services,Tier 1,Online,2026-01-25,1,1,1,1,0,0,2026-01-27,2026-01-25,2026-01-28,2026-02-19,
M000571,Bihar,Kirana/Grocery,Tier 1,Organic QR,2026-06-12,1,0,0,0,0,0,2026-06-15,,,,
M000572,Maharashtra,Services,Tier 3+,Organic QR,2025-11-29,1,1,1,1,1,0,2025-11-29,2025-12-05,2025-12-03,2025-12-24,
M000573,Telangana,Food & Beverage,Tier 1,Referral,2025-10-12,1,0,0,0,0,0,2025-10-15,,,,
M000574,Uttar Pradesh,Pharmacy,Tier 3+,Field sales,2025-07-18,1,1,1,1,1,0,2025-07-19,2025-07-22,2025-07-21,2025-08-20,
M000575,Telangana,Kirana/Grocery,Tier 2,Referral,2025-07-03,1,1,1,1,1,0,2025-07-05,2025-07-04,2025-07-09,2025-07-30,
M000576,Uttar Pradesh,Services,Tier 1,Field sales,2025-11-14,1,0,0,0,0,0,2025-11-14,,,,
M000577,Madhya Pradesh,Kirana/Grocery,Tier 3+,Organic QR,2026-06-03,1,1,1,1,0,0,2026-06-04,2026-06-06,2026-06-12,2026-06-28,
M000578,Karnataka,Pharmacy,Tier 1,Partner,2026-01-08,1,1,1,1,1,0,2026-01-09,2026-01-13,2026-01-14,2026-02-09,
M000579,Bihar,Kirana/Grocery,Tier 2,Partner,2026-05-23,1,1,1,1,1,1,2026-05-23,2026-05-25,2026-05-28,2026-06-25,2026-07-03
M000580,Maharashtra,Kirana/Grocery,Tier 2,Field sales,2025-08-07,1,1,1,1,1,0,2025-08-10,2025-08-10,2025-08-16,2025-09-06,
M000581,Bihar,Pharmacy,Tier 1,Organic QR,2025-08-04,0,0,0,0,0,0,,,,,
M000582,Madhya Pradesh,Kirana/Grocery,Tier 1,Referral,2026-05-01,1,1,0,0,0,0,2026-05-01,2026-05-02,,,
M000583,Uttar Pradesh,Kirana/Grocery,Tier 2,Online,2025-08-08,1,1,1,1,1,0,2025-08-08,2025-08-09,2025-08-15,2025-09-10,
M000584,Bihar,Fashion/Retail,Tier 1,Organic QR,2025-07-19,1,1,0,0,0,0,2025-07-19,2025-07-20,,,
M000585,West Bengal,Fashion/Retail,Tier 3+,Field sales,2025-11-25,0,0,0,0,0,0,,,,,
M000586,Madhya Pradesh,Fashion/Retail,Tier 2,Field sales,2026-06-03,1,1,0,0,0,0,2026-06-06,2026-06-03,,,
M000587,Uttar Pradesh,Food & Beverage,Tier 1,Organic QR,2026-03-09,1,0,0,0,0,0,2026-03-11,,,,
M000588,Uttar Pradesh,Services,Tier 1,Field sales,2025-08-06,1,1,1,1,0,0,2025-08-07,2025-08-12,2025-08-14,2025-09-07,
M000589,Bihar,Fashion/Retail,Tier 1,Online,2026-05-02,1,1,1,1,1,0,2026-05-02,2026-05-08,2026-05-10,2026-06-01,
M000590,Karnataka,Kirana/Grocery,Tier 3+,Organic QR,2026-05-04,1,1,1,1,1,1,2026-05-05,2026-05-08,2026-05-12,2026-06-08,2026-07-28
M000591,Madhya Pradesh,Pharmacy,Tier 2,Organic QR,2026-04-19,1,1,0,0,0,0,2026-04-22,2026-04-20,,,
M000592,Telangana,Kirana/Grocery,Tier 1,Organic QR,2026-05-26,1,1,1,1,0,1,2026-05-27,2026-05-26,2026-05-30,2026-06-21,2026-08-16
M000593,Madhya Pradesh,Other,Tier 2,Field sales,2025-09-26,1,1,1,1,1,0,2025-09-29,2025-10-03,2025-10-06,2025-10-31,
M000594,Maharashtra,Services,Tier 2,Organic QR,2026-06-23,0,0,0,0,0,0,,,,,
M000595,Maharashtra,Services,Tier 2,Organic QR,2025-10-26,0,0,0,0,0,0,,,,,
M000596,West Bengal,Food & Beverage,Tier 1,Field sales,2026-04-19,1,1,1,0,0,0,2026-04-19,2026-04-22,2026-04-27,,
M000597,Madhya Pradesh,Kirana/Grocery,Tier 1,Partner,2026-01-28,1,0,0,0,0,0,2026-01-29,,,,
M000598,West Bengal,Food & Beverage,Tier 2,Organic QR,2026-04-11,0,0,0,0,0,0,,,,,
M000599,West Bengal,Pharmacy,Tier 2,Organic QR,2026-02-15,1,1,1,0,0,0,2026-02-15,2026-02-19,2026-02-20,,
M000600,Uttar Pradesh,Services,Tier 2,Online,2026-02-20,0,0,0,0,0,0,,,,,
M000601,Karnataka,Services,Tier 1,Field sales,2026-02-10,1,1,1,1,1,1,2026-02-12,2026-02-14,2026-02-18,2026-03-07,2026-04-30
M000602,Maharashtra,Kirana/Grocery,Tier 1,Organic QR,2026-04-11,1,0,0,0,0,0,2026-04-11,,,,
M000603,Uttar Pradesh,Pharmacy,Tier 2,Online,2026-03-27,1,1,0,0,0,0,2026-03-28,2026-04-01,,,
M000604,Karnataka,Food & Beverage,Tier 1,Field sales,2025-08-19,1,1,1,1,1,0,2025-08-19,2025-08-22,2025-08-22,2025-09-22,
M000605,West Bengal,Kirana/Grocery,Tier 2,Organic QR,2026-04-28,1,1,1,1,1,1,2026-04-30,2026-05-02,2026-05-07,2026-05-29,2026-05-16
M000606,Maharashtra,Other,Tier 2,Referral,2026-01-12,1,1,0,0,0,0,2026-01-12,2026-01-18,,,
M000607,Maharashtra,Services,Tier 1,Organic QR,2025-10-26,1,0,0,0,0,0,2025-10-29,,,,
M000608,Karnataka,Services,Tier 2,Online,2026-01-04,1,1,0,0,0,0,2026-01-05,2026-01-11,,,
M000609,Karnataka,Other,Tier 1,Organic QR,2026-06-18,1,0,0,0,0,0,2026-06-20,,,,
M000610,Karnataka,Food & Beverage,Tier 2,Organic QR,2026-05-10,1,1,1,1,1,0,2026-05-10,2026-05-15,2026-05-16,2026-06-11,
M000611,Rajasthan,Other,Tier 1,Field sales,2026-05-01,1,1,0,0,0,0,2026-05-03,2026-05-02,,,
M000612,Telangana,Pharmacy,Tier 2,Field sales,2025-12-16,1,1,1,1,1,0,2025-12-16,2025-12-17,2025-12-19,2026-01-20,
M000613,Rajasthan,Services,Tier 2,Organic QR,2026-04-13,1,1,1,1,1,0,2026-04-13,2026-04-16,2026-04-23,2026-05-18,
M000614,West Bengal,Kirana/Grocery,Tier 1,Field sales,2025-11-18,1,0,0,0,0,0,2025-11-21,,,,
M000615,Rajasthan,Kirana/Grocery,Tier 2,Organic QR,2026-03-08,1,1,0,0,0,0,2026-03-08,2026-03-14,,,
M000616,Bihar,Food & Beverage,Tier 3+,Field sales,2026-02-19,1,1,1,1,0,0,2026-02-21,2026-02-26,2026-02-25,2026-03-25,
M000617,Telangana,Kirana/Grocery,Tier 3+,Field sales,2025-09-30,1,1,0,0,0,0,2025-10-03,2025-10-03,,,
M000618,Maharashtra,Kirana/Grocery,Tier 1,Organic QR,2025-10-06,1,1,0,0,0,0,2025-10-06,2025-10-07,,,
M000619,Telangana,Services,Tier 1,Partner,2025-07-23,1,1,1,1,1,0,2025-07-26,2025-07-28,2025-07-31,2025-08-19,
M000620,West Bengal,Pharmacy,Tier 1,Field sales,2025-08-21,1,1,1,1,1,1,2025-08-24,2025-08-26,2025-08-30,2025-09-17,2025-09-10
M000621,Rajasthan,Kirana/Grocery,Tier 3+,Referral,2025-12-06,1,1,1,1,0,1,2025-12-08,2025-12-07,2025-12-09,2025-12-28,2026-03-01
M000622,Karnataka,Pharmacy,Tier 2,Field sales,2025-12-22,1,1,0,0,0,0,2025-12-23,2025-12-29,,,
M000623,Uttar Pradesh,Other,Tier 1,Field sales,2025-08-30,1,1,1,0,0,0,2025-08-30,2025-09-06,2025-09-05,,
M000624,Madhya Pradesh,Pharmacy,Tier 3+,Online,2025-11-30,1,1,0,0,0,0,2025-11-30,2025-12-07,,,
M000625,Rajasthan,Fashion/Retail,Tier 1,Online,2026-02-06,1,1,0,0,0,0,2026-02-08,2026-02-10,,,
M000626,Uttar Pradesh,Pharmacy,Tier 2,Organic QR,2025-09-23,1,1,1,1,1,1,2025-09-23,2025-09-29,2025-10-03,2025-10-19,2025-12-12
M000627,West Bengal,Kirana/Grocery,Tier 2,Organic QR,2025-11-01,1,1,1,0,0,0,2025-11-02,2025-11-01,2025-11-08,,
M000628,Rajasthan,Food & Beverage,Tier 2,Online,2025-11-12,1,0,0,0,0,0,2025-11-14,,,,
M000629,Rajasthan,Other,Tier 3+,Organic QR,2026-01-01,1,1,0,0,0,0,2026-01-03,2026-01-01,,,
M000630,Karnataka,Services,Tier 2,Field sales,2025-11-11,1,1,1,1,1,1,2025-11-11,2025-11-11,2025-11-18,2025-12-13,2025-12-19
M000631,Maharashtra,Fashion/Retail,Tier 2,Field sales,2026-03-26,1,0,0,0,0,0,2026-03-27,,,,
M000632,West Bengal,Other,Tier 2,Field sales,2025-10-28,1,1,1,0,0,0,2025-10-28,2025-11-01,2025-11-07,,
M000633,Rajasthan,Kirana/Grocery,Tier 1,Referral,2025-12-06,1,1,0,0,0,0,2025-12-09,2025-12-09,,,
M000634,Uttar Pradesh,Food & Beverage,Tier 3+,Partner,2025-11-16,0,0,0,0,0,0,,,,,
M000635,Rajasthan,Services,Tier 3+,Field sales,2025-09-05,1,0,0,0,0,0,2025-09-08,,,,
M000636,Maharashtra,Kirana/Grocery,Tier 3+,Field sales,2026-03-08,0,0,0,0,0,0,,,,,
M000637,Madhya Pradesh,Services,Tier 3+,Field sales,2025-09-24,1,1,1,1,1,0,2025-09-27,2025-09-29,2025-09-30,2025-10-23,
M000638,Karnataka,Fashion/Retail,Tier 1,Partner,2025-10-17,1,1,1,1,1,1,2025-10-20,2025-10-18,2025-10-23,2025-11-08,2025-11-20
M000639,Madhya Pradesh,Services,Tier 2,Online,2026-04-16,1,1,1,1,1,1,2026-04-19,2026-04-18,2026-04-22,2026-05-10,2026-05-31
M000640,Uttar Pradesh,Kirana/Grocery,Tier 2,Organic QR,2026-06-12,0,0,0,0,0,0,,,,,
M000641,Karnataka,Pharmacy,Tier 1,Referral,2026-03-02,1,1,0,0,0,0,2026-03-03,2026-03-04,,,
M000642,Maharashtra,Kirana/Grocery,Tier 2,Field sales,2026-05-31,1,1,1,1,1,0,2026-06-03,2026-06-05,2026-06-10,2026-06-28,
M000643,Madhya Pradesh,Other,Tier 2,Organic QR,2026-05-08,1,1,1,1,1,0,2026-05-08,2026-05-10,2026-05-15,2026-06-01,
M000644,Maharashtra,Kirana/Grocery,Tier 1,Organic QR,2025-12-23,0,0,0,0,0,0,,,,,
M000645,Maharashtra,Fashion/Retail,Tier 3+,Field sales,2026-04-08,1,1,1,1,0,1,2026-04-08,2026-04-15,2026-04-16,2026-05-12,2026-04-18
M000646,Bihar,Services,Tier 1,Organic QR,2025-10-28,1,0,0,0,0,0,2025-10-29,,,,
M000647,Telangana,Food & Beverage,Tier 2,Referral,2025-12-16,1,1,1,1,0,1,2025-12-17,2025-12-17,2025-12-26,2026-01-18,2026-03-03
M000648,Uttar Pradesh,Services,Tier 3+,Field sales,2026-01-12,1,1,0,0,0,0,2026-01-15,2026-01-17,,,
M000649,Karnataka,Kirana/Grocery,Tier 2,Organic QR,2026-06-16,0,0,0,0,0,0,,,,,
M000650,Madhya Pradesh,Food & Beverage,Tier 1,Online,2026-05-06,1,1,0,0,0,0,2026-05-09,2026-05-07,,,
M000651,Karnataka,Fashion/Retail,Tier 2,Referral,2025-12-26,1,1,1,1,1,0,2025-12-26,2025-12-29,2025-12-30,2026-01-27,
M000652,Karnataka,Fashion/Retail,Tier 3+,Organic QR,2026-02-24,0,0,0,0,0,0,,,,,
M000653,Telangana,Kirana/Grocery,Tier 3+,Field sales,2025-09-12,1,1,0,0,0,0,2025-09-13,2025-09-16,,,
M000654,Karnataka,Pharmacy,Tier 1,Referral,2026-04-20,1,1,1,0,0,0,2026-04-20,2026-04-26,2026-04-25,,
M000655,Telangana,Fashion/Retail,Tier 1,Field sales,2026-01-18,1,1,1,1,1,0,2026-01-21,2026-01-25,2026-01-25,2026-02-20,
M000656,Maharashtra,Fashion/Retail,Tier 2,Field sales,2026-01-11,1,1,1,1,0,0,2026-01-13,2026-01-13,2026-01-19,2026-02-05,
M000657,Maharashtra,Food & Beverage,Tier 1,Field sales,2026-04-06,1,1,0,0,0,0,2026-04-06,2026-04-12,,,
M000658,Uttar Pradesh,Kirana/Grocery,Tier 3+,Organic QR,2026-02-17,1,1,0,0,0,0,2026-02-20,2026-02-22,,,
M000659,Madhya Pradesh,Other,Tier 2,Partner,2025-07-27,0,0,0,0,0,0,,,,,
M000660,Maharashtra,Food & Beverage,Tier 3+,Referral,2025-10-14,1,1,1,1,0,0,2025-10-15,2025-10-20,2025-10-18,2025-11-05,
M000661,Karnataka,Food & Beverage,Tier 3+,Organic QR,2025-09-03,1,0,0,0,0,0,2025-09-03,,,,
M000662,West Bengal,Pharmacy,Tier 2,Online,2026-03-26,1,1,0,0,0,0,2026-03-28,2026-03-30,,,
M000663,West Bengal,Kirana/Grocery,Tier 3+,Organic QR,2025-07-13,0,0,0,0,0,0,,,,,
M000664,Rajasthan,Fashion/Retail,Tier 2,Partner,2025-09-12,1,1,1,1,1,0,2025-09-12,2025-09-13,2025-09-15,2025-10-05,
M000665,Karnataka,Kirana/Grocery,Tier 1,Field sales,2026-02-04,1,1,1,1,1,0,2026-02-05,2026-02-08,2026-02-10,2026-02-26,
M000666,Uttar Pradesh,Pharmacy,Tier 3+,Field sales,2026-03-11,0,0,0,0,0,0,,,,,
M000667,Karnataka,Other,Tier 2,Organic QR,2025-12-31,1,1,1,0,0,0,2026-01-03,2026-01-03,2026-01-06,,
M000668,Maharashtra,Other,Tier 3+,Partner,2026-05-11,0,0,0,0,0,0,,,,,
M000669,Telangana,Other,Tier 1,Field sales,2026-06-01,1,1,1,1,0,0,2026-06-02,2026-06-04,2026-06-06,2026-06-30,
M000670,Uttar Pradesh,Fashion/Retail,Tier 2,Organic QR,2025-08-18,1,1,1,1,0,1,2025-08-18,2025-08-19,2025-08-28,2025-09-10,2025-11-07
M000671,Telangana,Kirana/Grocery,Tier 3+,Field sales,2026-06-13,1,1,1,0,0,0,2026-06-15,2026-06-16,2026-06-17,,
M000672,Rajasthan,Other,Tier 1,Organic QR,2026-02-10,0,0,0,0,0,0,,,,,
M000673,Karnataka,Other,Tier 2,Field sales,2026-02-18,1,1,1,1,1,0,2026-02-18,2026-02-22,2026-02-27,2026-03-22,
M000674,Telangana,Services,Tier 2,Field sales,2025-08-04,1,0,0,0,0,0,2025-08-07,,,,
M000675,Madhya Pradesh,Food & Beverage,Tier 1,Field sales,2026-02-12,1,1,0,0,0,0,2026-02-14,2026-02-12,,,
M000676,Madhya Pradesh,Kirana/Grocery,Tier 1,Online,2026-03-22,1,1,1,1,0,0,2026-03-23,2026-03-24,2026-04-01,2026-04-23,
M000677,Telangana,Services,Tier 3+,Referral,2026-01-28,0,0,0,0,0,0,,,,,
M000678,Uttar Pradesh,Pharmacy,Tier 1,Field sales,2025-07-31,0,0,0,0,0,0,,,,,
M000679,Karnataka,Food & Beverage,Tier 3+,Field sales,2026-01-07,1,0,0,0,0,0,2026-01-09,,,,
M000680,Maharashtra,Food & Beverage,Tier 3+,Organic QR,2026-06-07,1,1,0,0,0,0,2026-06-07,2026-06-11,,,
M000681,Bihar,Services,Tier 2,Field sales,2026-03-22,1,0,0,0,0,0,2026-03-24,,,,
M000682,Maharashtra,Kirana/Grocery,Tier 2,Referral,2025-08-20,1,1,1,1,1,0,2025-08-23,2025-08-23,2025-08-30,2025-09-21,
M000683,Uttar Pradesh,Other,Tier 1,Organic QR,2026-06-16,0,0,0,0,0,0,,,,,
M000684,Uttar Pradesh,Kirana/Grocery,Tier 3+,Online,2026-06-15,1,1,1,1,1,0,2026-06-18,2026-06-22,2026-06-24,2026-07-09,
M000685,Karnataka,Kirana/Grocery,Tier 1,Field sales,2025-08-31,1,1,0,0,0,0,2025-09-02,2025-09-07,,,
M000686,Maharashtra,Kirana/Grocery,Tier 1,Online,2026-04-19,1,1,1,1,1,0,2026-04-20,2026-04-21,2026-04-23,2026-05-21,
M000687,Telangana,Fashion/Retail,Tier 3+,Referral,2025-11-26,1,1,0,0,0,0,2025-11-28,2025-12-03,,,
M000688,West Bengal,Fashion/Retail,Tier 1,Partner,2026-02-02,1,1,1,1,0,0,2026-02-03,2026-02-06,2026-02-10,2026-02-24,
M000689,Rajasthan,Kirana/Grocery,Tier 1,Online,2025-12-10,0,0,0,0,0,0,,,,,
M000690,Uttar Pradesh,Kirana/Grocery,Tier 3+,Organic QR,2026-04-12,1,1,0,0,0,0,2026-04-14,2026-04-14,,,
M000691,Maharashtra,Food & Beverage,Tier 1,Field sales,2026-06-29,1,1,0,0,0,0,2026-07-02,2026-07-04,,,
M000692,Rajasthan,Kirana/Grocery,Tier 1,Organic QR,2026-04-17,0,0,0,0,0,0,,,,,
M000693,Maharashtra,Pharmacy,Tier 2,Referral,2026-06-05,1,1,1,0,0,0,2026-06-06,2026-06-05,2026-06-11,,
M000694,Uttar Pradesh,Kirana/Grocery,Tier 3+,Online,2026-06-11,0,0,0,0,0,0,,,,,
M000695,Bihar,Services,Tier 3+,Organic QR,2025-08-02,1,1,1,1,0,1,2025-08-05,2025-08-06,2025-08-12,2025-08-22,2025-10-06
M000696,Uttar Pradesh,Food & Beverage,Tier 3+,Partner,2025-10-01,0,0,0,0,0,0,,,,,
M000697,Karnataka,Food & Beverage,Tier 3+,Field sales,2026-03-21,1,1,1,1,0,1,2026-03-21,2026-03-28,2026-03-28,2026-04-20,2026-04-14
M000698,Maharashtra,Food & Beverage,Tier 1,Field sales,2026-02-01,1,1,0,0,0,0,2026-02-03,2026-02-08,,,
M000699,Maharashtra,Kirana/Grocery,Tier 2,Organic QR,2025-07-19,0,0,0,0,0,0,,,,,
M000700,Uttar Pradesh,Kirana/Grocery,Tier 1,Organic QR,2025-08-04,0,0,0,0,0,0,,,,,
M000701,West Bengal,Kirana/Grocery,Tier 3+,Field sales,2026-01-06,0,0,0,0,0,0,,,,,
M000702,Karnataka,Kirana/Grocery,Tier 3+,Referral,2026-02-10,1,0,0,0,0,0,2026-02-13,,,,
M000703,Uttar Pradesh,Other,Tier 1,Organic QR,2025-08-31,1,1,1,1,1,0,2025-09-03,2025-08-31,2025-09-04,2025-10-01,
M000704,Bihar,Kirana/Grocery,Tier 3+,Organic QR,2025-09-01,1,0,0,0,0,0,2025-09-02,,,,
M000705,Maharashtra,Food & Beverage,Tier 2,Field sales,2025-08-17,1,1,1,1,1,0,2025-08-19,2025-08-24,2025-08-20,2025-09-18,
M000706,Maharashtra,Kirana/Grocery,Tier 1,Field sales,2026-01-23,1,1,1,0,0,0,2026-01-26,2026-01-26,2026-01-31,,
M000707,Telangana,Pharmacy,Tier 2,Partner,2025-07-03,1,1,1,1,1,0,2025-07-03,2025-07-09,2025-07-10,2025-08-02,
M000708,Rajasthan,Other,Tier 3+,Online,2026-01-25,1,1,1,0,0,0,2026-01-28,2026-01-29,2026-01-30,,
M000709,Uttar Pradesh,Fashion/Retail,Tier 1,Field sales,2025-12-21,1,1,1,0,0,0,2025-12-22,2025-12-24,2025-12-27,,
M000710,Bihar,Services,Tier 1,Referral,2025-12-18,1,1,0,0,0,0,2025-12-19,2025-12-21,,,
M000711,Madhya Pradesh,Fashion/Retail,Tier 3+,Referral,2026-03-05,0,0,0,0,0,0,,,,,
M000712,Bihar,Food & Beverage,Tier 2,Referral,2026-01-07,1,0,0,0,0,0,2026-01-07,,,,
M000713,West Bengal,Fashion/Retail,Tier 2,Organic QR,2026-03-23,0,0,0,0,0,0,,,,,
M000714,Bihar,Fashion/Retail,Tier 3+,Field sales,2026-04-05,0,0,0,0,0,0,,,,,
M000715,Madhya Pradesh,Kirana/Grocery,Tier 2,Referral,2026-06-01,1,1,1,0,0,0,2026-06-01,2026-06-02,2026-06-10,,
M000716,Madhya Pradesh,Food & Beverage,Tier 1,Organic QR,2026-04-18,1,0,0,0,0,0,2026-04-20,,,,
M000717,Bihar,Kirana/Grocery,Tier 1,Field sales,2026-01-05,0,0,0,0,0,0,,,,,
M000718,Madhya Pradesh,Kirana/Grocery,Tier 3+,Organic QR,2025-12-27,1,0,0,0,0,0,2025-12-30,,,,
M000719,West Bengal,Fashion/Retail,Tier 2,Organic QR,2025-09-25,1,0,0,0,0,0,2025-09-27,,,,
M000720,Uttar Pradesh,Kirana/Grocery,Tier 2,Organic QR,2026-02-04,1,1,1,1,1,0,2026-02-07,2026-02-09,2026-02-07,2026-03-03,
M000721,Rajasthan,Pharmacy,Tier 3+,Online,2025-08-20,1,1,1,1,0,1,2025-08-22,2025-08-23,2025-08-24,2025-09-15,2025-10-13
M000722,Uttar Pradesh,Other,Tier 1,Organic QR,2026-06-05,1,1,0,0,0,0,2026-06-05,2026-06-07,,,
M000723,Madhya Pradesh,Food & Beverage,Tier 3+,Field sales,2026-05-05,1,0,0,0,0,0,2026-05-06,,,,
M000724,Uttar Pradesh,Food & Beverage,Tier 3+,Online,2025-08-13,1,1,1,1,1,0,2025-08-15,2025-08-17,2025-08-16,2025-09-13,
M000725,Madhya Pradesh,Services,Tier 3+,Field sales,2026-04-13,1,1,1,1,0,1,2026-04-13,2026-04-15,2026-04-20,2026-05-18,2026-05-26
M000726,Madhya Pradesh,Fashion/Retail,Tier 1,Field sales,2025-08-12,1,1,1,1,1,0,2025-08-13,2025-08-12,2025-08-18,2025-09-07,
M000727,West Bengal,Kirana/Grocery,Tier 2,Referral,2026-03-21,0,0,0,0,0,0,,,,,
M000728,Karnataka,Kirana/Grocery,Tier 2,Online,2025-08-02,1,1,1,1,1,0,2025-08-03,2025-08-08,2025-08-11,2025-08-29,
M000729,Bihar,Services,Tier 3+,Partner,2025-12-26,1,0,0,0,0,0,2025-12-26,,,,
M000730,Bihar,Other,Tier 3+,Organic QR,2026-02-26,1,0,0,0,0,0,2026-02-27,,,,
M000731,West Bengal,Kirana/Grocery,Tier 2,Organic QR,2026-03-24,0,0,0,0,0,0,,,,,
M000732,West Bengal,Food & Beverage,Tier 2,Referral,2025-11-30,0,0,0,0,0,0,,,,,
M000733,Uttar Pradesh,Other,Tier 1,Online,2026-06-02,1,1,0,0,0,0,2026-06-03,2026-06-08,,,
M000734,Uttar Pradesh,Kirana/Grocery,Tier 2,Field sales,2026-04-09,1,1,0,0,0,0,2026-04-11,2026-04-15,,,
M000735,Maharashtra,Kirana/Grocery,Tier 3+,Online,2025-09-15,0,0,0,0,0,0,,,,,
M000736,West Bengal,Services,Tier 3+,Partner,2026-03-02,1,1,1,1,0,0,2026-03-02,2026-03-09,2026-03-05,2026-03-25,
M000737,Karnataka,Kirana/Grocery,Tier 2,Field sales,2026-03-24,1,1,0,0,0,0,2026-03-27,2026-03-24,,,
M000738,Bihar,Kirana/Grocery,Tier 3+,Field sales,2025-10-30,1,1,1,1,1,0,2025-10-31,2025-11-04,2025-11-05,2025-11-20,
M000739,Madhya Pradesh,Services,Tier 1,Field sales,2026-03-27,0,0,0,0,0,0,,,,,
M000740,Uttar Pradesh,Services,Tier 2,Online,2026-05-24,1,1,0,0,0,0,2026-05-26,2026-05-25,,,
M000741,Karnataka,Services,Tier 2,Organic QR,2026-04-25,1,1,0,0,0,0,2026-04-27,2026-04-29,,,
M000742,Karnataka,Food & Beverage,Tier 2,Partner,2026-04-05,1,1,1,0,0,0,2026-04-05,2026-04-12,2026-04-11,,
M000743,Madhya Pradesh,Services,Tier 3+,Field sales,2026-02-17,1,1,1,1,1,0,2026-02-17,2026-02-20,2026-02-26,2026-03-20,
M000744,Uttar Pradesh,Services,Tier 2,Referral,2025-10-07,1,0,0,0,0,0,2025-10-09,,,,
M000745,Maharashtra,Fashion/Retail,Tier 1,Organic QR,2026-04-17,0,0,0,0,0,0,,,,,
M000746,Bihar,Fashion/Retail,Tier 1,Online,2025-11-10,1,1,1,1,1,0,2025-11-11,2025-11-14,2025-11-20,2025-11-30,
M000747,Karnataka,Services,Tier 2,Organic QR,2026-01-11,1,0,0,0,0,0,2026-01-12,,,,
M000748,Madhya Pradesh,Other,Tier 2,Referral,2025-10-23,1,1,0,0,0,0,2025-10-25,2025-10-30,,,
M000749,Telangana,Fashion/Retail,Tier 2,Partner,2025-10-23,1,1,0,0,0,0,2025-10-26,2025-10-28,,,
M000750,Karnataka,Kirana/Grocery,Tier 2,Organic QR,2025-08-27,0,0,0,0,0,0,,,,,
M000751,Maharashtra,Other,Tier 1,Online,2026-06-16,1,1,0,0,0,0,2026-06-19,2026-06-19,,,
M000752,Uttar Pradesh,Other,Tier 3+,Organic QR,2025-08-23,1,1,1,1,1,1,2025-08-24,2025-08-30,2025-08-27,2025-09-12,2025-10-26
M000753,Uttar Pradesh,Food & Beverage,Tier 2,Online,2025-08-01,1,1,1,1,1,0,2025-08-02,2025-08-02,2025-08-07,2025-08-27,
M000754,Bihar,Kirana/Grocery,Tier 2,Field sales,2026-06-07,1,0,0,0,0,0,2026-06-09,,,,
M000755,Uttar Pradesh,Services,Tier 2,Partner,2026-01-19,1,1,1,1,1,0,2026-01-21,2026-01-22,2026-01-26,2026-02-18,
M000756,Telangana,Food & Beverage,Tier 1,Online,2025-12-07,1,1,0,0,0,0,2025-12-08,2025-12-14,,,
M000757,Karnataka,Pharmacy,Tier 1,Online,2026-03-27,1,1,1,0,0,0,2026-03-28,2026-04-01,2026-04-03,,
M000758,Karnataka,Services,Tier 1,Organic QR,2025-11-17,0,0,0,0,0,0,,,,,
M000759,West Bengal,Kirana/Grocery,Tier 3+,Organic QR,2025-08-16,1,1,1,1,0,0,2025-08-19,2025-08-22,2025-08-20,2025-09-14,
M000760,Maharashtra,Kirana/Grocery,Tier 1,Referral,2026-03-24,1,0,0,0,0,0,2026-03-27,,,,
M000761,West Bengal,Fashion/Retail,Tier 1,Field sales,2025-09-03,1,1,0,0,0,0,2025-09-04,2025-09-05,,,
M000762,Telangana,Kirana/Grocery,Tier 3+,Online,2026-01-18,1,0,0,0,0,0,2026-01-18,,,,
M000763,Maharashtra,Pharmacy,Tier 2,Field sales,2026-06-12,0,0,0,0,0,0,,,,,
M000764,Karnataka,Kirana/Grocery,Tier 2,Field sales,2026-06-07,1,1,0,0,0,0,2026-06-10,2026-06-09,,,
M000765,Maharashtra,Food & Beverage,Tier 2,Referral,2025-11-09,1,0,0,0,0,0,2025-11-09,,,,
M000766,Madhya Pradesh,Services,Tier 1,Organic QR,2026-04-11,1,1,1,1,1,0,2026-04-11,2026-04-14,2026-04-17,2026-05-16,
M000767,Uttar Pradesh,Kirana/Grocery,Tier 1,Field sales,2026-02-09,1,1,0,0,0,0,2026-02-09,2026-02-13,,,
M000768,Telangana,Services,Tier 3+,Field sales,2025-12-22,1,1,1,1,0,0,2025-12-25,2025-12-26,2025-12-30,2026-01-26,
M000769,Rajasthan,Pharmacy,Tier 2,Online,2025-08-21,1,1,1,1,1,1,2025-08-21,2025-08-25,2025-08-24,2025-09-15,2025-09-04
M000770,Rajasthan,Kirana/Grocery,Tier 3+,Organic QR,2025-11-15,1,1,1,1,0,1,2025-11-16,2025-11-16,2025-11-23,2025-12-11,2026-01-06
M000771,West Bengal,Food & Beverage,Tier 3+,Online,2026-02-23,1,1,1,1,0,0,2026-02-25,2026-03-02,2026-03-04,2026-03-20,
M000772,West Bengal,Pharmacy,Tier 1,Field sales,2026-06-26,1,0,0,0,0,0,2026-06-26,,,,
M000773,Bihar,Pharmacy,Tier 2,Organic QR,2025-07-02,1,0,0,0,0,0,2025-07-05,,,,
M000774,Madhya Pradesh,Services,Tier 1,Field sales,2026-03-19,1,1,1,1,0,0,2026-03-22,2026-03-25,2026-03-29,2026-04-17,
M000775,Madhya Pradesh,Fashion/Retail,Tier 2,Organic QR,2026-05-05,1,1,0,0,0,0,2026-05-07,2026-05-09,,,
M000776,Uttar Pradesh,Kirana/Grocery,Tier 3+,Field sales,2026-06-13,0,0,0,0,0,0,,,,,
M000777,Bihar,Kirana/Grocery,Tier 1,Field sales,2025-12-02,0,0,0,0,0,0,,,,,
M000778,Maharashtra,Services,Tier 3+,Organic QR,2025-08-13,1,1,0,0,0,0,2025-08-15,2025-08-14,,,
M000779,Bihar,Pharmacy,Tier 2,Partner,2025-10-07,1,1,1,1,0,0,2025-10-08,2025-10-10,2025-10-15,2025-11-05,
M000780,West Bengal,Fashion/Retail,Tier 2,Organic QR,2026-05-07,0,0,0,0,0,0,,,,,
M000781,Maharashtra,Kirana/Grocery,Tier 1,Organic QR,2026-05-17,1,1,0,0,0,0,2026-05-19,2026-05-19,,,
M000782,Madhya Pradesh,Services,Tier 2,Organic QR,2026-02-18,1,1,1,0,0,0,2026-02-21,2026-02-22,2026-02-23,,
M000783,West Bengal,Services,Tier 2,Organic QR,2025-08-14,1,1,0,0,0,0,2025-08-16,2025-08-17,,,
M000784,Karnataka,Kirana/Grocery,Tier 1,Referral,2025-08-14,1,1,1,1,0,1,2025-08-15,2025-08-21,2025-08-20,2025-09-16,2025-10-27
M000785,Uttar Pradesh,Services,Tier 2,Referral,2025-12-22,1,1,0,0,0,0,2025-12-23,2025-12-26,,,
M000786,West Bengal,Services,Tier 1,Referral,2026-01-31,1,1,1,0,0,0,2026-02-02,2026-01-31,2026-02-09,,
M000787,West Bengal,Kirana/Grocery,Tier 3+,Field sales,2025-07-12,1,1,1,1,0,0,2025-07-15,2025-07-14,2025-07-16,2025-08-06,
M000788,Maharashtra,Food & Beverage,Tier 2,Organic QR,2026-03-08,1,1,1,1,1,0,2026-03-09,2026-03-13,2026-03-16,2026-04-08,
M000789,Telangana,Kirana/Grocery,Tier 2,Referral,2026-01-15,1,1,1,1,0,0,2026-01-17,2026-01-16,2026-01-23,2026-02-05,
M000790,Bihar,Other,Tier 3+,Online,2025-07-05,1,1,1,0,0,0,2025-07-07,2025-07-05,2025-07-08,,
M000791,Karnataka,Kirana/Grocery,Tier 3+,Organic QR,2025-08-04,0,0,0,0,0,0,,,,,
M000792,Telangana,Kirana/Grocery,Tier 3+,Organic QR,2025-12-13,1,1,0,0,0,0,2025-12-14,2025-12-17,,,
M000793,Maharashtra,Kirana/Grocery,Tier 3+,Referral,2026-03-21,1,0,0,0,0,0,2026-03-21,,,,
M000794,Maharashtra,Kirana/Grocery,Tier 1,Online,2026-04-28,1,1,1,0,0,0,2026-04-29,2026-04-30,2026-05-03,,
M000795,Uttar Pradesh,Kirana/Grocery,Tier 2,Organic QR,2025-12-05,1,1,0,0,0,0,2025-12-08,2025-12-05,,,
M000796,Rajasthan,Services,Tier 2,Field sales,2025-10-16,0,0,0,0,0,0,,,,,
M000797,Rajasthan,Kirana/Grocery,Tier 1,Referral,2026-06-19,0,0,0,0,0,0,,,,,
M000798,Bihar,Kirana/Grocery,Tier 3+,Partner,2025-12-15,1,0,0,0,0,0,2025-12-18,,,,
M000799,Uttar Pradesh,Kirana/Grocery,Tier 1,Field sales,2025-10-24,1,1,0,0,0,0,2025-10-25,2025-10-29,,,
M000800,Karnataka,Food & Beverage,Tier 3+,Field sales,2025-12-09,1,0,0,0,0,0,2025-12-11,,,,
M000801,Maharashtra,Kirana/Grocery,Tier 3+,Organic QR,2025-07-05,1,1,1,1,0,0,2025-07-07,2025-07-10,2025-07-10,2025-08-08,
M000802,Karnataka,Services,Tier 2,Partner,2025-10-19,1,1,0,0,0,0,2025-10-22,2025-10-24,,,
M000803,Telangana,Pharmacy,Tier 2,Referral,2026-01-05,1,1,1,1,0,1,2026-01-05,2026-01-05,2026-01-11,2026-01-26,2026-01-17
M000804,Maharashtra,Pharmacy,Tier 3+,Field sales,2026-06-01,1,1,1,0,0,0,2026-06-02,2026-06-07,2026-06-09,,
M000805,Maharashtra,Kirana/Grocery,Tier 3+,Field sales,2026-03-27,1,1,1,1,1,0,2026-03-28,2026-03-27,2026-04-01,2026-04-26,
M000806,Maharashtra,Fashion/Retail,Tier 3+,Partner,2026-04-12,1,1,1,1,0,1,2026-04-14,2026-04-16,2026-04-15,2026-05-04,2026-07-08
M000807,Rajasthan,Pharmacy,Tier 3+,Field sales,2026-01-15,1,1,1,1,1,0,2026-01-18,2026-01-22,2026-01-21,2026-02-19,
M000808,Rajasthan,Kirana/Grocery,Tier 1,Organic QR,2025-08-10,1,1,0,0,0,0,2025-08-11,2025-08-16,,,
M000809,West Bengal,Food & Beverage,Tier 1,Organic QR,2025-11-20,1,1,0,0,0,0,2025-11-22,2025-11-27,,,
M000810,Madhya Pradesh,Pharmacy,Tier 1,Field sales,2026-06-29,1,1,0,0,0,0,2026-07-02,2026-07-03,,,
M000811,Uttar Pradesh,Food & Beverage,Tier 2,Referral,2025-07-17,1,1,1,1,0,0,2025-07-18,2025-07-20,2025-07-27,2025-08-19,
M000812,Maharashtra,Food & Beverage,Tier 2,Field sales,2026-05-17,1,1,1,1,0,0,2026-05-19,2026-05-18,2026-05-27,2026-06-16,
M000813,Uttar Pradesh,Services,Tier 2,Referral,2026-03-07,1,0,0,0,0,0,2026-03-09,,,,
M000814,Maharashtra,Kirana/Grocery,Tier 3+,Partner,2025-10-12,1,1,1,0,0,0,2025-10-15,2025-10-19,2025-10-18,,
M000815,Uttar Pradesh,Other,Tier 1,Organic QR,2026-04-10,1,0,0,0,0,0,2026-04-13,,,,
M000816,Uttar Pradesh,Kirana/Grocery,Tier 3+,Online,2026-05-02,1,1,1,1,1,0,2026-05-03,2026-05-05,2026-05-07,2026-05-28,
M000817,Uttar Pradesh,Kirana/Grocery,Tier 2,Field sales,2025-07-16,1,0,0,0,0,0,2025-07-16,,,,
M000818,Karnataka,Kirana/Grocery,Tier 2,Referral,2025-08-08,1,1,1,1,0,1,2025-08-08,2025-08-12,2025-08-13,2025-08-30,2025-09-25
M000819,Bihar,Food & Beverage,Tier 1,Field sales,2026-02-28,1,1,1,1,0,1,2026-02-28,2026-03-01,2026-03-06,2026-04-04,2026-03-13
M000820,Madhya Pradesh,Fashion/Retail,Tier 3+,Online,2026-06-30,1,1,1,0,0,0,2026-07-01,2026-07-02,2026-07-05,,
M000821,Bihar,Fashion/Retail,Tier 3+,Field sales,2025-07-09,1,1,1,0,0,0,2025-07-10,2025-07-13,2025-07-16,,
M000822,Rajasthan,Other,Tier 1,Organic QR,2026-02-28,0,0,0,0,0,0,,,,,
M000823,Uttar Pradesh,Services,Tier 2,Field sales,2025-08-19,0,0,0,0,0,0,,,,,
M000824,Maharashtra,Food & Beverage,Tier 2,Organic QR,2026-02-23,0,0,0,0,0,0,,,,,
M000825,Bihar,Food & Beverage,Tier 2,Field sales,2026-02-13,0,0,0,0,0,0,,,,,
M000826,Uttar Pradesh,Kirana/Grocery,Tier 2,Field sales,2025-08-03,1,1,1,1,1,1,2025-08-03,2025-08-09,2025-08-10,2025-08-28,2025-09-30
M000827,Karnataka,Other,Tier 2,Field sales,2026-03-06,1,1,0,0,0,0,2026-03-07,2026-03-10,,,
M000828,Telangana,Services,Tier 3+,Field sales,2026-05-24,1,1,1,1,1,0,2026-05-26,2026-05-25,2026-05-29,2026-06-14,
M000829,West Bengal,Food & Beverage,Tier 3+,Partner,2026-05-12,1,1,1,0,0,0,2026-05-12,2026-05-14,2026-05-20,,
M000830,Rajasthan,Services,Tier 1,Organic QR,2025-07-11,0,0,0,0,0,0,,,,,
M000831,Uttar Pradesh,Fashion/Retail,Tier 3+,Field sales,2025-09-28,0,0,0,0,0,0,,,,,
M000832,Rajasthan,Kirana/Grocery,Tier 2,Online,2025-09-26,1,1,1,0,0,0,2025-09-27,2025-09-30,2025-10-06,,
M000833,Uttar Pradesh,Pharmacy,Tier 3+,Partner,2025-12-13,0,0,0,0,0,0,,,,,
M000834,Uttar Pradesh,Pharmacy,Tier 2,Field sales,2025-08-22,1,1,1,1,1,1,2025-08-24,2025-08-25,2025-08-30,2025-09-18,2025-10-26
M000835,Karnataka,Fashion/Retail,Tier 1,Organic QR,2026-05-08,1,1,0,0,0,0,2026-05-08,2026-05-09,,,
M000836,Uttar Pradesh,Kirana/Grocery,Tier 3+,Organic QR,2026-04-10,1,1,0,0,0,0,2026-04-12,2026-04-14,,,
M000837,Bihar,Kirana/Grocery,Tier 1,Organic QR,2026-04-22,0,0,0,0,0,0,,,,,
M000838,Maharashtra,Food & Beverage,Tier 3+,Online,2025-09-11,1,1,1,1,1,0,2025-09-14,2025-09-16,2025-09-14,2025-10-01,
M000839,Madhya Pradesh,Fashion/Retail,Tier 3+,Organic QR,2025-07-06,1,1,1,1,1,0,2025-07-07,2025-07-09,2025-07-12,2025-08-07,
M000840,Karnataka,Other,Tier 2,Online,2026-05-29,1,1,1,0,0,0,2026-05-29,2026-06-05,2026-06-01,,
M000841,Bihar,Services,Tier 2,Partner,2025-10-14,1,0,0,0,0,0,2025-10-15,,,,
M000842,Rajasthan,Kirana/Grocery,Tier 2,Online,2026-02-25,1,1,1,0,0,0,2026-02-27,2026-02-26,2026-03-02,,
M000843,Rajasthan,Kirana/Grocery,Tier 2,Organic QR,2026-05-28,1,1,0,0,0,0,2026-05-29,2026-05-30,,,
M000844,Rajasthan,Services,Tier 1,Partner,2025-07-14,0,0,0,0,0,0,,,,,
M000845,West Bengal,Kirana/Grocery,Tier 3+,Partner,2025-07-02,1,1,1,1,1,1,2025-07-05,2025-07-09,2025-07-10,2025-07-28,2025-07-22
M000846,Uttar Pradesh,Services,Tier 2,Referral,2025-07-02,0,0,0,0,0,0,,,,,
M000847,Bihar,Fashion/Retail,Tier 1,Field sales,2025-08-27,1,1,0,0,0,0,2025-08-27,2025-08-27,,,
M000848,Bihar,Food & Beverage,Tier 1,Field sales,2025-07-19,1,1,1,1,1,0,2025-07-20,2025-07-25,2025-07-29,2025-08-12,
M000849,Karnataka,Food & Beverage,Tier 3+,Field sales,2026-04-26,0,0,0,0,0,0,,,,,
M000850,Karnataka,Kirana/Grocery,Tier 3+,Field sales,2026-02-07,0,0,0,0,0,0,,,,,
M000851,Uttar Pradesh,Kirana/Grocery,Tier 2,Online,2026-06-23,1,0,0,0,0,0,2026-06-26,,,,
M000852,Karnataka,Pharmacy,Tier 1,Partner,2026-04-19,0,0,0,0,0,0,,,,,
M000853,Telangana,Food & Beverage,Tier 3+,Field sales,2026-06-17,1,1,1,1,1,1,2026-06-19,2026-06-18,2026-06-24,2026-07-11,2026-08-04
M000854,Uttar Pradesh,Kirana/Grocery,Tier 2,Organic QR,2025-09-26,1,1,1,1,1,0,2025-09-26,2025-09-27,2025-09-30,2025-10-23,
M000855,Rajasthan,Kirana/Grocery,Tier 3+,Field sales,2025-10-14,1,1,0,0,0,0,2025-10-15,2025-10-15,,,
M000856,Karnataka,Kirana/Grocery,Tier 3+,Referral,2026-05-07,1,1,1,1,1,0,2026-05-07,2026-05-10,2026-05-12,2026-05-28,
M000857,Madhya Pradesh,Services,Tier 3+,Online,2025-09-28,1,1,0,0,0,0,2025-10-01,2025-09-29,,,
M000858,Uttar Pradesh,Services,Tier 1,Field sales,2025-07-21,1,1,1,0,0,0,2025-07-24,2025-07-24,2025-07-28,,
M000859,Bihar,Services,Tier 3+,Organic QR,2026-03-02,1,1,1,1,1,0,2026-03-02,2026-03-03,2026-03-05,2026-03-25,
M000860,Maharashtra,Services,Tier 3+,Online,2026-04-19,1,1,0,0,0,0,2026-04-20,2026-04-26,,,
M000861,Uttar Pradesh,Kirana/Grocery,Tier 2,Partner,2026-06-19,1,1,1,0,0,0,2026-06-20,2026-06-24,2026-06-23,,
M000862,Maharashtra,Services,Tier 3+,Online,2026-06-04,1,1,1,1,0,1,2026-06-07,2026-06-09,2026-06-08,2026-06-29,2026-07-02
M000863,Rajasthan,Kirana/Grocery,Tier 2,Field sales,2025-08-13,1,1,1,0,0,0,2025-08-13,2025-08-13,2025-08-23,,
M000864,Telangana,Other,Tier 3+,Field sales,2026-04-08,1,0,0,0,0,0,2026-04-10,,,,
M000865,West Bengal,Kirana/Grocery,Tier 2,Partner,2026-05-05,1,1,1,0,0,0,2026-05-07,2026-05-10,2026-05-09,,
M000866,Telangana,Food & Beverage,Tier 1,Field sales,2026-03-12,1,1,0,0,0,0,2026-03-15,2026-03-18,,,
M000867,Uttar Pradesh,Kirana/Grocery,Tier 2,Referral,2026-04-26,1,1,0,0,0,0,2026-04-27,2026-04-27,,,
M000868,Karnataka,Fashion/Retail,Tier 1,Referral,2026-05-02,0,0,0,0,0,0,,,,,
M000869,Rajasthan,Kirana/Grocery,Tier 2,Field sales,2025-12-10,0,0,0,0,0,0,,,,,
M000870,Uttar Pradesh,Other,Tier 3+,Organic QR,2025-07-15,1,1,1,1,0,0,2025-07-16,2025-07-22,2025-07-21,2025-08-09,
M000871,Telangana,Kirana/Grocery,Tier 1,Referral,2025-12-14,1,1,1,1,1,0,2025-12-16,2025-12-15,2025-12-20,2026-01-03,
M000872,Karnataka,Fashion/Retail,Tier 3+,Online,2025-09-12,1,1,1,1,1,0,2025-09-14,2025-09-19,2025-09-20,2025-10-06,
M000873,Maharashtra,Services,Tier 1,Field sales,2025-08-11,1,1,1,1,0,1,2025-08-14,2025-08-18,2025-08-18,2025-09-06,2025-11-03
M000874,Maharashtra,Kirana/Grocery,Tier 2,Referral,2025-08-15,1,1,1,1,0,0,2025-08-15,2025-08-17,2025-08-20,2025-09-19,
M000875,West Bengal,Kirana/Grocery,Tier 3+,Field sales,2026-03-12,1,1,1,1,0,1,2026-03-13,2026-03-15,2026-03-19,2026-04-15,2026-04-09
M000876,Uttar Pradesh,Food & Beverage,Tier 2,Online,2026-01-01,1,1,1,1,1,0,2026-01-02,2026-01-02,2026-01-10,2026-02-04,
M000877,Maharashtra,Fashion/Retail,Tier 3+,Partner,2026-01-14,1,1,1,1,1,1,2026-01-16,2026-01-14,2026-01-22,2026-02-05,2026-02-02
M000878,West Bengal,Fashion/Retail,Tier 3+,Field sales,2026-03-29,0,0,0,0,0,0,,,,,
M000879,Maharashtra,Kirana/Grocery,Tier 2,Partner,2026-01-17,1,1,0,0,0,0,2026-01-17,2026-01-20,,,
M000880,Uttar Pradesh,Food & Beverage,Tier 3+,Partner,2026-02-15,1,1,0,0,0,0,2026-02-15,2026-02-18,,,
M000881,Bihar,Kirana/Grocery,Tier 1,Partner,2025-08-01,0,0,0,0,0,0,,,,,
M000882,West Bengal,Kirana/Grocery,Tier 2,Field sales,2026-05-07,1,1,1,0,0,0,2026-05-08,2026-05-08,2026-05-12,,
M000883,Bihar,Services,Tier 1,Partner,2025-12-11,1,1,1,1,1,0,2025-12-11,2025-12-15,2025-12-14,2026-01-11,
M000884,Uttar Pradesh,Food & Beverage,Tier 3+,Referral,2025-08-26,1,1,1,1,1,0,2025-08-27,2025-09-02,2025-09-03,2025-09-15,
M000885,West Bengal,Kirana/Grocery,Tier 2,Field sales,2026-04-23,1,1,1,0,0,0,2026-04-23,2026-04-25,2026-04-30,,
M000886,Maharashtra,Fashion/Retail,Tier 2,Field sales,2026-03-26,1,0,0,0,0,0,2026-03-26,,,,
M000887,West Bengal,Pharmacy,Tier 3+,Online,2025-07-20,1,0,0,0,0,0,2025-07-21,,,,
M000888,Madhya Pradesh,Fashion/Retail,Tier 1,Partner,2025-09-09,1,1,1,1,1,1,2025-09-09,2025-09-15,2025-09-12,2025-09-30,2025-11-01
M000889,West Bengal,Kirana/Grocery,Tier 3+,Organic QR,2025-07-06,1,1,0,0,0,0,2025-07-08,2025-07-09,,,
M000890,Karnataka,Other,Tier 1,Online,2025-10-07,1,1,1,1,0,1,2025-10-09,2025-10-10,2025-10-10,2025-10-27,2025-12-29
M000891,Maharashtra,Services,Tier 2,Field sales,2025-08-06,1,1,1,0,0,0,2025-08-06,2025-08-08,2025-08-10,,
M000892,Rajasthan,Services,Tier 2,Referral,2026-03-17,1,1,0,0,0,0,2026-03-19,2026-03-24,,,
M000893,Uttar Pradesh,Kirana/Grocery,Tier 2,Organic QR,2026-01-07,1,1,1,1,1,1,2026-01-08,2026-01-10,2026-01-15,2026-02-11,2026-02-04
M000894,Uttar Pradesh,Other,Tier 2,Field sales,2026-06-23,1,0,0,0,0,0,2026-06-25,,,,
M000895,West Bengal,Services,Tier 3+,Online,2026-03-31,1,1,0,0,0,0,2026-04-03,2026-04-07,,,
M000896,Rajasthan,Fashion/Retail,Tier 3+,Referral,2026-02-09,1,1,1,1,1,0,2026-02-11,2026-02-16,2026-02-14,2026-03-05,
M000897,Telangana,Services,Tier 1,Field sales,2026-01-02,1,1,1,0,0,0,2026-01-03,2026-01-03,2026-01-07,,
M000898,Uttar Pradesh,Fashion/Retail,Tier 1,Online,2025-07-20,1,0,0,0,0,0,2025-07-21,,,,
M000899,Maharashtra,Pharmacy,Tier 1,Online,2025-07-26,1,1,1,0,0,0,2025-07-27,2025-07-29,2025-08-05,,
M000900,Karnataka,Other,Tier 2,Referral,2026-02-10,1,0,0,0,0,0,2026-02-11,,,,
M000901,Maharashtra,Kirana/Grocery,Tier 1,Field sales,2025-07-02,1,1,1,1,0,0,2025-07-05,2025-07-02,2025-07-09,2025-07-24,
M000902,Madhya Pradesh,Kirana/Grocery,Tier 1,Field sales,2025-07-16,1,1,0,0,0,0,2025-07-18,2025-07-22,,,
M000903,Bihar,Pharmacy,Tier 3+,Referral,2025-09-18,1,1,1,1,1,0,2025-09-20,2025-09-20,2025-09-21,2025-10-09,
M000904,Uttar Pradesh,Services,Tier 3+,Online,2026-05-19,0,0,0,0,0,0,,,,,
M000905,Telangana,Services,Tier 3+,Field sales,2025-12-15,1,1,1,1,1,0,2025-12-16,2025-12-16,2025-12-21,2026-01-04,
M000906,Rajasthan,Pharmacy,Tier 1,Organic QR,2026-03-16,1,1,1,0,0,0,2026-03-18,2026-03-17,2026-03-21,,
M000907,Madhya Pradesh,Services,Tier 2,Field sales,2025-11-28,0,0,0,0,0,0,,,,,
M000908,West Bengal,Fashion/Retail,Tier 1,Organic QR,2025-09-02,1,1,1,1,1,0,2025-09-04,2025-09-08,2025-09-11,2025-09-23,
M000909,Uttar Pradesh,Food & Beverage,Tier 2,Partner,2025-11-13,1,1,1,1,1,0,2025-11-15,2025-11-13,2025-11-20,2025-12-03,
M000910,Madhya Pradesh,Fashion/Retail,Tier 2,Field sales,2025-08-03,1,1,0,0,0,0,2025-08-03,2025-08-07,,,
M000911,Uttar Pradesh,Kirana/Grocery,Tier 3+,Partner,2026-04-08,1,1,1,1,0,0,2026-04-11,2026-04-15,2026-04-11,2026-05-07,
M000912,Uttar Pradesh,Services,Tier 2,Partner,2025-09-05,1,1,1,0,0,0,2025-09-07,2025-09-07,2025-09-10,,
M000913,Madhya Pradesh,Other,Tier 1,Organic QR,2025-11-15,0,0,0,0,0,0,,,,,
M000914,Uttar Pradesh,Kirana/Grocery,Tier 2,Online,2026-06-23,1,0,0,0,0,0,2026-06-24,,,,
M000915,Uttar Pradesh,Food & Beverage,Tier 3+,Field sales,2026-02-02,1,1,1,0,0,0,2026-02-04,2026-02-03,2026-02-09,,
M000916,Telangana,Food & Beverage,Tier 1,Field sales,2025-12-15,1,1,1,0,0,0,2025-12-17,2025-12-19,2025-12-20,,
M000917,Uttar Pradesh,Services,Tier 3+,Organic QR,2026-01-15,0,0,0,0,0,0,,,,,
M000918,Uttar Pradesh,Food & Beverage,Tier 1,Organic QR,2026-04-13,1,1,0,0,0,0,2026-04-14,2026-04-18,,,
M000919,Rajasthan,Kirana/Grocery,Tier 1,Field sales,2025-10-01,1,1,1,1,0,0,2025-10-04,2025-10-03,2025-10-06,2025-10-25,
M000920,Uttar Pradesh,Other,Tier 3+,Online,2026-02-18,1,1,1,1,0,0,2026-02-21,2026-02-23,2026-02-28,2026-03-25,
M000921,Karnataka,Kirana/Grocery,Tier 1,Field sales,2026-05-15,1,1,0,0,0,0,2026-05-18,2026-05-21,,,
M000922,Madhya Pradesh,Services,Tier 3+,Field sales,2026-01-25,1,0,0,0,0,0,2026-01-25,,,,
M000923,Telangana,Services,Tier 1,Referral,2025-12-10,1,1,0,0,0,0,2025-12-13,2025-12-15,,,
M000924,West Bengal,Kirana/Grocery,Tier 2,Online,2025-08-22,0,0,0,0,0,0,,,,,
M000925,Karnataka,Kirana/Grocery,Tier 2,Organic QR,2025-09-29,1,1,0,0,0,0,2025-09-30,2025-10-05,,,
M000926,Uttar Pradesh,Other,Tier 3+,Field sales,2026-06-11,1,1,0,0,0,0,2026-06-12,2026-06-13,,,
M000927,Uttar Pradesh,Services,Tier 3+,Field sales,2026-01-14,1,1,0,0,0,0,2026-01-16,2026-01-15,,,
M000928,Madhya Pradesh,Kirana/Grocery,Tier 2,Field sales,2025-10-18,1,1,0,0,0,0,2025-10-19,2025-10-25,,,
M000929,Maharashtra,Fashion/Retail,Tier 2,Organic QR,2025-11-30,1,1,1,0,0,0,2025-12-03,2025-12-03,2025-12-03,,
M000930,West Bengal,Services,Tier 1,Partner,2026-01-27,1,1,0,0,0,0,2026-01-29,2026-01-27,,,
M000931,Uttar Pradesh,Kirana/Grocery,Tier 2,Organic QR,2026-01-13,1,1,1,1,1,1,2026-01-13,2026-01-14,2026-01-18,2026-02-04,2026-04-05
M000932,Rajasthan,Pharmacy,Tier 2,Organic QR,2026-03-13,1,1,1,1,0,1,2026-03-13,2026-03-20,2026-03-20,2026-04-05,2026-04-10
M000933,Uttar Pradesh,Services,Tier 1,Referral,2025-10-02,1,1,1,0,0,0,2025-10-02,2025-10-02,2025-10-11,,
M000934,Maharashtra,Kirana/Grocery,Tier 3+,Field sales,2026-02-22,1,1,1,1,1,1,2026-02-23,2026-02-28,2026-03-03,2026-03-16,2026-05-17
M000935,Uttar Pradesh,Fashion/Retail,Tier 1,Field sales,2025-12-09,1,1,1,1,1,0,2025-12-10,2025-12-11,2025-12-13,2026-01-03,
M000936,Karnataka,Kirana/Grocery,Tier 1,Referral,2026-06-09,1,1,1,0,0,0,2026-06-12,2026-06-16,2026-06-16,,
M000937,Telangana,Kirana/Grocery,Tier 3+,Field sales,2025-08-27,1,1,1,1,1,0,2025-08-28,2025-08-31,2025-09-04,2025-09-20,
M000938,Rajasthan,Kirana/Grocery,Tier 2,Field sales,2025-08-24,1,1,0,0,0,0,2025-08-24,2025-08-30,,,
M000939,Uttar Pradesh,Pharmacy,Tier 3+,Field sales,2025-12-16,1,1,1,1,1,0,2025-12-18,2025-12-22,2025-12-19,2026-01-20,
M000940,Maharashtra,Pharmacy,Tier 1,Organic QR,2026-01-02,1,0,0,0,0,0,2026-01-03,,,,
M000941,Maharashtra,Other,Tier 2,Partner,2026-03-10,1,1,1,1,1,0,2026-03-13,2026-03-13,2026-03-17,2026-04-13,
M000942,Karnataka,Kirana/Grocery,Tier 2,Organic QR,2025-11-25,1,1,0,0,0,0,2025-11-25,2025-12-02,,,
M000943,Karnataka,Fashion/Retail,Tier 1,Organic QR,2026-05-30,1,1,1,0,0,0,2026-05-31,2026-06-04,2026-06-07,,
M000944,Rajasthan,Services,Tier 3+,Organic QR,2025-12-21,1,1,1,0,0,0,2025-12-23,2025-12-24,2025-12-25,,
M000945,Maharashtra,Food & Beverage,Tier 1,Field sales,2025-08-17,1,1,1,0,0,0,2025-08-17,2025-08-19,2025-08-25,,
M000946,West Bengal,Kirana/Grocery,Tier 1,Referral,2025-08-13,0,0,0,0,0,0,,,,,
M000947,Karnataka,Fashion/Retail,Tier 1,Online,2026-06-21,1,1,1,1,0,0,2026-06-23,2026-06-21,2026-06-27,2026-07-12,
M000948,Maharashtra,Kirana/Grocery,Tier 1,Organic QR,2025-08-18,1,1,1,1,0,0,2025-08-20,2025-08-19,2025-08-21,2025-09-21,
M000949,Madhya Pradesh,Services,Tier 1,Field sales,2026-06-11,1,1,1,1,1,0,2026-06-11,2026-06-16,2026-06-17,2026-07-16,
M000950,Karnataka,Services,Tier 3+,Referral,2025-10-10,1,0,0,0,0,0,2025-10-12,,,,
M000951,Uttar Pradesh,Kirana/Grocery,Tier 2,Field sales,2025-08-04,1,1,1,1,0,0,2025-08-07,2025-08-09,2025-08-10,2025-09-07,
M000952,West Bengal,Other,Tier 1,Field sales,2025-10-20,1,1,0,0,0,0,2025-10-22,2025-10-21,,,
M000953,West Bengal,Fashion/Retail,Tier 2,Online,2026-02-10,1,0,0,0,0,0,2026-02-10,,,,
M000954,Bihar,Food & Beverage,Tier 1,Field sales,2025-12-04,1,1,0,0,0,0,2025-12-07,2025-12-07,,,
M000955,Maharashtra,Pharmacy,Tier 2,Field sales,2026-04-13,1,1,0,0,0,0,2026-04-13,2026-04-17,,,
M000956,Rajasthan,Food & Beverage,Tier 3+,Organic QR,2026-02-09,1,1,1,0,0,0,2026-02-12,2026-02-10,2026-02-17,,
M000957,West Bengal,Pharmacy,Tier 3+,Organic QR,2025-11-24,1,1,1,1,1,1,2025-11-27,2025-11-27,2025-11-29,2025-12-28,2026-01-07
M000958,West Bengal,Kirana/Grocery,Tier 2,Organic QR,2026-02-17,1,0,0,0,0,0,2026-02-17,,,,
M000959,Maharashtra,Food & Beverage,Tier 1,Field sales,2026-06-20,1,1,1,1,1,1,2026-06-21,2026-06-26,2026-06-29,2026-07-22,2026-08-01
M000960,Uttar Pradesh,Food & Beverage,Tier 1,Partner,2025-11-28,1,1,1,0,0,0,2025-12-01,2025-11-30,2025-12-06,,
M000961,Telangana,Food & Beverage,Tier 3+,Field sales,2025-08-26,1,1,0,0,0,0,2025-08-28,2025-09-01,,,
M000962,Maharashtra,Food & Beverage,Tier 2,Online,2025-11-27,0,0,0,0,0,0,,,,,
M000963,Bihar,Kirana/Grocery,Tier 2,Field sales,2026-05-03,1,1,1,1,1,0,2026-05-05,2026-05-05,2026-05-11,2026-05-27,
M000964,Karnataka,Other,Tier 3+,Field sales,2025-09-18,1,1,1,0,0,0,2025-09-20,2025-09-18,2025-09-23,,
M000965,Telangana,Kirana/Grocery,Tier 2,Organic QR,2026-06-12,1,1,1,1,1,0,2026-06-15,2026-06-14,2026-06-15,2026-07-12,
M000966,Maharashtra,Kirana/Grocery,Tier 3+,Field sales,2026-01-31,1,0,0,0,0,0,2026-02-02,,,,
M000967,Uttar Pradesh,Food & Beverage,Tier 2,Partner,2026-02-05,1,1,1,0,0,0,2026-02-07,2026-02-08,2026-02-09,,
M000968,Maharashtra,Services,Tier 1,Field sales,2025-10-24,1,1,1,1,1,1,2025-10-25,2025-10-25,2025-10-29,2025-11-16,2026-01-05
M000969,Uttar Pradesh,Kirana/Grocery,Tier 1,Organic QR,2026-06-01,1,1,0,0,0,0,2026-06-04,2026-06-06,,,
M000970,Maharashtra,Services,Tier 2,Field sales,2025-07-14,1,1,1,1,1,1,2025-07-16,2025-07-19,2025-07-21,2025-08-12,2025-09-01
M000971,West Bengal,Pharmacy,Tier 1,Organic QR,2025-10-18,1,1,0,0,0,0,2025-10-21,2025-10-22,,,
M000972,Maharashtra,Kirana/Grocery,Tier 2,Field sales,2025-11-30,1,1,0,0,0,0,2025-12-03,2025-12-03,,,
M000973,Uttar Pradesh,Other,Tier 3+,Field sales,2025-12-22,0,0,0,0,0,0,,,,,
M000974,Karnataka,Food & Beverage,Tier 2,Field sales,2025-12-21,1,1,1,0,0,0,2025-12-22,2025-12-21,2025-12-31,,
M000975,Maharashtra,Services,Tier 2,Referral,2025-08-23,1,0,0,0,0,0,2025-08-25,,,,
M000976,Karnataka,Kirana/Grocery,Tier 2,Partner,2025-09-21,1,0,0,0,0,0,2025-09-23,,,,
M000977,Maharashtra,Pharmacy,Tier 2,Field sales,2025-08-04,1,1,1,1,0,0,2025-08-04,2025-08-09,2025-08-13,2025-08-24,
M000978,Maharashtra,Fashion/Retail,Tier 3+,Field sales,2026-01-25,1,1,1,1,0,0,2026-01-27,2026-01-27,2026-02-04,2026-03-01,
M000979,Uttar Pradesh,Kirana/Grocery,Tier 1,Field sales,2025-11-06,1,1,0,0,0,0,2025-11-09,2025-11-10,,,
M000980,Rajasthan,Kirana/Grocery,Tier 3+,Field sales,2026-01-23,0,0,0,0,0,0,,,,,
M000981,Maharashtra,Kirana/Grocery,Tier 1,Organic QR,2026-02-01,1,1,1,0,0,0,2026-02-03,2026-02-03,2026-02-07,,
M000982,Uttar Pradesh,Kirana/Grocery,Tier 1,Organic QR,2026-03-14,1,1,1,1,0,1,2026-03-16,2026-03-15,2026-03-17,2026-04-03,2026-04-15
M000983,Rajasthan,Other,Tier 3+,Online,2026-01-16,1,0,0,0,0,0,2026-01-16,,,,
M000984,Karnataka,Services,Tier 1,Referral,2026-02-22,0,0,0,0,0,0,,,,,
M000985,Telangana,Services,Tier 1,Field sales,2026-01-31,1,1,1,1,1,1,2026-02-01,2026-02-04,2026-02-10,2026-02-24,2026-03-12
M000986,Maharashtra,Other,Tier 1,Field sales,2026-02-24,0,0,0,0,0,0,,,,,
M000987,Karnataka,Fashion/Retail,Tier 3+,Field sales,2026-02-11,1,1,1,0,0,0,2026-02-11,2026-02-13,2026-02-21,,
M000988,Uttar Pradesh,Fashion/Retail,Tier 2,Field sales,2025-10-24,1,1,1,1,0,1,2025-10-25,2025-10-27,2025-11-01,2025-11-14,2025-11-23
M000989,West Bengal,Food & Beverage,Tier 1,Organic QR,2025-09-28,1,1,1,1,1,0,2025-09-29,2025-10-05,2025-10-04,2025-10-29,
M000990,West Bengal,Food & Beverage,Tier 2,Field sales,2026-04-14,1,1,1,1,1,0,2026-04-14,2026-04-16,2026-04-17,2026-05-14,
M000991,West Bengal,Kirana/Grocery,Tier 1,Field sales,2025-11-03,1,1,0,0,0,0,2025-11-04,2025-11-06,,,
M000992,Uttar Pradesh,Food & Beverage,Tier 3+,Field sales,2026-01-17,1,1,1,0,0,0,2026-01-19,2026-01-19,2026-01-26,,
M000993,Maharashtra,Food & Beverage,Tier 1,Partner,2025-09-10,1,1,1,0,0,0,2025-09-12,2025-09-10,2025-09-20,,
M000994,Telangana,Kirana/Grocery,Tier 2,Field sales,2025-12-05,0,0,0,0,0,0,,,,,
M000995,Karnataka,Food & Beverage,Tier 2,Online,2026-01-10,1,1,1,1,0,0,2026-01-11,2026-01-13,2026-01-16,2026-01-31,
M000996,Maharashtra,Food & Beverage,Tier 2,Organic QR,2026-02-14,1,1,0,0,0,0,2026-02-16,2026-02-19,,,
M000997,Maharashtra,Food & Beverage,Tier 3+,Field sales,2026-01-09,1,1,0,0,0,0,2026-01-11,2026-01-11,,,
M000998,Uttar Pradesh,Kirana/Grocery,Tier 2,Organic QR,2025-11-09,1,0,0,0,0,0,2025-11-09,,,,
M000999,Telangana,Food & Beverage,Tier 3+,Organic QR,2026-06-17,1,0,0,0,0,0,2026-06-18,,,,
M001000,Karnataka,Food & Beverage,Tier 2,Organic QR,2026-01-04,1,1,1,1,1,0,2026-01-07,2026-01-06,2026-01-12,2026-02-02,
M001001,Bihar,Pharmacy,Tier 2,Organic QR,2026-04-22,1,1,1,1,1,0,2026-04-24,2026-04-27,2026-04-25,2026-05-13,
M001002,Telangana,Pharmacy,Tier 2,Field sales,2026-03-26,0,0,0,0,0,0,,,,,
M001003,Madhya Pradesh,Kirana/Grocery,Tier 1,Field sales,2026-01-20,1,1,1,1,1,1,2026-01-22,2026-01-23,2026-01-24,2026-02-19,2026-03-07
M001004,Karnataka,Kirana/Grocery,Tier 1,Field sales,2026-05-20,1,1,1,1,1,1,2026-05-21,2026-05-24,2026-05-27,2026-06-18,2026-07-09
M001005,Uttar Pradesh,Food & Beverage,Tier 1,Partner,2025-08-16,0,0,0,0,0,0,,,,,
M001006,Karnataka,Kirana/Grocery,Tier 3+,Partner,2026-06-02,0,0,0,0,0,0,,,,,
M001007,Uttar Pradesh,Food & Beverage,Tier 3+,Partner,2026-05-07,1,1,1,0,0,0,2026-05-10,2026-05-08,2026-05-12,,
M001008,Maharashtra,Other,Tier 1,Online,2025-12-31,1,1,1,1,0,0,2026-01-01,2026-01-03,2026-01-03,2026-01-20,
M001009,Maharashtra,Kirana/Grocery,Tier 2,Organic QR,2026-03-25,1,1,1,1,0,0,2026-03-28,2026-03-25,2026-03-31,2026-04-27,
M001010,Rajasthan,Food & Beverage,Tier 3+,Online,2026-01-06,1,1,1,1,1,1,2026-01-06,2026-01-10,2026-01-14,2026-01-27,2026-03-12
M001011,Karnataka,Pharmacy,Tier 2,Organic QR,2025-10-07,1,1,1,1,0,0,2025-10-10,2025-10-11,2025-10-10,2025-11-10,
M001012,Maharashtra,Services,Tier 2,Organic QR,2026-04-18,1,1,1,0,0,0,2026-04-19,2026-04-19,2026-04-23,,
M001013,West Bengal,Kirana/Grocery,Tier 3+,Partner,2025-09-28,1,1,0,0,0,0,2025-09-30,2025-10-01,,,
M001014,Maharashtra,Kirana/Grocery,Tier 1,Field sales,2025-10-23,1,1,1,1,0,0,2025-10-23,2025-10-28,2025-11-02,2025-11-23,
M001015,Uttar Pradesh,Other,Tier 2,Field sales,2026-01-06,0,0,0,0,0,0,,,,,
M001016,Uttar Pradesh,Kirana/Grocery,Tier 1,Organic QR,2026-05-02,0,0,0,0,0,0,,,,,
M001017,Karnataka,Services,Tier 1,Field sales,2025-11-18,1,0,0,0,0,0,2025-11-19,,,,
M001018,Uttar Pradesh,Fashion/Retail,Tier 2,Field sales,2025-12-28,1,1,1,1,1,1,2025-12-31,2025-12-31,2025-12-31,2026-01-17,2026-02-04
M001019,Maharashtra,Kirana/Grocery,Tier 3+,Referral,2025-07-16,1,1,1,0,0,0,2025-07-18,2025-07-23,2025-07-19,,
M001020,Bihar,Pharmacy,Tier 3+,Organic QR,2025-08-12,1,1,1,1,1,1,2025-08-13,2025-08-19,2025-08-22,2025-09-06,2025-09-12
M001021,Karnataka,Kirana/Grocery,Tier 1,Field sales,2025-07-21,1,1,1,0,0,0,2025-07-21,2025-07-22,2025-07-25,,
M001022,Karnataka,Kirana/Grocery,Tier 3+,Field sales,2025-07-27,1,0,0,0,0,0,2025-07-27,,,,
M001023,Telangana,Food & Beverage,Tier 3+,Online,2026-05-14,1,1,1,1,1,1,2026-05-17,2026-05-16,2026-05-21,2026-06-07,2026-08-11
M001024,West Bengal,Other,Tier 2,Online,2026-05-04,1,1,1,1,0,0,2026-05-05,2026-05-06,2026-05-11,2026-06-07,
M001025,Madhya Pradesh,Kirana/Grocery,Tier 3+,Partner,2026-04-26,1,1,1,0,0,0,2026-04-28,2026-04-30,2026-05-03,,
M001026,West Bengal,Kirana/Grocery,Tier 3+,Field sales,2025-07-21,1,1,1,0,0,0,2025-07-21,2025-07-25,2025-07-30,,
M001027,Rajasthan,Other,Tier 3+,Field sales,2025-07-29,1,1,0,0,0,0,2025-07-31,2025-08-04,,,
M001028,Rajasthan,Kirana/Grocery,Tier 3+,Field sales,2025-10-11,1,1,1,0,0,0,2025-10-13,2025-10-13,2025-10-19,,
M001029,Uttar Pradesh,Fashion/Retail,Tier 2,Referral,2026-01-23,1,0,0,0,0,0,2026-01-25,,,,
M001030,West Bengal,Services,Tier 2,Organic QR,2025-10-30,0,0,0,0,0,0,,,,,
M001031,Uttar Pradesh,Services,Tier 3+,Referral,2025-12-25,1,1,1,1,0,1,2025-12-28,2025-12-28,2026-01-04,2026-01-27,2026-03-11
M001032,Telangana,Pharmacy,Tier 3+,Field sales,2025-09-02,1,1,1,1,1,0,2025-09-04,2025-09-05,2025-09-10,2025-09-27,
M001033,Rajasthan,Pharmacy,Tier 1,Online,2026-03-24,1,1,1,1,1,0,2026-03-24,2026-03-30,2026-03-27,2026-04-21,
M001034,Uttar Pradesh,Kirana/Grocery,Tier 1,Organic QR,2025-10-23,0,0,0,0,0,0,,,,,
M001035,Maharashtra,Other,Tier 1,Organic QR,2025-07-25,1,1,1,1,1,0,2025-07-27,2025-07-28,2025-08-01,2025-08-17,
M001036,Uttar Pradesh,Other,Tier 3+,Organic QR,2026-03-29,1,0,0,0,0,0,2026-03-29,,,,
M001037,Telangana,Other,Tier 1,Organic QR,2026-05-26,1,1,1,0,0,0,2026-05-26,2026-05-30,2026-05-29,,
M001038,Madhya Pradesh,Services,Tier 1,Online,2025-07-06,1,1,1,0,0,0,2025-07-09,2025-07-06,2025-07-12,,
M001039,Telangana,Services,Tier 2,Organic QR,2025-12-07,0,0,0,0,0,0,,,,,
M001040,Madhya Pradesh,Services,Tier 1,Online,2026-04-28,1,1,0,0,0,0,2026-04-29,2026-04-30,,,
M001041,Uttar Pradesh,Kirana/Grocery,Tier 3+,Organic QR,2026-03-15,1,1,1,1,0,0,2026-03-16,2026-03-18,2026-03-23,2026-04-06,
M001042,Bihar,Services,Tier 2,Field sales,2026-05-09,0,0,0,0,0,0,,,,,
M001043,Maharashtra,Services,Tier 1,Field sales,2025-11-29,1,1,1,0,0,0,2025-12-02,2025-12-06,2025-12-09,,
M001044,West Bengal,Services,Tier 1,Field sales,2025-11-13,1,1,1,1,0,0,2025-11-15,2025-11-13,2025-11-18,2025-12-07,
M001045,Uttar Pradesh,Food & Beverage,Tier 3+,Referral,2026-03-16,1,1,1,1,1,0,2026-03-19,2026-03-19,2026-03-19,2026-04-12,
M001046,Karnataka,Food & Beverage,Tier 2,Field sales,2025-08-26,1,1,1,1,1,1,2025-08-29,2025-08-31,2025-08-30,2025-09-15,2025-11-09
M001047,Karnataka,Services,Tier 2,Field sales,2025-09-26,0,0,0,0,0,0,,,,,
M001048,Karnataka,Food & Beverage,Tier 2,Field sales,2026-02-05,1,1,1,1,1,1,2026-02-05,2026-02-08,2026-02-11,2026-03-09,2026-03-15
M001049,Telangana,Other,Tier 3+,Partner,2026-03-01,1,1,1,1,1,0,2026-03-01,2026-03-03,2026-03-04,2026-04-02,
M001050,Bihar,Pharmacy,Tier 3+,Online,2025-08-13,0,0,0,0,0,0,,,,,
M001051,West Bengal,Kirana/Grocery,Tier 3+,Referral,2026-01-02,1,0,0,0,0,0,2026-01-03,,,,
M001052,Rajasthan,Kirana/Grocery,Tier 2,Field sales,2025-11-11,1,1,1,1,1,0,2025-11-11,2025-11-16,2025-11-16,2025-12-13,
M001053,Uttar Pradesh,Pharmacy,Tier 3+,Organic QR,2025-12-31,1,1,1,0,0,0,2026-01-01,2025-12-31,2026-01-10,,
M001054,Uttar Pradesh,Food & Beverage,Tier 3+,Field sales,2026-06-15,1,0,0,0,0,0,2026-06-17,,,,
M001055,Madhya Pradesh,Fashion/Retail,Tier 2,Online,2025-07-28,1,1,1,1,1,0,2025-07-31,2025-08-01,2025-08-02,2025-08-28,
M001056,Madhya Pradesh,Kirana/Grocery,Tier 3+,Field sales,2026-06-29,1,0,0,0,0,0,2026-06-29,,,,
M001057,Karnataka,Kirana/Grocery,Tier 3+,Online,2025-12-12,1,1,1,1,1,1,2025-12-15,2025-12-19,2025-12-20,2026-01-14,2026-01-22
M001058,West Bengal,Food & Beverage,Tier 3+,Referral,2026-04-08,1,1,1,1,1,1,2026-04-08,2026-04-12,2026-04-12,2026-04-29,2026-06-11
M001059,Uttar Pradesh,Pharmacy,Tier 3+,Partner,2025-12-02,1,1,0,0,0,0,2025-12-02,2025-12-08,,,
M001060,Madhya Pradesh,Other,Tier 2,Referral,2025-10-22,1,1,1,1,1,0,2025-10-25,2025-10-27,2025-10-27,2025-11-11,
M001061,West Bengal,Fashion/Retail,Tier 2,Field sales,2026-04-08,1,0,0,0,0,0,2026-04-09,,,,
M001062,Bihar,Food & Beverage,Tier 1,Field sales,2026-03-08,1,1,0,0,0,0,2026-03-09,2026-03-12,,,
M001063,Maharashtra,Fashion/Retail,Tier 2,Organic QR,2025-08-22,1,0,0,0,0,0,2025-08-22,,,,
M001064,Rajasthan,Kirana/Grocery,Tier 2,Field sales,2026-03-15,1,1,1,0,0,0,2026-03-17,2026-03-20,2026-03-21,,
M001065,Maharashtra,Services,Tier 2,Partner,2026-04-01,0,0,0,0,0,0,,,,,
M001066,Madhya Pradesh,Other,Tier 3+,Organic QR,2025-11-19,0,0,0,0,0,0,,,,,
M001067,Karnataka,Food & Beverage,Tier 1,Online,2026-06-03,1,1,1,1,1,1,2026-06-03,2026-06-10,2026-06-10,2026-06-29,2026-06-22
M001068,Bihar,Other,Tier 3+,Online,2026-02-19,0,0,0,0,0,0,,,,,
M001069,West Bengal,Kirana/Grocery,Tier 1,Field sales,2025-10-30,1,1,1,1,0,0,2025-11-01,2025-11-03,2025-11-06,2025-11-23,
M001070,Karnataka,Kirana/Grocery,Tier 1,Field sales,2025-07-04,0,0,0,0,0,0,,,,,
M001071,Uttar Pradesh,Services,Tier 1,Organic QR,2026-03-04,0,0,0,0,0,0,,,,,
M001072,Rajasthan,Other,Tier 2,Field sales,2025-09-15,1,1,1,0,0,0,2025-09-16,2025-09-17,2025-09-25,,
M001073,Uttar Pradesh,Food & Beverage,Tier 2,Partner,2026-04-03,1,1,0,0,0,0,2026-04-04,2026-04-07,,,
M001074,Maharashtra,Fashion/Retail,Tier 2,Partner,2026-01-08,1,1,1,0,0,0,2026-01-10,2026-01-11,2026-01-18,,
M001075,Maharashtra,Kirana/Grocery,Tier 2,Partner,2025-12-18,1,0,0,0,0,0,2025-12-18,,,,
M001076,Uttar Pradesh,Pharmacy,Tier 2,Organic QR,2025-08-29,1,1,1,1,1,0,2025-09-01,2025-08-30,2025-09-08,2025-09-30,
M001077,Rajasthan,Services,Tier 1,Referral,2026-03-17,1,1,1,1,0,0,2026-03-19,2026-03-24,2026-03-26,2026-04-10,
M001078,Uttar Pradesh,Kirana/Grocery,Tier 2,Partner,2025-08-30,1,1,1,0,0,0,2025-08-30,2025-09-04,2025-09-06,,
M001079,Maharashtra,Pharmacy,Tier 1,Online,2025-11-30,0,0,0,0,0,0,,,,,
M001080,Uttar Pradesh,Pharmacy,Tier 1,Referral,2026-05-02,0,0,0,0,0,0,,,,,
M001081,Telangana,Services,Tier 1,Partner,2026-06-01,1,1,1,1,0,0,2026-06-04,2026-06-03,2026-06-09,2026-06-28,
M001082,Karnataka,Kirana/Grocery,Tier 3+,Field sales,2026-06-27,1,0,0,0,0,0,2026-06-28,,,,
M001083,Bihar,Kirana/Grocery,Tier 2,Referral,2026-06-15,1,1,1,1,0,1,2026-06-18,2026-06-22,2026-06-25,2026-07-09,2026-09-11
M001084,Telangana,Other,Tier 3+,Field sales,2026-01-19,1,1,1,1,1,0,2026-01-21,2026-01-21,2026-01-27,2026-02-21,
M001085,Uttar Pradesh,Services,Tier 3+,Organic QR,2025-09-12,0,0,0,0,0,0,,,,,
M001086,West Bengal,Fashion/Retail,Tier 2,Organic QR,2026-05-03,1,1,1,1,1,1,2026-05-06,2026-05-05,2026-05-12,2026-05-29,2026-05-30
M001087,Uttar Pradesh,Pharmacy,Tier 1,Field sales,2026-04-19,1,1,0,0,0,0,2026-04-20,2026-04-20,,,
M001088,Rajasthan,Fashion/Retail,Tier 1,Field sales,2026-06-27,1,0,0,0,0,0,2026-06-30,,,,
M001089,Maharashtra,Kirana/Grocery,Tier 2,Field sales,2026-02-23,1,1,1,0,0,0,2026-02-24,2026-02-24,2026-03-03,,
M001090,Maharashtra,Services,Tier 1,Referral,2025-08-21,1,1,1,0,0,0,2025-08-23,2025-08-25,2025-08-28,,
M001091,Maharashtra,Services,Tier 1,Partner,2025-12-31,1,1,1,1,1,0,2025-12-31,2026-01-07,2026-01-06,2026-01-30,
M001092,Bihar,Kirana/Grocery,Tier 3+,Online,2025-12-11,1,1,1,1,1,0,2025-12-11,2025-12-15,2025-12-17,2026-01-06,
M001093,Madhya Pradesh,Kirana/Grocery,Tier 1,Referral,2026-05-04,1,1,0,0,0,0,2026-05-06,2026-05-07,,,
M001094,Karnataka,Services,Tier 1,Organic QR,2025-11-21,1,1,1,1,1,0,2025-11-21,2025-11-27,2025-11-27,2025-12-22,
M001095,Karnataka,Fashion/Retail,Tier 3+,Referral,2025-10-28,1,1,0,0,0,0,2025-10-28,2025-11-02,,,
M001096,Telangana,Services,Tier 1,Organic QR,2025-07-30,1,1,0,0,0,0,2025-07-31,2025-07-31,,,
M001097,Rajasthan,Kirana/Grocery,Tier 2,Field sales,2026-05-01,1,1,0,0,0,0,2026-05-03,2026-05-04,,,
M001098,Rajasthan,Other,Tier 1,Online,2026-04-02,1,0,0,0,0,0,2026-04-04,,,,
M001099,Bihar,Kirana/Grocery,Tier 2,Online,2025-07-16,1,1,1,0,0,0,2025-07-19,2025-07-21,2025-07-26,,
M001100,West Bengal,Kirana/Grocery,Tier 3+,Field sales,2025-12-06,0,0,0,0,0,0,,,,,
M001101,Karnataka,Other,Tier 2,Referral,2025-12-23,1,1,0,0,0,0,2025-12-25,2025-12-27,,,
M001102,Rajasthan,Fashion/Retail,Tier 2,Field sales,2025-12-19,1,1,1,0,0,0,2025-12-19,2025-12-19,2025-12-23,,
M001103,Uttar Pradesh,Other,Tier 1,Online,2026-06-01,0,0,0,0,0,0,,,,,
M001104,Telangana,Fashion/Retail,Tier 2,Partner,2025-08-24,1,1,1,1,0,1,2025-08-26,2025-08-26,2025-08-28,2025-09-19,2025-09-21
M001105,West Bengal,Services,Tier 2,Field sales,2025-10-20,1,1,1,0,0,0,2025-10-22,2025-10-27,2025-10-26,,
M001106,Maharashtra,Kirana/Grocery,Tier 1,Referral,2025-09-05,1,0,0,0,0,0,2025-09-08,,,,
M001107,Bihar,Food & Beverage,Tier 1,Organic QR,2025-09-28,1,1,1,0,0,0,2025-10-01,2025-10-04,2025-10-05,,
M001108,Bihar,Other,Tier 2,Field sales,2026-05-28,1,1,0,0,0,0,2026-05-30,2026-06-02,,,
M001109,West Bengal,Fashion/Retail,Tier 3+,Referral,2026-06-09,1,1,1,1,1,1,2026-06-11,2026-06-13,2026-06-13,2026-07-13,2026-08-21
M001110,Uttar Pradesh,Food & Beverage,Tier 3+,Referral,2025-07-17,1,1,1,1,0,0,2025-07-18,2025-07-21,2025-07-21,2025-08-12,
M001111,Telangana,Food & Beverage,Tier 3+,Organic QR,2026-02-16,1,1,0,0,0,0,2026-02-17,2026-02-19,,,
M001112,Madhya Pradesh,Kirana/Grocery,Tier 2,Partner,2025-09-23,1,1,1,1,1,0,2025-09-26,2025-09-24,2025-09-28,2025-10-18,
M001113,Bihar,Food & Beverage,Tier 3+,Field sales,2025-09-09,1,1,1,1,1,1,2025-09-09,2025-09-13,2025-09-13,2025-10-03,2025-10-11
M001114,Uttar Pradesh,Fashion/Retail,Tier 3+,Field sales,2025-10-15,1,1,0,0,0,0,2025-10-18,2025-10-21,,,
M001115,Bihar,Kirana/Grocery,Tier 1,Partner,2025-09-09,1,0,0,0,0,0,2025-09-12,,,,
M001116,Karnataka,Food & Beverage,Tier 2,Field sales,2025-12-26,1,1,0,0,0,0,2025-12-28,2026-01-02,,,
M001117,Rajasthan,Other,Tier 1,Organic QR,2026-06-29,1,1,1,1,0,0,2026-06-30,2026-07-01,2026-07-08,2026-07-31,
M001118,Madhya Pradesh,Services,Tier 3+,Online,2026-01-31,1,1,1,0,0,0,2026-02-02,2026-02-06,2026-02-03,,
M001119,Telangana,Food & Beverage,Tier 3+,Referral,2026-03-21,1,1,1,0,0,0,2026-03-24,2026-03-23,2026-03-30,,
M001120,Uttar Pradesh,Food & Beverage,Tier 3+,Organic QR,2025-12-28,1,1,1,0,0,0,2025-12-30,2025-12-28,2026-01-02,,
M001121,West Bengal,Kirana/Grocery,Tier 1,Organic QR,2025-07-06,1,1,1,1,1,0,2025-07-09,2025-07-08,2025-07-14,2025-08-10,
M001122,Madhya Pradesh,Kirana/Grocery,Tier 3+,Online,2025-07-31,1,1,1,0,0,0,2025-08-02,2025-08-02,2025-08-09,,
M001123,West Bengal,Kirana/Grocery,Tier 1,Online,2025-10-07,1,1,0,0,0,0,2025-10-10,2025-10-14,,,
M001124,Uttar Pradesh,Kirana/Grocery,Tier 1,Field sales,2025-09-27,1,1,1,0,0,0,2025-09-28,2025-09-28,2025-10-02,,
M001125,West Bengal,Kirana/Grocery,Tier 2,Organic QR,2026-05-03,1,1,1,1,1,0,2026-05-06,2026-05-06,2026-05-07,2026-05-31,
M001126,Maharashtra,Food & Beverage,Tier 3+,Field sales,2026-05-04,1,1,0,0,0,0,2026-05-04,2026-05-11,,,
M001127,Uttar Pradesh,Kirana/Grocery,Tier 3+,Field sales,2026-05-08,1,1,1,1,1,0,2026-05-11,2026-05-09,2026-05-17,2026-06-06,
M001128,Uttar Pradesh,Other,Tier 1,Field sales,2026-02-18,1,1,0,0,0,0,2026-02-20,2026-02-19,,,
M001129,Madhya Pradesh,Kirana/Grocery,Tier 2,Partner,2026-01-20,1,1,1,1,1,0,2026-01-23,2026-01-24,2026-01-29,2026-02-24,
M001130,West Bengal,Food & Beverage,Tier 2,Referral,2026-02-22,1,1,1,1,1,0,2026-02-25,2026-02-28,2026-03-01,2026-03-21,
M001131,Bihar,Fashion/Retail,Tier 1,Online,2025-11-26,1,1,1,0,0,0,2025-11-27,2025-11-28,2025-12-06,,
M001132,Rajasthan,Kirana/Grocery,Tier 3+,Organic QR,2026-03-02,1,1,0,0,0,0,2026-03-04,2026-03-06,,,
M001133,Uttar Pradesh,Food & Beverage,Tier 2,Organic QR,2026-04-16,1,1,0,0,0,0,2026-04-17,2026-04-21,,,
M001134,Uttar Pradesh,Fashion/Retail,Tier 1,Field sales,2026-04-05,1,1,0,0,0,0,2026-04-08,2026-04-11,,,
M001135,Uttar Pradesh,Services,Tier 2,Field sales,2026-02-10,0,0,0,0,0,0,,,,,
M001136,Maharashtra,Kirana/Grocery,Tier 3+,Field sales,2025-07-22,1,1,1,1,1,0,2025-07-22,2025-07-26,2025-07-30,2025-08-24,
M001137,Uttar Pradesh,Pharmacy,Tier 3+,Online,2026-03-22,1,1,1,1,1,0,2026-03-22,2026-03-27,2026-03-29,2026-04-14,
M001138,Madhya Pradesh,Pharmacy,Tier 1,Field sales,2025-11-11,1,1,1,0,0,0,2025-11-12,2025-11-13,2025-11-20,,
M001139,Bihar,Food & Beverage,Tier 1,Referral,2026-03-29,1,1,1,1,1,0,2026-03-30,2026-03-31,2026-04-07,2026-04-19,
M001140,Madhya Pradesh,Kirana/Grocery,Tier 3+,Field sales,2026-01-13,1,1,1,1,1,0,2026-01-14,2026-01-16,2026-01-21,2026-02-06,
M001141,Uttar Pradesh,Kirana/Grocery,Tier 2,Organic QR,2026-05-18,1,1,0,0,0,0,2026-05-21,2026-05-21,,,
M001142,Uttar Pradesh,Fashion/Retail,Tier 2,Online,2025-11-01,1,1,1,1,0,0,2025-11-04,2025-11-05,2025-11-09,2025-11-22,
M001143,Maharashtra,Food & Beverage,Tier 1,Online,2026-06-05,1,1,1,1,1,1,2026-06-05,2026-06-06,2026-06-14,2026-07-07,2026-07-22
M001144,Uttar Pradesh,Kirana/Grocery,Tier 3+,Field sales,2026-05-05,1,1,1,1,1,0,2026-05-08,2026-05-11,2026-05-11,2026-05-27,
M001145,Uttar Pradesh,Services,Tier 3+,Online,2025-10-29,1,0,0,0,0,0,2025-10-30,,,,
M001146,Karnataka,Other,Tier 1,Field sales,2025-12-24,1,1,1,0,0,0,2025-12-25,2025-12-25,2025-12-31,,
M001147,Maharashtra,Kirana/Grocery,Tier 1,Referral,2026-01-10,1,1,1,0,0,0,2026-01-13,2026-01-12,2026-01-15,,
M001148,Bihar,Kirana/Grocery,Tier 1,Field sales,2026-04-07,1,0,0,0,0,0,2026-04-10,,,,
M001149,Uttar Pradesh,Food & Beverage,Tier 1,Organic QR,2026-03-09,1,1,1,0,0,0,2026-03-10,2026-03-09,2026-03-14,,
M001150,Uttar Pradesh,Pharmacy,Tier 1,Partner,2026-05-07,1,1,1,0,0,0,2026-05-09,2026-05-09,2026-05-15,,
M001151,Karnataka,Food & Beverage,Tier 1,Referral,2025-11-13,1,1,1,1,0,1,2025-11-16,2025-11-20,2025-11-22,2025-12-09,2026-02-07
M001152,Uttar Pradesh,Other,Tier 1,Referral,2026-01-01,1,1,1,1,1,0,2026-01-03,2026-01-07,2026-01-05,2026-02-02,
M001153,Uttar Pradesh,Kirana/Grocery,Tier 2,Field sales,2025-12-05,0,0,0,0,0,0,,,,,
M001154,Uttar Pradesh,Food & Beverage,Tier 2,Online,2026-05-28,1,1,1,1,0,1,2026-05-28,2026-05-30,2026-06-07,2026-06-22,2026-06-22
M001155,Rajasthan,Food & Beverage,Tier 2,Field sales,2025-10-20,1,0,0,0,0,0,2025-10-23,,,,
M001156,Maharashtra,Food & Beverage,Tier 3+,Field sales,2026-01-31,0,0,0,0,0,0,,,,,
M001157,West Bengal,Food & Beverage,Tier 1,Field sales,2025-08-13,1,0,0,0,0,0,2025-08-14,,,,
M001158,Maharashtra,Fashion/Retail,Tier 3+,Field sales,2026-05-07,0,0,0,0,0,0,,,,,
M001159,Uttar Pradesh,Food & Beverage,Tier 3+,Field sales,2025-11-18,1,1,1,1,1,1,2025-11-21,2025-11-19,2025-11-23,2025-12-22,2025-12-06
M001160,Karnataka,Pharmacy,Tier 3+,Partner,2025-11-02,1,1,0,0,0,0,2025-11-04,2025-11-03,,,
M001161,Uttar Pradesh,Kirana/Grocery,Tier 1,Field sales,2026-01-29,1,1,0,0,0,0,2026-02-01,2026-01-31,,,
M001162,Karnataka,Services,Tier 1,Organic QR,2025-12-30,1,0,0,0,0,0,2026-01-02,,,,
M001163,Madhya Pradesh,Food & Beverage,Tier 2,Field sales,2026-05-06,0,0,0,0,0,0,,,,,
M001164,Uttar Pradesh,Services,Tier 1,Partner,2026-01-10,0,0,0,0,0,0,,,,,
M001165,Rajasthan,Kirana/Grocery,Tier 1,Field sales,2026-01-05,1,0,0,0,0,0,2026-01-07,,,,
M001166,Karnataka,Other,Tier 1,Field sales,2025-08-08,1,1,1,1,1,1,2025-08-09,2025-08-09,2025-08-16,2025-08-30,2025-10-07
M001167,Maharashtra,Other,Tier 2,Partner,2025-07-09,1,0,0,0,0,0,2025-07-10,,,,
M001168,Uttar Pradesh,Fashion/Retail,Tier 3+,Online,2025-11-23,1,1,1,1,0,1,2025-11-23,2025-11-23,2025-11-27,2025-12-24,2025-12-05
M001169,Uttar Pradesh,Other,Tier 1,Online,2026-06-30,1,1,0,0,0,0,2026-07-01,2026-07-02,,,
M001170,Uttar Pradesh,Kirana/Grocery,Tier 3+,Field sales,2026-05-31,1,1,1,0,0,0,2026-05-31,2026-06-01,2026-06-09,,
M001171,West Bengal,Services,Tier 3+,Online,2026-02-15,1,1,1,0,0,0,2026-02-17,2026-02-16,2026-02-22,,
M001172,Bihar,Food & Beverage,Tier 1,Partner,2026-02-16,1,1,1,1,1,0,2026-02-18,2026-02-18,2026-02-23,2026-03-23,
M001173,West Bengal,Fashion/Retail,Tier 2,Online,2025-11-20,1,1,1,1,1,0,2025-11-23,2025-11-25,2025-11-24,2025-12-14,
M001174,Karnataka,Kirana/Grocery,Tier 1,Field sales,2025-09-03,1,1,1,1,1,0,2025-09-03,2025-09-10,2025-09-10,2025-09-28,
M001175,Madhya Pradesh,Kirana/Grocery,Tier 3+,Field sales,2025-07-04,1,0,0,0,0,0,2025-07-06,,,,
M001176,Uttar Pradesh,Pharmacy,Tier 3+,Field sales,2025-11-01,1,1,1,1,1,1,2025-11-01,2025-11-06,2025-11-10,2025-12-02,2026-01-01
M001177,Rajasthan,Kirana/Grocery,Tier 2,Referral,2025-10-24,1,1,0,0,0,0,2025-10-27,2025-10-29,,,
M001178,West Bengal,Pharmacy,Tier 2,Field sales,2025-09-08,1,1,1,0,0,0,2025-09-11,2025-09-12,2025-09-13,,
M001179,Rajasthan,Kirana/Grocery,Tier 1,Field sales,2025-10-03,1,0,0,0,0,0,2025-10-04,,,,
M001180,West Bengal,Services,Tier 3+,Organic QR,2025-07-10,0,0,0,0,0,0,,,,,
M001181,Bihar,Fashion/Retail,Tier 3+,Online,2026-02-07,1,1,1,1,1,0,2026-02-10,2026-02-11,2026-02-13,2026-03-02,
M001182,Maharashtra,Services,Tier 3+,Organic QR,2026-06-04,1,1,1,1,0,1,2026-06-05,2026-06-10,2026-06-11,2026-07-04,2026-07-03
M001183,Bihar,Kirana/Grocery,Tier 2,Partner,2026-03-10,1,0,0,0,0,0,2026-03-12,,,,
M001184,Uttar Pradesh,Kirana/Grocery,Tier 1,Field sales,2025-12-11,0,0,0,0,0,0,,,,,
M001185,West Bengal,Kirana/Grocery,Tier 1,Online,2025-12-01,1,1,1,1,0,1,2025-12-03,2025-12-08,2025-12-09,2026-01-01,2026-01-06
M001186,Madhya Pradesh,Kirana/Grocery,Tier 1,Field sales,2025-10-21,1,1,1,1,1,0,2025-10-23,2025-10-21,2025-10-29,2025-11-25,
M001187,Maharashtra,Services,Tier 2,Field sales,2025-08-21,1,1,0,0,0,0,2025-08-24,2025-08-25,,,
M001188,Maharashtra,Food & Beverage,Tier 3+,Organic QR,2026-02-04,1,1,1,1,1,0,2026-02-04,2026-02-08,2026-02-10,2026-03-10,
M001189,Maharashtra,Kirana/Grocery,Tier 3+,Field sales,2026-01-23,1,1,1,1,0,0,2026-01-25,2026-01-30,2026-01-29,2026-02-15,
M001190,Uttar Pradesh,Kirana/Grocery,Tier 1,Partner,2025-07-03,1,1,1,1,1,0,2025-07-06,2025-07-07,2025-07-12,2025-08-04,
M001191,Maharashtra,Other,Tier 1,Partner,2025-11-29,1,1,1,0,0,0,2025-11-29,2025-12-01,2025-12-02,,
M001192,Bihar,Kirana/Grocery,Tier 1,Field sales,2025-10-10,1,0,0,0,0,0,2025-10-11,,,,
M001193,Uttar Pradesh,Food & Beverage,Tier 3+,Field sales,2025-09-01,1,1,1,1,1,1,2025-09-04,2025-09-06,2025-09-11,2025-10-03,2025-10-12
M001194,Madhya Pradesh,Food & Beverage,Tier 3+,Field sales,2026-03-14,1,0,0,0,0,0,2026-03-15,,,,
M001195,Karnataka,Kirana/Grocery,Tier 2,Field sales,2026-01-08,0,0,0,0,0,0,,,,,
M001196,Uttar Pradesh,Other,Tier 2,Online,2026-02-17,1,0,0,0,0,0,2026-02-17,,,,
M001197,Maharashtra,Kirana/Grocery,Tier 2,Partner,2026-03-18,1,1,1,1,0,0,2026-03-19,2026-03-25,2026-03-24,2026-04-12,
M001198,West Bengal,Pharmacy,Tier 1,Field sales,2026-06-24,0,0,0,0,0,0,,,,,
M001199,Maharashtra,Services,Tier 1,Field sales,2026-04-20,0,0,0,0,0,0,,,,,
M001200,Maharashtra,Fashion/Retail,Tier 1,Referral,2026-02-12,1,1,1,1,1,1,2026-02-14,2026-02-14,2026-02-18,2026-03-18,2026-03-05
M001201,Karnataka,Services,Tier 1,Referral,2026-05-17,1,1,1,1,1,1,2026-05-17,2026-05-19,2026-05-21,2026-06-17,2026-08-07
M001202,Madhya Pradesh,Pharmacy,Tier 2,Online,2025-12-22,1,1,1,0,0,0,2025-12-23,2025-12-25,2025-12-27,,
M001203,Maharashtra,Food & Beverage,Tier 1,Field sales,2026-06-25,1,1,1,0,0,0,2026-06-27,2026-06-29,2026-07-01,,
M001204,Rajasthan,Food & Beverage,Tier 3+,Organic QR,2026-04-04,1,0,0,0,0,0,2026-04-07,,,,
M001205,Bihar,Pharmacy,Tier 2,Field sales,2026-02-23,1,1,0,0,0,0,2026-02-25,2026-02-25,,,
M001206,Bihar,Services,Tier 2,Referral,2026-05-26,1,1,1,1,0,0,2026-05-26,2026-05-31,2026-06-03,2026-06-21,
M001207,Karnataka,Services,Tier 3+,Organic QR,2026-01-05,0,0,0,0,0,0,,,,,
M001208,Maharashtra,Kirana/Grocery,Tier 2,Partner,2026-03-21,0,0,0,0,0,0,,,,,
M001209,Uttar Pradesh,Kirana/Grocery,Tier 2,Field sales,2025-10-12,0,0,0,0,0,0,,,,,
M001210,Karnataka,Food & Beverage,Tier 1,Referral,2026-06-17,1,1,1,0,0,0,2026-06-20,2026-06-20,2026-06-26,,
M001211,Bihar,Kirana/Grocery,Tier 3+,Field sales,2026-02-13,1,1,1,1,0,0,2026-02-15,2026-02-16,2026-02-23,2026-03-10,
M001212,Telangana,Food & Beverage,Tier 2,Referral,2026-04-12,1,1,0,0,0,0,2026-04-15,2026-04-17,,,
M001213,Uttar Pradesh,Kirana/Grocery,Tier 1,Field sales,2025-12-16,1,1,1,1,1,0,2025-12-17,2025-12-17,2025-12-26,2026-01-06,
M001214,Maharashtra,Services,Tier 1,Referral,2026-05-13,1,1,0,0,0,0,2026-05-13,2026-05-15,,,
M001215,Uttar Pradesh,Pharmacy,Tier 3+,Field sales,2025-07-28,1,1,1,1,0,0,2025-07-29,2025-07-30,2025-08-01,2025-08-24,
M001216,Karnataka,Services,Tier 2,Partner,2025-08-11,1,1,1,1,1,0,2025-08-12,2025-08-17,2025-08-17,2025-09-01,
M001217,Rajasthan,Pharmacy,Tier 2,Referral,2026-01-02,0,0,0,0,0,0,,,,,
M001218,Maharashtra,Kirana/Grocery,Tier 2,Organic QR,2026-03-25,1,1,1,1,0,0,2026-03-26,2026-03-29,2026-04-02,2026-04-15,
M001219,West Bengal,Kirana/Grocery,Tier 2,Field sales,2026-04-22,1,0,0,0,0,0,2026-04-25,,,,
M001220,Bihar,Pharmacy,Tier 2,Field sales,2025-12-08,1,1,1,1,1,0,2025-12-09,2025-12-15,2025-12-16,2026-01-07,
M001221,Karnataka,Fashion/Retail,Tier 1,Field sales,2026-02-23,1,0,0,0,0,0,2026-02-24,,,,
M001222,Maharashtra,Pharmacy,Tier 2,Partner,2026-01-18,1,1,1,1,1,0,2026-01-21,2026-01-20,2026-01-21,2026-02-11,
M001223,Telangana,Services,Tier 2,Field sales,2026-06-16,1,1,0,0,0,0,2026-06-19,2026-06-19,,,
M001224,Maharashtra,Pharmacy,Tier 3+,Field sales,2026-02-24,1,1,1,1,0,0,2026-02-26,2026-02-27,2026-03-05,2026-03-25,
M001225,Karnataka,Pharmacy,Tier 2,Field sales,2025-11-30,1,0,0,0,0,0,2025-11-30,,,,
M001226,Madhya Pradesh,Pharmacy,Tier 2,Field sales,2026-06-19,1,1,0,0,0,0,2026-06-22,2026-06-26,,,
M001227,Rajasthan,Pharmacy,Tier 3+,Field sales,2025-08-09,0,0,0,0,0,0,,,,,
M001228,Maharashtra,Kirana/Grocery,Tier 3+,Partner,2026-06-25,1,1,0,0,0,0,2026-06-25,2026-06-30,,,
M001229,Uttar Pradesh,Kirana/Grocery,Tier 1,Field sales,2025-08-26,1,1,1,1,0,1,2025-08-29,2025-08-29,2025-09-05,2025-09-23,2025-10-20
M001230,Karnataka,Food & Beverage,Tier 3+,Online,2025-10-14,1,1,0,0,0,0,2025-10-16,2025-10-18,,,
M001231,West Bengal,Services,Tier 1,Referral,2026-04-26,1,1,1,1,1,0,2026-04-27,2026-04-26,2026-05-06,2026-05-25,
M001232,Maharashtra,Pharmacy,Tier 3+,Organic QR,2026-03-25,0,0,0,0,0,0,,,,,
M001233,Bihar,Food & Beverage,Tier 1,Online,2026-06-20,1,1,0,0,0,0,2026-06-20,2026-06-22,,,
M001234,Bihar,Kirana/Grocery,Tier 2,Partner,2026-03-31,0,0,0,0,0,0,,,,,
M001235,Maharashtra,Fashion/Retail,Tier 3+,Organic QR,2026-02-18,0,0,0,0,0,0,,,,,
M001236,Maharashtra,Kirana/Grocery,Tier 1,Field sales,2025-11-04,1,1,0,0,0,0,2025-11-04,2025-11-11,,,
M001237,Uttar Pradesh,Fashion/Retail,Tier 3+,Partner,2025-07-02,1,1,0,0,0,0,2025-07-02,2025-07-04,,,
M001238,Madhya Pradesh,Kirana/Grocery,Tier 2,Field sales,2025-08-15,0,0,0,0,0,0,,,,,
M001239,Uttar Pradesh,Food & Beverage,Tier 1,Organic QR,2025-10-17,0,0,0,0,0,0,,,,,
M001240,Rajasthan,Food & Beverage,Tier 3+,Field sales,2025-07-15,1,1,1,0,0,0,2025-07-16,2025-07-17,2025-07-24,,
M001241,Madhya Pradesh,Kirana/Grocery,Tier 2,Organic QR,2026-01-02,1,0,0,0,0,0,2026-01-03,,,,
M001242,Madhya Pradesh,Kirana/Grocery,Tier 3+,Partner,2026-04-10,1,1,1,1,1,0,2026-04-11,2026-04-13,2026-04-18,2026-05-01,
M001243,Uttar Pradesh,Kirana/Grocery,Tier 3+,Field sales,2026-06-17,1,1,1,1,0,0,2026-06-19,2026-06-17,2026-06-27,2026-07-15,
M001244,Uttar Pradesh,Food & Beverage,Tier 1,Field sales,2025-12-26,1,0,0,0,0,0,2025-12-26,,,,
M001245,Bihar,Food & Beverage,Tier 1,Referral,2026-05-16,1,1,1,0,0,0,2026-05-18,2026-05-19,2026-05-19,,
M001246,Karnataka,Fashion/Retail,Tier 2,Field sales,2026-06-25,1,1,0,0,0,0,2026-06-25,2026-06-26,,,
M001247,Madhya Pradesh,Kirana/Grocery,Tier 2,Field sales,2026-05-10,1,1,0,0,0,0,2026-05-11,2026-05-15,,,
M001248,Maharashtra,Food & Beverage,Tier 1,Field sales,2025-12-17,1,1,0,0,0,0,2025-12-17,2025-12-22,,,
M001249,Karnataka,Kirana/Grocery,Tier 2,Online,2025-10-27,0,0,0,0,0,0,,,,,
M001250,Madhya Pradesh,Other,Tier 3+,Partner,2026-06-22,1,1,1,1,0,1,2026-06-25,2026-06-25,2026-06-25,2026-07-23,2026-07-30
M001251,Telangana,Fashion/Retail,Tier 1,Organic QR,2025-09-27,1,1,1,1,0,0,2025-09-28,2025-09-28,2025-10-05,2025-10-29,
M001252,Maharashtra,Other,Tier 3+,Referral,2025-11-28,1,1,1,0,0,0,2025-11-29,2025-12-04,2025-12-01,,
M001253,Karnataka,Other,Tier 2,Partner,2025-07-28,1,1,0,0,0,0,2025-07-28,2025-08-02,,,
M001254,Uttar Pradesh,Food & Beverage,Tier 1,Referral,2026-04-16,1,1,0,0,0,0,2026-04-16,2026-04-18,,,
M001255,Madhya Pradesh,Pharmacy,Tier 1,Partner,2026-02-23,0,0,0,0,0,0,,,,,
M001256,Maharashtra,Food & Beverage,Tier 1,Online,2025-07-31,0,0,0,0,0,0,,,,,
M001257,Maharashtra,Fashion/Retail,Tier 2,Partner,2025-09-20,1,1,1,1,1,0,2025-09-21,2025-09-26,2025-09-25,2025-10-16,
M001258,Uttar Pradesh,Food & Beverage,Tier 1,Field sales,2026-01-19,1,1,0,0,0,0,2026-01-19,2026-01-23,,,
M001259,West Bengal,Food & Beverage,Tier 3+,Field sales,2026-01-14,1,0,0,0,0,0,2026-01-15,,,,
M001260,Karnataka,Other,Tier 3+,Field sales,2026-04-19,1,1,1,1,1,0,2026-04-19,2026-04-26,2026-04-25,2026-05-16,
M001261,West Bengal,Fashion/Retail,Tier 1,Organic QR,2025-10-06,1,0,0,0,0,0,2025-10-06,,,,
M001262,West Bengal,Other,Tier 3+,Online,2026-06-03,0,0,0,0,0,0,,,,,
M001263,Karnataka,Kirana/Grocery,Tier 3+,Referral,2025-12-10,1,1,0,0,0,0,2025-12-10,2025-12-15,,,
M001264,Madhya Pradesh,Kirana/Grocery,Tier 1,Referral,2026-04-27,1,1,0,0,0,0,2026-04-27,2026-05-04,,,
M001265,Bihar,Food & Beverage,Tier 3+,Partner,2025-09-26,1,1,0,0,0,0,2025-09-29,2025-09-28,,,
M001266,Uttar Pradesh,Food & Beverage,Tier 1,Online,2025-07-14,1,1,1,0,0,0,2025-07-17,2025-07-15,2025-07-23,,
M001267,Uttar Pradesh,Food & Beverage,Tier 2,Partner,2025-07-21,1,1,0,0,0,0,2025-07-23,2025-07-27,,,
M001268,Madhya Pradesh,Kirana/Grocery,Tier 1,Field sales,2025-11-14,1,1,1,1,0,1,2025-11-17,2025-11-18,2025-11-17,2025-12-12,2026-01-08
M001269,Madhya Pradesh,Fashion/Retail,Tier 3+,Organic QR,2026-06-13,1,1,0,0,0,0,2026-06-14,2026-06-19,,,
M001270,Bihar,Kirana/Grocery,Tier 3+,Organic QR,2025-07-18,0,0,0,0,0,0,,,,,
M001271,West Bengal,Pharmacy,Tier 3+,Field sales,2025-11-12,1,1,1,0,0,0,2025-11-13,2025-11-19,2025-11-21,,
M001272,Uttar Pradesh,Fashion/Retail,Tier 3+,Field sales,2025-08-09,1,1,1,1,1,1,2025-08-10,2025-08-11,2025-08-12,2025-09-08,2025-09-13
M001273,Madhya Pradesh,Services,Tier 1,Field sales,2026-06-06,1,0,0,0,0,0,2026-06-07,,,,
M001274,Madhya Pradesh,Food & Beverage,Tier 2,Field sales,2026-03-04,1,0,0,0,0,0,2026-03-04,,,,
M001275,Karnataka,Kirana/Grocery,Tier 1,Field sales,2026-04-05,1,1,1,0,0,0,2026-04-06,2026-04-06,2026-04-14,,
M001276,Maharashtra,Kirana/Grocery,Tier 1,Online,2026-03-18,1,1,0,0,0,0,2026-03-19,2026-03-19,,,
M001277,Uttar Pradesh,Pharmacy,Tier 1,Field sales,2026-02-25,1,1,0,0,0,0,2026-02-26,2026-03-04,,,
M001278,Madhya Pradesh,Food & Beverage,Tier 3+,Referral,2026-04-09,0,0,0,0,0,0,,,,,
M001279,Karnataka,Kirana/Grocery,Tier 2,Field sales,2025-07-03,0,0,0,0,0,0,,,,,
M001280,Bihar,Other,Tier 1,Online,2026-05-12,0,0,0,0,0,0,,,,,
M001281,Maharashtra,Pharmacy,Tier 3+,Referral,2026-03-28,1,0,0,0,0,0,2026-03-29,,,,
M001282,Telangana,Fashion/Retail,Tier 3+,Online,2026-03-27,1,1,0,0,0,0,2026-03-27,2026-03-31,,,
M001283,Rajasthan,Food & Beverage,Tier 1,Organic QR,2025-11-21,1,1,1,0,0,0,2025-11-22,2025-11-26,2025-11-24,,
M001284,Maharashtra,Other,Tier 2,Partner,2026-04-19,1,1,1,1,0,0,2026-04-20,2026-04-26,2026-04-28,2026-05-16,
M001285,West Bengal,Kirana/Grocery,Tier 3+,Field sales,2025-11-17,1,1,1,1,1,1,2025-11-17,2025-11-24,2025-11-20,2025-12-17,2026-01-03
M001286,Maharashtra,Kirana/Grocery,Tier 2,Organic QR,2025-07-18,1,0,0,0,0,0,2025-07-19,,,,
M001287,West Bengal,Other,Tier 2,Referral,2026-05-28,1,1,1,1,1,0,2026-05-29,2026-06-04,2026-06-07,2026-06-28,
M001288,Karnataka,Other,Tier 2,Field sales,2025-09-24,1,1,1,1,1,0,2025-09-25,2025-09-26,2025-09-27,2025-10-25,
M001289,West Bengal,Services,Tier 1,Field sales,2025-08-07,1,1,1,1,1,1,2025-08-10,2025-08-12,2025-08-13,2025-09-06,2025-08-28
M001290,Rajasthan,Kirana/Grocery,Tier 2,Online,2026-02-12,0,0,0,0,0,0,,,,,
M001291,Maharashtra,Food & Beverage,Tier 2,Field sales,2025-09-24,1,1,1,0,0,0,2025-09-27,2025-09-25,2025-09-29,,
M001292,Maharashtra,Pharmacy,Tier 1,Partner,2026-05-10,1,1,1,1,1,0,2026-05-12,2026-05-13,2026-05-16,2026-06-14,
M001293,Maharashtra,Fashion/Retail,Tier 1,Field sales,2025-12-09,1,1,1,1,0,0,2025-12-10,2025-12-16,2025-12-16,2026-01-09,
M001294,Rajasthan,Food & Beverage,Tier 2,Field sales,2025-07-02,1,1,1,1,1,0,2025-07-05,2025-07-04,2025-07-11,2025-08-06,
M001295,Madhya Pradesh,Kirana/Grocery,Tier 2,Field sales,2026-06-13,1,0,0,0,0,0,2026-06-13,,,,
M001296,Uttar Pradesh,Services,Tier 2,Organic QR,2026-01-04,0,0,0,0,0,0,,,,,
M001297,Uttar Pradesh,Pharmacy,Tier 1,Referral,2025-10-04,1,1,1,1,1,1,2025-10-04,2025-10-06,2025-10-07,2025-10-27,2025-12-31
M001298,Rajasthan,Food & Beverage,Tier 3+,Online,2026-03-05,1,0,0,0,0,0,2026-03-08,,,,
M001299,Uttar Pradesh,Services,Tier 1,Field sales,2026-01-10,0,0,0,0,0,0,,,,,
M001300,Bihar,Other,Tier 2,Field sales,2025-07-11,1,1,1,1,1,0,2025-07-14,2025-07-15,2025-07-14,2025-08-10,
M001301,Uttar Pradesh,Kirana/Grocery,Tier 1,Referral,2026-04-04,1,1,1,1,0,0,2026-04-04,2026-04-11,2026-04-12,2026-05-04,
M001302,Bihar,Services,Tier 3+,Field sales,2025-11-24,1,0,0,0,0,0,2025-11-25,,,,
M001303,West Bengal,Services,Tier 2,Field sales,2026-03-13,1,0,0,0,0,0,2026-03-13,,,,
M001304,Telangana,Services,Tier 2,Organic QR,2026-05-23,1,1,1,1,1,0,2026-05-26,2026-05-28,2026-05-26,2026-06-17,
M001305,Maharashtra,Fashion/Retail,Tier 3+,Referral,2026-02-08,1,1,0,0,0,0,2026-02-09,2026-02-09,,,
M001306,Maharashtra,Services,Tier 3+,Field sales,2026-03-03,1,1,1,1,1,0,2026-03-06,2026-03-10,2026-03-10,2026-03-31,
M001307,Uttar Pradesh,Services,Tier 2,Field sales,2025-10-01,0,0,0,0,0,0,,,,,
M001308,Telangana,Kirana/Grocery,Tier 2,Online,2025-09-25,1,1,1,0,0,0,2025-09-28,2025-09-27,2025-09-28,,
M001309,West Bengal,Pharmacy,Tier 3+,Online,2025-11-29,1,0,0,0,0,0,2025-11-29,,,,
M001310,Rajasthan,Kirana/Grocery,Tier 3+,Partner,2026-05-08,0,0,0,0,0,0,,,,,
M001311,Uttar Pradesh,Kirana/Grocery,Tier 3+,Partner,2026-01-08,1,1,1,0,0,0,2026-01-11,2026-01-11,2026-01-13,,
M001312,Madhya Pradesh,Food & Beverage,Tier 3+,Online,2025-11-05,1,1,1,0,0,0,2025-11-08,2025-11-10,2025-11-12,,
M001313,Karnataka,Services,Tier 3+,Partner,2026-04-11,1,1,0,0,0,0,2026-04-13,2026-04-16,,,
M001314,Madhya Pradesh,Other,Tier 3+,Referral,2026-05-08,1,1,1,1,1,0,2026-05-11,2026-05-15,2026-05-13,2026-06-03,
M001315,Maharashtra,Pharmacy,Tier 1,Organic QR,2026-05-26,0,0,0,0,0,0,,,,,
M001316,Rajasthan,Fashion/Retail,Tier 3+,Field sales,2025-10-18,1,1,1,0,0,0,2025-10-21,2025-10-19,2025-10-25,,
M001317,West Bengal,Food & Beverage,Tier 3+,Referral,2026-03-17,1,0,0,0,0,0,2026-03-19,,,,
M001318,Madhya Pradesh,Services,Tier 2,Partner,2026-02-01,1,1,1,1,1,0,2026-02-03,2026-02-04,2026-02-11,2026-02-22,
M001319,Madhya Pradesh,Other,Tier 2,Field sales,2025-12-11,1,1,0,0,0,0,2025-12-14,2025-12-13,,,
M001320,Uttar Pradesh,Food & Beverage,Tier 2,Partner,2025-11-22,1,1,1,1,1,1,2025-11-22,2025-11-26,2025-11-28,2025-12-18,2026-02-03
M001321,Madhya Pradesh,Fashion/Retail,Tier 3+,Referral,2025-08-11,1,1,1,1,1,1,2025-08-12,2025-08-13,2025-08-16,2025-08-31,2025-09-15
M001322,Uttar Pradesh,Services,Tier 2,Field sales,2025-10-09,1,1,1,1,0,0,2025-10-11,2025-10-11,2025-10-13,2025-11-12,
M001323,Rajasthan,Kirana/Grocery,Tier 1,Referral,2026-01-17,1,1,0,0,0,0,2026-01-17,2026-01-22,,,
M001324,Maharashtra,Services,Tier 2,Field sales,2026-05-20,1,1,1,0,0,0,2026-05-22,2026-05-21,2026-05-30,,
M001325,Karnataka,Kirana/Grocery,Tier 1,Partner,2026-05-13,1,1,0,0,0,0,2026-05-15,2026-05-16,,,
M001326,Uttar Pradesh,Kirana/Grocery,Tier 2,Online,2025-09-07,1,0,0,0,0,0,2025-09-07,,,,
M001327,Maharashtra,Kirana/Grocery,Tier 2,Online,2026-03-05,0,0,0,0,0,0,,,,,
M001328,Bihar,Kirana/Grocery,Tier 2,Online,2025-07-31,0,0,0,0,0,0,,,,,
M001329,Madhya Pradesh,Food & Beverage,Tier 1,Partner,2026-03-04,0,0,0,0,0,0,,,,,
M001330,West Bengal,Fashion/Retail,Tier 1,Organic QR,2025-11-02,1,1,1,1,0,0,2025-11-05,2025-11-07,2025-11-12,2025-12-01,
M001331,Maharashtra,Food & Beverage,Tier 1,Partner,2025-12-12,1,0,0,0,0,0,2025-12-13,,,,
M001332,West Bengal,Fashion/Retail,Tier 2,Field sales,2026-03-19,1,0,0,0,0,0,2026-03-19,,,,
M001333,Maharashtra,Services,Tier 3+,Organic QR,2025-12-03,0,0,0,0,0,0,,,,,
M001334,Uttar Pradesh,Kirana/Grocery,Tier 3+,Organic QR,2026-04-21,0,0,0,0,0,0,,,,,
M001335,Madhya Pradesh,Kirana/Grocery,Tier 3+,Organic QR,2026-01-11,1,1,1,1,0,0,2026-01-11,2026-01-14,2026-01-15,2026-02-09,
M001336,Maharashtra,Other,Tier 2,Organic QR,2026-06-30,1,0,0,0,0,0,2026-07-01,,,,
M001337,Maharashtra,Services,Tier 1,Field sales,2026-02-18,1,0,0,0,0,0,2026-02-19,,,,
M001338,Maharashtra,Other,Tier 3+,Field sales,2025-10-17,1,1,1,1,1,0,2025-10-18,2025-10-22,2025-10-21,2025-11-15,
M001339,Uttar Pradesh,Food & Beverage,Tier 2,Field sales,2026-04-09,1,1,0,0,0,0,2026-04-11,2026-04-12,,,
M001340,Madhya Pradesh,Pharmacy,Tier 1,Organic QR,2025-11-26,1,1,1,1,1,0,2025-11-28,2025-12-02,2025-11-30,2025-12-21,
M001341,Maharashtra,Fashion/Retail,Tier 2,Field sales,2026-01-11,1,1,0,0,0,0,2026-01-13,2026-01-17,,,
M001342,Maharashtra,Other,Tier 2,Online,2025-08-19,1,1,1,0,0,0,2025-08-20,2025-08-20,2025-08-27,,
M001343,Uttar Pradesh,Kirana/Grocery,Tier 1,Field sales,2025-08-13,1,1,1,1,0,0,2025-08-14,2025-08-20,2025-08-22,2025-09-14,
M001344,Karnataka,Other,Tier 1,Referral,2026-01-26,1,1,1,1,0,1,2026-01-28,2026-01-26,2026-01-29,2026-02-21,2026-03-21
M001345,Bihar,Food & Beverage,Tier 2,Field sales,2025-09-07,1,1,1,0,0,0,2025-09-07,2025-09-14,2025-09-14,,
M001346,West Bengal,Fashion/Retail,Tier 1,Online,2026-06-30,1,1,1,1,0,0,2026-07-03,2026-07-05,2026-07-07,2026-08-01,
M001347,Bihar,Services,Tier 2,Partner,2026-05-09,1,1,1,1,0,0,2026-05-10,2026-05-10,2026-05-18,2026-06-05,
M001348,Madhya Pradesh,Services,Tier 3+,Online,2026-03-13,1,1,1,1,0,0,2026-03-15,2026-03-16,2026-03-21,2026-04-09,
M001349,Uttar Pradesh,Food & Beverage,Tier 3+,Online,2026-03-26,1,1,0,0,0,0,2026-03-26,2026-04-02,,,
M001350,Madhya Pradesh,Fashion/Retail,Tier 2,Partner,2026-02-03,1,1,0,0,0,0,2026-02-03,2026-02-08,,,
M001351,Karnataka,Kirana/Grocery,Tier 1,Field sales,2025-07-23,1,1,0,0,0,0,2025-07-23,2025-07-27,,,
M001352,Maharashtra,Services,Tier 2,Organic QR,2025-11-21,1,1,1,0,0,0,2025-11-22,2025-11-22,2025-11-28,,
M001353,Rajasthan,Services,Tier 1,Field sales,2025-12-28,1,1,1,1,0,0,2025-12-30,2025-12-30,2026-01-03,2026-01-21,
M001354,Maharashtra,Pharmacy,Tier 3+,Online,2026-05-31,1,1,1,1,0,1,2026-06-03,2026-06-06,2026-06-10,2026-06-26,2026-07-20
M001355,West Bengal,Food & Beverage,Tier 3+,Online,2025-09-19,1,0,0,0,0,0,2025-09-21,,,,
M001356,Bihar,Pharmacy,Tier 2,Field sales,2025-12-29,1,1,1,1,1,1,2025-12-30,2026-01-04,2026-01-03,2026-01-21,2026-01-12
M001357,West Bengal,Food & Beverage,Tier 3+,Partner,2025-11-03,1,1,1,1,1,1,2025-11-05,2025-11-06,2025-11-06,2025-11-29,2026-01-03
M001358,Telangana,Services,Tier 2,Field sales,2025-08-19,1,0,0,0,0,0,2025-08-19,,,,
M001359,Uttar Pradesh,Pharmacy,Tier 2,Partner,2025-08-07,1,0,0,0,0,0,2025-08-07,,,,
M001360,Bihar,Pharmacy,Tier 3+,Partner,2025-11-11,0,0,0,0,0,0,,,,,
M001361,Karnataka,Fashion/Retail,Tier 1,Organic QR,2025-07-31,1,0,0,0,0,0,2025-08-03,,,,
M001362,Uttar Pradesh,Services,Tier 1,Online,2025-07-25,1,1,1,1,0,1,2025-07-28,2025-07-29,2025-08-03,2025-08-19,2025-09-15
M001363,Rajasthan,Kirana/Grocery,Tier 3+,Field sales,2025-11-06,1,0,0,0,0,0,2025-11-09,,,,
M001364,West Bengal,Pharmacy,Tier 2,Referral,2025-09-12,1,1,0,0,0,0,2025-09-15,2025-09-17,,,
M001365,Bihar,Kirana/Grocery,Tier 1,Partner,2026-01-19,0,0,0,0,0,0,,,,,
M001366,Maharashtra,Kirana/Grocery,Tier 1,Field sales,2025-07-07,1,0,0,0,0,0,2025-07-09,,,,
M001367,Uttar Pradesh,Fashion/Retail,Tier 2,Organic QR,2025-10-19,1,0,0,0,0,0,2025-10-22,,,,
M001368,Rajasthan,Food & Beverage,Tier 2,Field sales,2025-12-13,0,0,0,0,0,0,,,,,
M001369,Maharashtra,Services,Tier 2,Organic QR,2026-06-17,1,1,1,1,1,0,2026-06-17,2026-06-24,2026-06-21,2026-07-22,
M001370,Uttar Pradesh,Other,Tier 1,Online,2026-02-17,1,1,0,0,0,0,2026-02-17,2026-02-18,,,
M001371,Karnataka,Kirana/Grocery,Tier 2,Field sales,2026-05-18,1,1,0,0,0,0,2026-05-21,2026-05-18,,,
M001372,Maharashtra,Kirana/Grocery,Tier 2,Field sales,2025-11-03,1,1,1,0,0,0,2025-11-03,2025-11-03,2025-11-12,,
M001373,Uttar Pradesh,Kirana/Grocery,Tier 3+,Organic QR,2025-12-12,1,1,0,0,0,0,2025-12-13,2025-12-16,,,
M001374,Maharashtra,Kirana/Grocery,Tier 2,Field sales,2025-12-01,1,0,0,0,0,0,2025-12-02,,,,
M001375,Rajasthan,Pharmacy,Tier 2,Field sales,2026-05-20,1,1,1,1,1,0,2026-05-22,2026-05-22,2026-05-23,2026-06-15,
M001376,Maharashtra,Fashion/Retail,Tier 3+,Partner,2026-06-16,1,1,1,0,0,0,2026-06-17,2026-06-16,2026-06-26,,
M001377,Bihar,Services,Tier 1,Organic QR,2026-06-17,1,1,0,0,0,0,2026-06-20,2026-06-20,,,
M001378,Karnataka,Kirana/Grocery,Tier 1,Referral,2026-04-01,1,1,1,1,0,0,2026-04-02,2026-04-05,2026-04-09,2026-05-02,
M001379,West Bengal,Services,Tier 1,Organic QR,2025-12-31,1,1,1,1,1,0,2026-01-03,2026-01-03,2026-01-10,2026-01-25,
M001380,Maharashtra,Kirana/Grocery,Tier 2,Partner,2026-01-14,1,1,1,1,1,0,2026-01-16,2026-01-19,2026-01-19,2026-02-08,
M001381,Uttar Pradesh,Pharmacy,Tier 3+,Organic QR,2026-06-23,1,1,1,0,0,0,2026-06-23,2026-06-24,2026-06-29,,
M001382,Telangana,Services,Tier 2,Field sales,2025-10-12,0,0,0,0,0,0,,,,,
M001383,Karnataka,Kirana/Grocery,Tier 3+,Organic QR,2025-11-04,1,1,1,1,1,1,2025-11-07,2025-11-11,2025-11-13,2025-11-29,2026-01-08
M001384,Uttar Pradesh,Fashion/Retail,Tier 1,Partner,2026-05-24,1,1,0,0,0,0,2026-05-24,2026-05-27,,,
M001385,Madhya Pradesh,Pharmacy,Tier 2,Online,2025-11-19,1,1,1,0,0,0,2025-11-21,2025-11-22,2025-11-28,,
M001386,West Bengal,Food & Beverage,Tier 2,Field sales,2025-09-24,1,0,0,0,0,0,2025-09-26,,,,
M001387,Telangana,Services,Tier 1,Organic QR,2026-01-21,1,1,1,1,1,0,2026-01-21,2026-01-25,2026-01-24,2026-02-21,
M001388,Maharashtra,Services,Tier 2,Partner,2025-10-27,1,1,1,0,0,0,2025-10-30,2025-11-03,2025-11-02,,
M001389,Bihar,Kirana/Grocery,Tier 2,Field sales,2026-05-22,1,1,1,1,0,0,2026-05-22,2026-05-24,2026-05-26,2026-06-14,
M001390,Rajasthan,Kirana/Grocery,Tier 2,Referral,2026-05-28,1,1,1,1,1,1,2026-05-29,2026-05-31,2026-06-02,2026-06-25,2026-06-26
M001391,Karnataka,Pharmacy,Tier 3+,Field sales,2025-10-20,0,0,0,0,0,0,,,,,
M001392,Bihar,Other,Tier 3+,Online,2026-01-10,1,1,1,0,0,0,2026-01-10,2026-01-12,2026-01-13,,
M001393,Uttar Pradesh,Services,Tier 2,Organic QR,2026-06-25,1,0,0,0,0,0,2026-06-25,,,,
M001394,Rajasthan,Services,Tier 3+,Field sales,2026-03-28,1,1,1,1,0,0,2026-03-28,2026-04-01,2026-04-04,2026-04-25,
M001395,Telangana,Services,Tier 1,Partner,2025-09-17,1,0,0,0,0,0,2025-09-17,,,,
M001396,Uttar Pradesh,Food & Beverage,Tier 1,Field sales,2026-02-01,1,0,0,0,0,0,2026-02-01,,,,
M001397,Karnataka,Kirana/Grocery,Tier 2,Partner,2026-02-12,1,1,1,1,1,1,2026-02-14,2026-02-16,2026-02-22,2026-03-13,2026-05-01
M001398,Bihar,Food & Beverage,Tier 2,Referral,2026-02-24,0,0,0,0,0,0,,,,,
M001399,Maharashtra,Other,Tier 2,Organic QR,2025-07-10,1,1,0,0,0,0,2025-07-10,2025-07-17,,,
M001400,Bihar,Fashion/Retail,Tier 2,Field sales,2025-10-18,1,1,1,1,1,0,2025-10-20,2025-10-18,2025-10-27,2025-11-08,
M001401,Madhya Pradesh,Other,Tier 3+,Organic QR,2026-05-08,1,1,1,1,0,1,2026-05-09,2026-05-13,2026-05-16,2026-06-11,2026-07-16
M001402,Bihar,Kirana/Grocery,Tier 1,Organic QR,2025-09-27,1,1,1,1,1,1,2025-09-27,2025-09-27,2025-09-30,2025-10-21,2025-10-24
M001403,Maharashtra,Services,Tier 3+,Partner,2025-10-18,1,1,1,0,0,0,2025-10-18,2025-10-22,2025-10-21,,
M001404,Karnataka,Services,Tier 2,Partner,2025-10-26,1,0,0,0,0,0,2025-10-29,,,,
M001405,Uttar Pradesh,Kirana/Grocery,Tier 2,Organic QR,2025-09-03,1,1,1,1,0,1,2025-09-06,2025-09-06,2025-09-11,2025-10-02,2025-10-28
M001406,Rajasthan,Kirana/Grocery,Tier 1,Referral,2025-08-26,1,1,0,0,0,0,2025-08-28,2025-08-26,,,
M001407,West Bengal,Fashion/Retail,Tier 1,Referral,2025-11-04,1,1,1,1,1,0,2025-11-06,2025-11-04,2025-11-12,2025-11-29,
M001408,Telangana,Pharmacy,Tier 2,Partner,2026-05-16,0,0,0,0,0,0,,,,,
M001409,Madhya Pradesh,Services,Tier 3+,Field sales,2025-07-01,0,0,0,0,0,0,,,,,
M001410,Maharashtra,Kirana/Grocery,Tier 2,Organic QR,2025-10-12,1,1,1,0,0,0,2025-10-12,2025-10-18,2025-10-15,,
M001411,Telangana,Services,Tier 1,Organic QR,2025-07-23,1,1,1,1,1,0,2025-07-26,2025-07-28,2025-07-29,2025-08-26,
M001412,Maharashtra,Kirana/Grocery,Tier 3+,Referral,2026-01-21,1,1,1,1,1,0,2026-01-22,2026-01-25,2026-01-31,2026-02-25,
M001413,Bihar,Kirana/Grocery,Tier 2,Referral,2025-09-30,1,0,0,0,0,0,2025-10-02,,,,
M001414,Maharashtra,Services,Tier 3+,Online,2026-04-16,1,0,0,0,0,0,2026-04-19,,,,
M001415,Karnataka,Food & Beverage,Tier 2,Field sales,2026-01-30,1,0,0,0,0,0,2026-01-31,,,,
M001416,Bihar,Other,Tier 2,Partner,2026-04-13,1,1,1,1,1,0,2026-04-14,2026-04-17,2026-04-23,2026-05-11,
M001417,Uttar Pradesh,Food & Beverage,Tier 2,Online,2026-02-17,1,1,1,1,0,1,2026-02-18,2026-02-17,2026-02-25,2026-03-23,2026-05-07
M001418,Maharashtra,Kirana/Grocery,Tier 2,Field sales,2025-12-08,1,1,1,1,0,0,2025-12-11,2025-12-08,2025-12-12,2026-01-09,
M001419,Maharashtra,Kirana/Grocery,Tier 2,Field sales,2026-05-11,1,1,0,0,0,0,2026-05-13,2026-05-17,,,
M001420,Uttar Pradesh,Pharmacy,Tier 1,Field sales,2025-12-21,1,1,1,1,0,0,2025-12-23,2025-12-23,2025-12-25,2026-01-25,
M001421,Telangana,Kirana/Grocery,Tier 3+,Partner,2026-06-12,0,0,0,0,0,0,,,,,
M001422,Karnataka,Kirana/Grocery,Tier 3+,Organic QR,2026-06-29,1,1,1,1,1,1,2026-06-30,2026-07-05,2026-07-02,2026-07-27,2026-07-11
M001423,Rajasthan,Food & Beverage,Tier 2,Field sales,2026-01-31,1,1,1,1,1,1,2026-02-01,2026-01-31,2026-02-04,2026-03-02,2026-02-18
M001424,Karnataka,Kirana/Grocery,Tier 2,Organic QR,2026-03-04,1,0,0,0,0,0,2026-03-06,,,,
M001425,Rajasthan,Services,Tier 3+,Referral,2025-10-02,1,1,1,1,0,0,2025-10-02,2025-10-07,2025-10-06,2025-10-31,
M001426,Telangana,Food & Beverage,Tier 1,Online,2026-04-24,1,1,1,1,1,0,2026-04-24,2026-05-01,2026-05-04,2026-05-25,
M001427,Karnataka,Kirana/Grocery,Tier 2,Referral,2026-03-03,1,1,0,0,0,0,2026-03-05,2026-03-06,,,
M001428,Maharashtra,Fashion/Retail,Tier 1,Online,2026-05-26,0,0,0,0,0,0,,,,,
M001429,Karnataka,Food & Beverage,Tier 1,Partner,2025-10-06,1,1,1,1,1,1,2025-10-09,2025-10-08,2025-10-16,2025-11-01,2025-12-21
M001430,Maharashtra,Services,Tier 1,Referral,2026-04-14,1,1,0,0,0,0,2026-04-15,2026-04-19,,,
M001431,Telangana,Kirana/Grocery,Tier 3+,Organic QR,2025-12-19,1,1,1,1,0,0,2025-12-20,2025-12-22,2025-12-28,2026-01-14,
M001432,West Bengal,Services,Tier 1,Online,2025-09-06,1,1,1,1,1,1,2025-09-08,2025-09-08,2025-09-16,2025-10-06,2025-09-21
M001433,Madhya Pradesh,Kirana/Grocery,Tier 3+,Online,2025-09-01,1,1,1,1,1,0,2025-09-01,2025-09-07,2025-09-08,2025-10-05,
M001434,Telangana,Services,Tier 3+,Partner,2026-01-22,0,0,0,0,0,0,,,,,
M001435,Uttar Pradesh,Kirana/Grocery,Tier 1,Organic QR,2025-10-25,1,1,1,1,0,1,2025-10-25,2025-10-30,2025-10-28,2025-11-15,2025-12-03
M001436,Uttar Pradesh,Other,Tier 3+,Field sales,2025-08-07,1,1,0,0,0,0,2025-08-09,2025-08-08,,,
M001437,Madhya Pradesh,Kirana/Grocery,Tier 2,Field sales,2025-12-03,0,0,0,0,0,0,,,,,
M001438,Karnataka,Other,Tier 3+,Field sales,2026-02-24,1,1,0,0,0,0,2026-02-25,2026-02-27,,,
M001439,Karnataka,Other,Tier 2,Field sales,2025-10-25,0,0,0,0,0,0,,,,,
M001440,Telangana,Food & Beverage,Tier 2,Organic QR,2026-06-14,1,1,1,1,0,0,2026-06-14,2026-06-15,2026-06-23,2026-07-19,
M001441,Maharashtra,Food & Beverage,Tier 1,Field sales,2026-04-11,1,1,0,0,0,0,2026-04-13,2026-04-14,,,
M001442,Telangana,Food & Beverage,Tier 3+,Online,2026-01-04,1,0,0,0,0,0,2026-01-07,,,,
M001443,Madhya Pradesh,Other,Tier 1,Partner,2026-06-07,0,0,0,0,0,0,,,,,
M001444,West Bengal,Services,Tier 3+,Referral,2025-12-06,0,0,0,0,0,0,,,,,
M001445,Maharashtra,Services,Tier 1,Organic QR,2025-08-20,1,1,0,0,0,0,2025-08-21,2025-08-26,,,
M001446,Uttar Pradesh,Kirana/Grocery,Tier 2,Field sales,2025-07-14,1,1,1,0,0,0,2025-07-16,2025-07-19,2025-07-21,,
M001447,Uttar Pradesh,Fashion/Retail,Tier 2,Field sales,2026-06-08,1,0,0,0,0,0,2026-06-10,,,,
M001448,Uttar Pradesh,Kirana/Grocery,Tier 1,Online,2026-06-16,1,1,1,0,0,0,2026-06-18,2026-06-20,2026-06-20,,
M001449,Uttar Pradesh,Kirana/Grocery,Tier 1,Field sales,2026-03-27,1,1,1,1,0,0,2026-03-28,2026-03-29,2026-04-04,2026-04-26,
M001450,Maharashtra,Kirana/Grocery,Tier 1,Partner,2025-08-07,1,1,0,0,0,0,2025-08-07,2025-08-09,,,
M001451,Madhya Pradesh,Food & Beverage,Tier 3+,Field sales,2025-10-16,1,1,1,1,0,0,2025-10-16,2025-10-21,2025-10-21,2025-11-05,
M001452,West Bengal,Other,Tier 3+,Field sales,2025-07-15,1,1,1,1,1,1,2025-07-17,2025-07-16,2025-07-18,2025-08-12,2025-10-03
M001453,Rajasthan,Fashion/Retail,Tier 1,Field sales,2025-07-19,1,1,1,0,0,0,2025-07-21,2025-07-26,2025-07-22,,
M001454,Rajasthan,Kirana/Grocery,Tier 2,Organic QR,2025-09-28,1,1,1,1,0,0,2025-09-28,2025-10-04,2025-10-01,2025-11-01,
M001455,Uttar Pradesh,Food & Beverage,Tier 1,Field sales,2026-01-25,1,1,1,1,1,0,2026-01-25,2026-01-31,2026-01-31,2026-02-25,
M001456,Telangana,Fashion/Retail,Tier 3+,Online,2025-07-24,1,1,1,1,0,1,2025-07-25,2025-07-25,2025-07-27,2025-08-21,2025-10-04
M001457,Maharashtra,Services,Tier 3+,Field sales,2026-06-25,1,1,1,0,0,0,2026-06-28,2026-06-27,2026-07-02,,
M001458,Rajasthan,Kirana/Grocery,Tier 3+,Field sales,2025-12-14,1,1,1,1,1,0,2025-12-16,2025-12-17,2025-12-22,2026-01-03,
M001459,Maharashtra,Food & Beverage,Tier 3+,Field sales,2025-10-05,0,0,0,0,0,0,,,,,
M001460,Madhya Pradesh,Services,Tier 2,Online,2026-01-05,1,1,0,0,0,0,2026-01-08,2026-01-11,,,
M001461,Uttar Pradesh,Other,Tier 1,Partner,2026-04-15,1,1,1,1,1,0,2026-04-15,2026-04-16,2026-04-23,2026-05-12,
M001462,Uttar Pradesh,Services,Tier 3+,Partner,2025-10-23,1,0,0,0,0,0,2025-10-26,,,,
M001463,Telangana,Kirana/Grocery,Tier 1,Organic QR,2025-07-18,1,0,0,0,0,0,2025-07-20,,,,
M001464,West Bengal,Pharmacy,Tier 1,Online,2025-07-19,1,0,0,0,0,0,2025-07-19,,,,
M001465,Maharashtra,Kirana/Grocery,Tier 1,Field sales,2026-05-07,1,1,1,0,0,0,2026-05-09,2026-05-13,2026-05-17,,
M001466,Maharashtra,Fashion/Retail,Tier 3+,Referral,2025-08-10,1,1,1,1,0,0,2025-08-11,2025-08-13,2025-08-20,2025-09-03,
M001467,Maharashtra,Food & Beverage,Tier 2,Referral,2026-02-17,1,1,1,0,0,0,2026-02-20,2026-02-24,2026-02-20,,
M001468,Rajasthan,Kirana/Grocery,Tier 3+,Field sales,2025-11-18,1,0,0,0,0,0,2025-11-19,,,,
M001469,West Bengal,Food & Beverage,Tier 2,Field sales,2026-04-10,1,0,0,0,0,0,2026-04-11,,,,
M001470,Karnataka,Kirana/Grocery,Tier 1,Organic QR,2025-07-23,1,1,0,0,0,0,2025-07-26,2025-07-23,,,
M001471,West Bengal,Kirana/Grocery,Tier 2,Field sales,2026-05-24,1,1,1,0,0,0,2026-05-25,2026-05-29,2026-05-29,,
M001472,Karnataka,Services,Tier 3+,Field sales,2026-03-12,1,1,1,1,0,0,2026-03-14,2026-03-12,2026-03-16,2026-04-14,
M001473,Rajasthan,Pharmacy,Tier 1,Organic QR,2025-12-11,0,0,0,0,0,0,,,,,
M001474,Maharashtra,Fashion/Retail,Tier 3+,Field sales,2025-09-14,1,1,1,0,0,0,2025-09-17,2025-09-16,2025-09-19,,
M001475,Uttar Pradesh,Food & Beverage,Tier 2,Partner,2026-06-22,1,1,1,1,0,1,2026-06-24,2026-06-26,2026-06-28,2026-07-21,2026-07-28
M001476,Rajasthan,Kirana/Grocery,Tier 3+,Organic QR,2025-10-19,1,1,1,1,1,0,2025-10-20,2025-10-25,2025-10-28,2025-11-12,
M001477,Uttar Pradesh,Food & Beverage,Tier 3+,Partner,2025-12-27,0,0,0,0,0,0,,,,,
M001478,Karnataka,Food & Beverage,Tier 2,Organic QR,2025-11-21,1,0,0,0,0,0,2025-11-22,,,,
M001479,Madhya Pradesh,Kirana/Grocery,Tier 3+,Organic QR,2025-09-23,1,0,0,0,0,0,2025-09-24,,,,
M001480,West Bengal,Other,Tier 2,Organic QR,2025-11-30,1,1,1,1,1,1,2025-12-03,2025-12-04,2025-12-06,2025-12-27,2026-01-26
M001481,Uttar Pradesh,Other,Tier 3+,Online,2025-08-25,1,1,1,0,0,0,2025-08-26,2025-08-27,2025-08-29,,
M001482,Rajasthan,Kirana/Grocery,Tier 3+,Organic QR,2025-07-01,1,1,1,0,0,0,2025-07-02,2025-07-02,2025-07-05,,
M001483,Madhya Pradesh,Fashion/Retail,Tier 2,Partner,2025-10-14,1,1,1,0,0,0,2025-10-15,2025-10-16,2025-10-23,,
M001484,Karnataka,Services,Tier 1,Referral,2025-08-10,1,0,0,0,0,0,2025-08-10,,,,
M001485,Madhya Pradesh,Kirana/Grocery,Tier 3+,Partner,2025-11-29,1,1,1,1,1,0,2025-11-29,2025-11-30,2025-12-03,2025-12-29,
M001486,Karnataka,Services,Tier 3+,Field sales,2026-05-11,1,1,1,1,1,0,2026-05-14,2026-05-11,2026-05-19,2026-06-01,
M001487,Bihar,Kirana/Grocery,Tier 2,Field sales,2025-08-29,1,1,1,1,1,0,2025-09-01,2025-09-04,2025-09-02,2025-09-25,
M001488,Maharashtra,Kirana/Grocery,Tier 3+,Organic QR,2025-07-01,1,1,0,0,0,0,2025-07-04,2025-07-08,,,
M001489,Karnataka,Other,Tier 2,Partner,2025-08-10,1,1,1,0,0,0,2025-08-13,2025-08-13,2025-08-20,,
M001490,Uttar Pradesh,Services,Tier 2,Referral,2026-01-02,1,1,1,1,1,1,2026-01-02,2026-01-04,2026-01-07,2026-01-22,2026-03-17
M001491,Uttar Pradesh,Kirana/Grocery,Tier 2,Partner,2025-10-09,1,1,1,1,1,0,2025-10-10,2025-10-13,2025-10-19,2025-10-31,
M001492,Madhya Pradesh,Food & Beverage,Tier 1,Field sales,2025-12-26,1,1,1,0,0,0,2025-12-26,2025-12-26,2026-01-04,,
M001493,West Bengal,Other,Tier 2,Referral,2025-07-11,1,1,0,0,0,0,2025-07-11,2025-07-13,,,
M001494,Maharashtra,Food & Beverage,Tier 2,Partner,2025-10-30,1,1,1,1,1,0,2025-10-30,2025-11-02,2025-11-06,2025-11-25,
M001495,Karnataka,Other,Tier 1,Online,2025-11-27,1,0,0,0,0,0,2025-11-27,,,,
M001496,Telangana,Fashion/Retail,Tier 1,Referral,2025-12-05,1,1,1,1,0,0,2025-12-08,2025-12-09,2025-12-11,2026-01-03,
M001497,Uttar Pradesh,Food & Beverage,Tier 3+,Organic QR,2026-01-18,1,1,1,1,1,0,2026-01-20,2026-01-20,2026-01-23,2026-02-13,
M001498,Uttar Pradesh,Pharmacy,Tier 3+,Partner,2026-04-11,1,1,1,0,0,0,2026-04-14,2026-04-14,2026-04-21,,
M001499,Madhya Pradesh,Services,Tier 3+,Partner,2025-12-18,1,1,0,0,0,0,2025-12-19,2025-12-19,,,
M001500,Bihar,Fashion/Retail,Tier 1,Field sales,2026-05-04,1,1,1,1,1,0,2026-05-06,2026-05-06,2026-05-14,2026-06-07,
M001501,Maharashtra,Food & Beverage,Tier 3+,Organic QR,2026-01-10,1,1,1,1,1,0,2026-01-11,2026-01-12,2026-01-19,2026-02-05,
M001502,Uttar Pradesh,Kirana/Grocery,Tier 1,Field sales,2025-10-04,1,0,0,0,0,0,2025-10-06,,,,
M001503,Rajasthan,Kirana/Grocery,Tier 1,Field sales,2025-09-22,1,1,1,0,0,0,2025-09-24,2025-09-26,2025-10-01,,
M001504,Uttar Pradesh,Services,Tier 3+,Partner,2025-10-26,1,1,1,1,1,1,2025-10-26,2025-11-02,2025-11-02,2025-11-25,2025-12-07
M001505,Maharashtra,Fashion/Retail,Tier 2,Organic QR,2026-02-04,1,0,0,0,0,0,2026-02-06,,,,
M001506,Uttar Pradesh,Pharmacy,Tier 3+,Referral,2025-09-27,1,1,0,0,0,0,2025-09-27,2025-09-27,,,
M001507,Uttar Pradesh,Services,Tier 1,Organic QR,2026-05-30,1,1,1,1,1,0,2026-05-30,2026-05-31,2026-06-06,2026-07-04,
M001508,Karnataka,Kirana/Grocery,Tier 1,Referral,2025-12-23,1,1,1,1,0,0,2025-12-26,2025-12-24,2026-01-01,2026-01-22,
M001509,Bihar,Kirana/Grocery,Tier 2,Partner,2026-05-12,0,0,0,0,0,0,,,,,
M001510,Telangana,Fashion/Retail,Tier 1,Referral,2026-03-07,1,1,0,0,0,0,2026-03-09,2026-03-08,,,
M001511,Rajasthan,Services,Tier 1,Organic QR,2025-10-30,1,0,0,0,0,0,2025-10-30,,,,
M001512,Uttar Pradesh,Fashion/Retail,Tier 1,Online,2025-09-22,1,1,1,1,1,0,2025-09-22,2025-09-25,2025-09-29,2025-10-15,
M001513,Madhya Pradesh,Kirana/Grocery,Tier 2,Organic QR,2026-03-29,1,1,1,1,1,1,2026-03-29,2026-04-05,2026-04-02,2026-04-18,2026-06-09
M001514,Maharashtra,Food & Beverage,Tier 3+,Referral,2025-10-29,1,0,0,0,0,0,2025-10-31,,,,
M001515,Maharashtra,Other,Tier 1,Organic QR,2025-09-29,1,1,1,1,0,0,2025-10-01,2025-10-01,2025-10-02,2025-10-30,
M001516,Telangana,Kirana/Grocery,Tier 2,Field sales,2026-06-05,1,1,1,1,0,0,2026-06-07,2026-06-10,2026-06-13,2026-06-28,
M001517,Uttar Pradesh,Kirana/Grocery,Tier 2,Partner,2025-12-24,0,0,0,0,0,0,,,,,
M001518,Karnataka,Services,Tier 2,Organic QR,2025-07-18,1,1,1,0,0,0,2025-07-18,2025-07-24,2025-07-28,,
M001519,Bihar,Services,Tier 2,Field sales,2025-12-28,0,0,0,0,0,0,,,,,
M001520,Karnataka,Other,Tier 2,Organic QR,2025-12-16,1,1,1,0,0,0,2025-12-17,2025-12-17,2025-12-26,,
M001521,Maharashtra,Other,Tier 3+,Field sales,2026-05-12,0,0,0,0,0,0,,,,,
M001522,Uttar Pradesh,Pharmacy,Tier 1,Online,2026-03-17,1,0,0,0,0,0,2026-03-17,,,,
M001523,Bihar,Kirana/Grocery,Tier 3+,Partner,2025-09-08,1,1,1,1,0,1,2025-09-11,2025-09-09,2025-09-13,2025-09-30,2025-11-25
M001524,Madhya Pradesh,Food & Beverage,Tier 1,Field sales,2025-08-24,1,0,0,0,0,0,2025-08-24,,,,
M001525,Bihar,Other,Tier 2,Referral,2026-02-06,1,1,0,0,0,0,2026-02-09,2026-02-11,,,
M001526,Uttar Pradesh,Food & Beverage,Tier 2,Partner,2025-07-18,1,1,1,1,0,0,2025-07-18,2025-07-19,2025-07-25,2025-08-20,
M001527,Bihar,Other,Tier 1,Partner,2025-10-25,1,0,0,0,0,0,2025-10-28,,,,
M001528,Bihar,Services,Tier 1,Organic QR,2025-08-20,1,0,0,0,0,0,2025-08-21,,,,
M001529,Karnataka,Kirana/Grocery,Tier 1,Field sales,2025-07-08,1,0,0,0,0,0,2025-07-09,,,,
M001530,Uttar Pradesh,Services,Tier 1,Field sales,2026-06-01,1,1,1,1,1,0,2026-06-03,2026-06-07,2026-06-08,2026-06-21,
M001531,Bihar,Pharmacy,Tier 2,Referral,2025-08-02,0,0,0,0,0,0,,,,,
M001532,Telangana,Kirana/Grocery,Tier 1,Referral,2025-07-04,1,1,1,1,1,0,2025-07-07,2025-07-04,2025-07-10,2025-07-29,
M001533,Rajasthan,Food & Beverage,Tier 3+,Referral,2026-06-06,1,1,0,0,0,0,2026-06-07,2026-06-10,,,
M001534,Uttar Pradesh,Pharmacy,Tier 3+,Field sales,2025-09-07,1,0,0,0,0,0,2025-09-08,,,,
M001535,Uttar Pradesh,Kirana/Grocery,Tier 1,Referral,2026-04-25,0,0,0,0,0,0,,,,,
M001536,Maharashtra,Food & Beverage,Tier 1,Organic QR,2025-07-12,1,1,1,0,0,0,2025-07-13,2025-07-18,2025-07-19,,
M001537,Rajasthan,Pharmacy,Tier 2,Partner,2025-08-26,1,1,1,1,0,1,2025-08-27,2025-09-02,2025-09-03,2025-09-24,2025-10-29
M001538,Madhya Pradesh,Fashion/Retail,Tier 3+,Field sales,2025-08-10,0,0,0,0,0,0,,,,,
M001539,Maharashtra,Services,Tier 2,Referral,2026-03-15,1,1,1,1,0,0,2026-03-18,2026-03-21,2026-03-18,2026-04-18,
M001540,Telangana,Other,Tier 1,Online,2026-02-12,1,1,0,0,0,0,2026-02-14,2026-02-17,,,
M001541,Maharashtra,Other,Tier 3+,Field sales,2025-12-21,1,1,1,1,1,1,2025-12-24,2025-12-28,2025-12-25,2026-01-23,2026-02-24
M001542,Maharashtra,Food & Beverage,Tier 2,Referral,2025-09-27,1,1,1,1,1,0,2025-09-30,2025-10-01,2025-10-01,2025-10-27,
M001543,West Bengal,Kirana/Grocery,Tier 2,Partner,2025-08-02,0,0,0,0,0,0,,,,,
M001544,Uttar Pradesh,Fashion/Retail,Tier 3+,Field sales,2026-01-24,0,0,0,0,0,0,,,,,
M001545,Telangana,Kirana/Grocery,Tier 3+,Field sales,2025-09-23,1,1,0,0,0,0,2025-09-24,2025-09-30,,,
M001546,Karnataka,Fashion/Retail,Tier 2,Partner,2026-02-01,1,1,1,0,0,0,2026-02-04,2026-02-08,2026-02-06,,
M001547,West Bengal,Services,Tier 1,Field sales,2026-03-08,0,0,0,0,0,0,,,,,
M001548,Karnataka,Food & Beverage,Tier 2,Field sales,2026-05-07,1,0,0,0,0,0,2026-05-07,,,,
M001549,Bihar,Services,Tier 1,Online,2025-12-28,1,0,0,0,0,0,2025-12-28,,,,
M001550,Karnataka,Services,Tier 2,Organic QR,2025-07-02,0,0,0,0,0,0,,,,,
M001551,Maharashtra,Other,Tier 1,Referral,2025-10-11,1,0,0,0,0,0,2025-10-12,,,,
M001552,Bihar,Kirana/Grocery,Tier 2,Partner,2026-05-08,1,1,1,1,0,0,2026-05-08,2026-05-14,2026-05-16,2026-06-02,
M001553,Maharashtra,Other,Tier 3+,Organic QR,2026-01-11,1,1,1,1,1,1,2026-01-11,2026-01-16,2026-01-16,2026-02-03,2026-02-06
M001554,Rajasthan,Kirana/Grocery,Tier 3+,Referral,2026-02-11,1,1,1,1,0,0,2026-02-12,2026-02-18,2026-02-19,2026-03-11,
M001555,Karnataka,Pharmacy,Tier 3+,Field sales,2025-12-15,1,1,1,1,0,0,2025-12-15,2025-12-22,2025-12-18,2026-01-13,
M001556,Bihar,Other,Tier 1,Field sales,2025-08-29,1,1,1,1,1,0,2025-09-01,2025-09-01,2025-09-05,2025-09-28,
M001557,Bihar,Food & Beverage,Tier 1,Partner,2026-05-24,1,0,0,0,0,0,2026-05-26,,,,
M001558,Bihar,Kirana/Grocery,Tier 2,Online,2026-04-09,1,1,0,0,0,0,2026-04-12,2026-04-11,,,
M001559,Maharashtra,Fashion/Retail,Tier 1,Organic QR,2026-06-29,0,0,0,0,0,0,,,,,
M001560,Bihar,Fashion/Retail,Tier 1,Online,2026-05-09,0,0,0,0,0,0,,,,,
M001561,West Bengal,Food & Beverage,Tier 3+,Referral,2025-10-15,1,1,1,1,1,1,2025-10-17,2025-10-20,2025-10-23,2025-11-19,2025-12-31
M001562,Karnataka,Services,Tier 2,Organic QR,2025-10-01,1,1,1,1,1,0,2025-10-02,2025-10-04,2025-10-10,2025-10-31,
M001563,Karnataka,Fashion/Retail,Tier 1,Organic QR,2025-09-29,1,1,1,1,1,0,2025-10-01,2025-09-29,2025-10-07,2025-10-21,
M001564,Madhya Pradesh,Kirana/Grocery,Tier 2,Field sales,2026-06-01,1,1,1,1,1,0,2026-06-01,2026-06-03,2026-06-10,2026-06-30,
M001565,Maharashtra,Services,Tier 3+,Partner,2026-01-20,1,1,1,1,1,0,2026-01-22,2026-01-26,2026-01-29,2026-02-22,
M001566,Rajasthan,Food & Beverage,Tier 2,Field sales,2025-12-13,1,1,1,1,0,1,2025-12-15,2025-12-20,2025-12-20,2026-01-16,2026-01-26
M001567,Bihar,Kirana/Grocery,Tier 1,Organic QR,2026-06-19,0,0,0,0,0,0,,,,,
M001568,Maharashtra,Fashion/Retail,Tier 2,Field sales,2026-02-06,0,0,0,0,0,0,,,,,
M001569,Uttar Pradesh,Food & Beverage,Tier 3+,Online,2026-05-28,1,1,1,0,0,0,2026-05-29,2026-05-29,2026-06-05,,
M001570,Uttar Pradesh,Other,Tier 1,Field sales,2026-06-25,0,0,0,0,0,0,,,,,
M001571,Telangana,Services,Tier 2,Organic QR,2025-07-29,1,1,1,0,0,0,2025-07-29,2025-08-03,2025-08-02,,
M001572,Madhya Pradesh,Services,Tier 3+,Field sales,2025-11-09,1,1,0,0,0,0,2025-11-12,2025-11-14,,,
M001573,Maharashtra,Food & Beverage,Tier 3+,Field sales,2026-03-25,1,1,0,0,0,0,2026-03-25,2026-03-31,,,
M001574,Telangana,Food & Beverage,Tier 1,Field sales,2026-04-23,0,0,0,0,0,0,,,,,
M001575,Madhya Pradesh,Fashion/Retail,Tier 3+,Referral,2025-08-24,1,1,1,0,0,0,2025-08-25,2025-08-26,2025-09-02,,
M001576,Karnataka,Pharmacy,Tier 2,Partner,2025-10-25,1,1,0,0,0,0,2025-10-27,2025-10-31,,,
M001577,Madhya Pradesh,Fashion/Retail,Tier 1,Organic QR,2026-01-17,1,1,1,1,1,0,2026-01-18,2026-01-21,2026-01-21,2026-02-12,
M001578,Maharashtra,Food & Beverage,Tier 1,Referral,2026-04-18,1,1,1,1,1,0,2026-04-18,2026-04-19,2026-04-22,2026-05-10,
M001579,Uttar Pradesh,Kirana/Grocery,Tier 2,Field sales,2025-08-11,1,1,1,0,0,0,2025-08-11,2025-08-17,2025-08-14,,
M001580,Maharashtra,Kirana/Grocery,Tier 1,Referral,2026-02-05,1,1,1,1,1,1,2026-02-08,2026-02-12,2026-02-08,2026-03-03,2026-03-30
M001581,Rajasthan,Fashion/Retail,Tier 3+,Field sales,2025-10-17,0,0,0,0,0,0,,,,,
M001582,Madhya Pradesh,Food & Beverage,Tier 3+,Online,2025-09-17,1,0,0,0,0,0,2025-09-17,,,,
M001583,Madhya Pradesh,Services,Tier 1,Online,2026-01-05,1,1,0,0,0,0,2026-01-08,2026-01-09,,,
M001584,West Bengal,Food & Beverage,Tier 3+,Referral,2025-11-29,1,1,1,1,1,0,2025-11-29,2025-11-29,2025-12-08,2025-12-30,
M001585,Rajasthan,Food & Beverage,Tier 3+,Field sales,2026-02-18,1,1,1,1,1,0,2026-02-18,2026-02-25,2026-02-23,2026-03-13,
M001586,Bihar,Pharmacy,Tier 1,Organic QR,2025-10-24,1,1,0,0,0,0,2025-10-27,2025-10-25,,,
M001587,Uttar Pradesh,Services,Tier 3+,Referral,2026-04-27,1,1,1,1,1,0,2026-04-29,2026-04-29,2026-05-01,2026-06-01,
M001588,West Bengal,Other,Tier 3+,Organic QR,2025-07-29,1,1,1,1,0,0,2025-07-31,2025-07-31,2025-08-02,2025-08-31,
M001589,Rajasthan,Kirana/Grocery,Tier 3+,Field sales,2026-05-11,1,1,1,1,0,0,2026-05-13,2026-05-15,2026-05-18,2026-06-05,
M001590,West Bengal,Services,Tier 2,Organic QR,2025-07-11,0,0,0,0,0,0,,,,,
M001591,Karnataka,Kirana/Grocery,Tier 3+,Field sales,2026-03-26,1,1,0,0,0,0,2026-03-27,2026-03-27,,,
M001592,Uttar Pradesh,Fashion/Retail,Tier 3+,Organic QR,2025-11-04,1,0,0,0,0,0,2025-11-06,,,,
M001593,Bihar,Services,Tier 1,Field sales,2025-11-17,1,1,1,1,1,0,2025-11-18,2025-11-23,2025-11-26,2025-12-14,
M001594,Karnataka,Food & Beverage,Tier 1,Partner,2025-07-07,1,1,0,0,0,0,2025-07-10,2025-07-09,,,
M001595,Karnataka,Fashion/Retail,Tier 2,Organic QR,2026-03-14,1,1,1,0,0,0,2026-03-17,2026-03-18,2026-03-17,,
M001596,West Bengal,Food & Beverage,Tier 2,Field sales,2025-08-30,1,1,1,1,1,0,2025-08-30,2025-08-31,2025-09-05,2025-10-01,
M001597,Uttar Pradesh,Kirana/Grocery,Tier 2,Field sales,2026-02-26,1,1,1,1,0,0,2026-02-28,2026-03-02,2026-03-04,2026-03-27,
M001598,Karnataka,Food & Beverage,Tier 1,Online,2026-03-22,1,1,0,0,0,0,2026-03-25,2026-03-23,,,
M001599,Telangana,Kirana/Grocery,Tier 3+,Organic QR,2026-05-05,1,1,1,1,0,0,2026-05-06,2026-05-08,2026-05-15,2026-06-03,
M001600,Uttar Pradesh,Other,Tier 3+,Partner,2026-03-16,1,1,0,0,0,0,2026-03-18,2026-03-20,,,
M001601,Rajasthan,Pharmacy,Tier 2,Referral,2025-10-19,1,1,0,0,0,0,2025-10-22,2025-10-25,,,
M001602,West Bengal,Pharmacy,Tier 1,Partner,2026-03-27,1,0,0,0,0,0,2026-03-27,,,,
M001603,West Bengal,Fashion/Retail,Tier 1,Organic QR,2026-04-28,1,1,1,0,0,0,2026-04-29,2026-05-04,2026-05-01,,
M001604,Rajasthan,Fashion/Retail,Tier 1,Partner,2025-10-24,1,1,1,1,1,0,2025-10-26,2025-10-26,2025-10-27,2025-11-15,
M001605,Bihar,Food & Beverage,Tier 2,Field sales,2025-08-15,1,1,1,1,1,0,2025-08-18,2025-08-17,2025-08-19,2025-09-08,
M001606,Telangana,Kirana/Grocery,Tier 1,Organic QR,2026-05-21,1,1,1,0,0,0,2026-05-23,2026-05-22,2026-05-31,,
M001607,Madhya Pradesh,Food & Beverage,Tier 3+,Field sales,2025-08-23,1,1,0,0,0,0,2025-08-26,2025-08-30,,,
M001608,Karnataka,Other,Tier 1,Online,2026-02-02,1,1,1,1,1,0,2026-02-02,2026-02-03,2026-02-05,2026-02-25,
M001609,Maharashtra,Other,Tier 1,Organic QR,2025-09-25,1,1,0,0,0,0,2025-09-25,2025-09-25,,,
M001610,West Bengal,Pharmacy,Tier 3+,Field sales,2025-08-15,0,0,0,0,0,0,,,,,
M001611,Madhya Pradesh,Kirana/Grocery,Tier 2,Partner,2026-04-10,1,1,0,0,0,0,2026-04-13,2026-04-13,,,
M001612,Telangana,Kirana/Grocery,Tier 2,Field sales,2025-08-22,1,1,0,0,0,0,2025-08-25,2025-08-25,,,
M001613,Rajasthan,Fashion/Retail,Tier 1,Organic QR,2026-03-02,1,1,1,0,0,0,2026-03-02,2026-03-04,2026-03-10,,
M001614,Uttar Pradesh,Kirana/Grocery,Tier 2,Online,2026-03-10,1,1,1,0,0,0,2026-03-11,2026-03-13,2026-03-16,,
M001615,Telangana,Services,Tier 2,Referral,2025-07-22,0,0,0,0,0,0,,,,,
M001616,Karnataka,Food & Beverage,Tier 3+,Partner,2025-09-02,0,0,0,0,0,0,,,,,
M001617,Maharashtra,Food & Beverage,Tier 2,Organic QR,2026-04-16,1,1,0,0,0,0,2026-04-16,2026-04-23,,,
M001618,Uttar Pradesh,Pharmacy,Tier 3+,Organic QR,2026-01-02,1,1,1,1,1,0,2026-01-04,2026-01-04,2026-01-11,2026-01-28,
M001619,Uttar Pradesh,Other,Tier 2,Field sales,2025-08-14,0,0,0,0,0,0,,,,,
M001620,Uttar Pradesh,Fashion/Retail,Tier 3+,Partner,2026-06-27,1,1,1,1,0,1,2026-06-29,2026-07-01,2026-07-01,2026-07-26,2026-09-10
M001621,Karnataka,Food & Beverage,Tier 2,Organic QR,2025-10-05,0,0,0,0,0,0,,,,,
M001622,West Bengal,Food & Beverage,Tier 2,Field sales,2025-07-02,1,1,1,1,1,0,2025-07-02,2025-07-07,2025-07-08,2025-08-05,
M001623,Rajasthan,Other,Tier 2,Field sales,2026-06-03,1,1,1,1,1,0,2026-06-06,2026-06-10,2026-06-09,2026-07-08,
M001624,West Bengal,Services,Tier 2,Field sales,2025-07-07,1,1,1,1,0,1,2025-07-07,2025-07-13,2025-07-12,2025-08-03,2025-08-11
M001625,Maharashtra,Services,Tier 1,Field sales,2026-01-18,1,1,1,0,0,0,2026-01-20,2026-01-23,2026-01-23,,
M001626,Rajasthan,Pharmacy,Tier 2,Field sales,2026-06-28,1,1,1,1,1,1,2026-07-01,2026-07-04,2026-07-06,2026-07-24,2026-07-15
M001627,Madhya Pradesh,Kirana/Grocery,Tier 1,Organic QR,2026-01-27,1,0,0,0,0,0,2026-01-29,,,,
M001628,Telangana,Kirana/Grocery,Tier 2,Organic QR,2026-01-30,0,0,0,0,0,0,,,,,
M001629,Karnataka,Fashion/Retail,Tier 1,Organic QR,2025-11-19,1,1,1,1,1,0,2025-11-22,2025-11-25,2025-11-23,2025-12-13,
M001630,Karnataka,Services,Tier 1,Field sales,2025-08-16,1,1,1,0,0,0,2025-08-17,2025-08-22,2025-08-26,,
M001631,Karnataka,Kirana/Grocery,Tier 1,Organic QR,2026-01-26,1,1,0,0,0,0,2026-01-27,2026-01-26,,,
M001632,Uttar Pradesh,Kirana/Grocery,Tier 1,Referral,2026-05-24,1,1,1,1,1,0,2026-05-26,2026-05-26,2026-06-03,2026-06-26,
M001633,Telangana,Other,Tier 1,Field sales,2025-08-03,1,0,0,0,0,0,2025-08-05,,,,
M001634,Karnataka,Services,Tier 1,Field sales,2026-05-18,1,0,0,0,0,0,2026-05-19,,,,
M001635,Rajasthan,Services,Tier 2,Organic QR,2025-11-29,1,1,0,0,0,0,2025-11-29,2025-12-04,,,
M001636,Maharashtra,Kirana/Grocery,Tier 2,Field sales,2026-01-12,0,0,0,0,0,0,,,,,
M001637,Telangana,Other,Tier 3+,Field sales,2025-08-30,0,0,0,0,0,0,,,,,
M001638,Bihar,Other,Tier 3+,Organic QR,2026-02-12,1,1,1,1,1,0,2026-02-13,2026-02-19,2026-02-15,2026-03-19,
M001639,Maharashtra,Services,Tier 1,Organic QR,2025-09-05,1,0,0,0,0,0,2025-09-07,,,,
M001640,Karnataka,Food & Beverage,Tier 2,Referral,2025-10-08,1,1,0,0,0,0,2025-10-09,2025-10-08,,,
M001641,Karnataka,Pharmacy,Tier 2,Referral,2026-03-21,1,1,0,0,0,0,2026-03-24,2026-03-28,,,
M001642,Maharashtra,Fashion/Retail,Tier 2,Organic QR,2025-07-19,1,0,0,0,0,0,2025-07-22,,,,
M001643,Uttar Pradesh,Fashion/Retail,Tier 2,Organic QR,2025-12-11,1,1,1,1,0,0,2025-12-13,2025-12-12,2025-12-21,2026-01-06,
M001644,Maharashtra,Other,Tier 2,Online,2026-02-03,0,0,0,0,0,0,,,,,
M001645,Karnataka,Services,Tier 2,Organic QR,2025-08-18,1,0,0,0,0,0,2025-08-19,,,,
M001646,West Bengal,Food & Beverage,Tier 2,Online,2025-10-16,1,0,0,0,0,0,2025-10-16,,,,
M001647,West Bengal,Services,Tier 3+,Referral,2025-11-03,1,1,1,1,0,0,2025-11-06,2025-11-04,2025-11-10,2025-11-27,
M001648,Karnataka,Fashion/Retail,Tier 1,Field sales,2026-02-28,1,1,1,1,0,1,2026-03-03,2026-02-28,2026-03-10,2026-04-04,2026-03-11
M001649,Telangana,Kirana/Grocery,Tier 3+,Field sales,2026-06-22,1,0,0,0,0,0,2026-06-24,,,,
M001650,Uttar Pradesh,Kirana/Grocery,Tier 3+,Field sales,2026-05-02,1,1,1,1,1,1,2026-05-02,2026-05-07,2026-05-06,2026-05-22,2026-06-21
M001651,Madhya Pradesh,Pharmacy,Tier 1,Referral,2025-09-08,0,0,0,0,0,0,,,,,
M001652,Madhya Pradesh,Food & Beverage,Tier 3+,Field sales,2025-07-07,1,1,1,1,1,1,2025-07-07,2025-07-11,2025-07-16,2025-08-03,2025-08-31
M001653,Maharashtra,Fashion/Retail,Tier 3+,Partner,2025-07-19,1,1,1,1,0,0,2025-07-21,2025-07-25,2025-07-25,2025-08-11,
M001654,Maharashtra,Kirana/Grocery,Tier 2,Organic QR,2026-02-03,1,1,1,1,1,1,2026-02-03,2026-02-08,2026-02-09,2026-03-04,2026-02-25
M001655,Uttar Pradesh,Food & Beverage,Tier 1,Referral,2025-08-27,1,1,1,0,0,0,2025-08-29,2025-08-27,2025-09-03,,
M001656,Madhya Pradesh,Kirana/Grocery,Tier 3+,Referral,2025-09-23,1,1,1,1,0,0,2025-09-23,2025-09-25,2025-10-02,2025-10-28,
M001657,West Bengal,Pharmacy,Tier 2,Field sales,2026-05-06,0,0,0,0,0,0,,,,,
M001658,Maharashtra,Pharmacy,Tier 1,Field sales,2026-05-15,1,0,0,0,0,0,2026-05-16,,,,
M001659,Uttar Pradesh,Food & Beverage,Tier 2,Organic QR,2026-05-03,0,0,0,0,0,0,,,,,
M001660,Maharashtra,Food & Beverage,Tier 2,Referral,2025-10-01,1,1,1,1,1,0,2025-10-02,2025-10-03,2025-10-05,2025-10-22,
M001661,Bihar,Kirana/Grocery,Tier 1,Partner,2026-02-12,0,0,0,0,0,0,,,,,
M001662,West Bengal,Pharmacy,Tier 3+,Organic QR,2026-02-08,1,1,1,0,0,0,2026-02-10,2026-02-15,2026-02-11,,
M001663,Uttar Pradesh,Other,Tier 1,Referral,2025-09-06,1,1,1,1,1,0,2025-09-06,2025-09-11,2025-09-09,2025-09-30,
M001664,Maharashtra,Fashion/Retail,Tier 2,Organic QR,2026-01-19,1,0,0,0,0,0,2026-01-21,,,,
M001665,Uttar Pradesh,Kirana/Grocery,Tier 2,Field sales,2026-01-08,1,1,0,0,0,0,2026-01-09,2026-01-15,,,
M001666,Uttar Pradesh,Services,Tier 1,Online,2025-11-22,1,1,1,1,0,0,2025-11-23,2025-11-28,2025-12-02,2025-12-12,
M001667,Madhya Pradesh,Kirana/Grocery,Tier 3+,Organic QR,2026-04-01,1,1,0,0,0,0,2026-04-04,2026-04-07,,,
M001668,Telangana,Kirana/Grocery,Tier 2,Referral,2026-03-05,1,1,1,0,0,0,2026-03-05,2026-03-08,2026-03-08,,
M001669,Madhya Pradesh,Kirana/Grocery,Tier 2,Organic QR,2026-01-11,1,1,1,1,1,1,2026-01-12,2026-01-16,2026-01-14,2026-02-13,2026-03-10
M001670,Karnataka,Kirana/Grocery,Tier 2,Organic QR,2026-03-22,1,1,0,0,0,0,2026-03-25,2026-03-28,,,
M001671,Maharashtra,Kirana/Grocery,Tier 3+,Field sales,2026-04-05,1,1,1,1,0,0,2026-04-06,2026-04-09,2026-04-08,2026-04-27,
M001672,Telangana,Fashion/Retail,Tier 3+,Organic QR,2026-01-23,1,1,1,1,1,0,2026-01-24,2026-01-26,2026-01-28,2026-02-25,
M001673,Maharashtra,Kirana/Grocery,Tier 1,Field sales,2025-10-06,1,1,0,0,0,0,2025-10-06,2025-10-09,,,
M001674,Karnataka,Pharmacy,Tier 2,Partner,2026-04-03,0,0,0,0,0,0,,,,,
M001675,Rajasthan,Other,Tier 2,Field sales,2026-03-19,1,1,1,0,0,0,2026-03-19,2026-03-26,2026-03-22,,
M001676,Maharashtra,Services,Tier 3+,Field sales,2026-06-24,0,0,0,0,0,0,,,,,
M001677,Maharashtra,Food & Beverage,Tier 3+,Field sales,2025-08-24,0,0,0,0,0,0,,,,,
M001678,Maharashtra,Pharmacy,Tier 2,Organic QR,2025-12-01,1,1,0,0,0,0,2025-12-02,2025-12-04,,,
M001679,Maharashtra,Kirana/Grocery,Tier 3+,Organic QR,2026-06-03,1,1,1,1,1,1,2026-06-05,2026-06-06,2026-06-09,2026-06-28,2026-06-21
M001680,Madhya Pradesh,Food & Beverage,Tier 2,Partner,2026-01-04,1,1,1,1,1,1,2026-01-05,2026-01-05,2026-01-08,2026-01-24,2026-03-05
M001681,West Bengal,Services,Tier 1,Partner,2026-06-10,0,0,0,0,0,0,,,,,
M001682,Maharashtra,Fashion/Retail,Tier 2,Organic QR,2025-07-05,1,1,1,1,0,0,2025-07-07,2025-07-09,2025-07-10,2025-08-01,
M001683,Bihar,Fashion/Retail,Tier 2,Organic QR,2025-07-13,1,1,0,0,0,0,2025-07-13,2025-07-20,,,
M001684,Bihar,Fashion/Retail,Tier 2,Field sales,2026-04-17,1,1,1,1,1,0,2026-04-19,2026-04-23,2026-04-23,2026-05-18,
M001685,West Bengal,Pharmacy,Tier 2,Organic QR,2025-11-08,1,0,0,0,0,0,2025-11-11,,,,
M001686,Telangana,Services,Tier 3+,Online,2026-01-06,1,1,1,1,0,0,2026-01-08,2026-01-10,2026-01-12,2026-01-29,
M001687,Karnataka,Fashion/Retail,Tier 3+,Organic QR,2025-12-04,1,1,1,1,0,0,2025-12-06,2025-12-06,2025-12-10,2026-01-01,
M001688,Uttar Pradesh,Fashion/Retail,Tier 1,Online,2025-11-26,0,0,0,0,0,0,,,,,
M001689,Madhya Pradesh,Food & Beverage,Tier 2,Field sales,2026-06-08,1,1,1,1,1,0,2026-06-11,2026-06-11,2026-06-11,2026-07-04,
M001690,Bihar,Other,Tier 3+,Partner,2025-08-04,1,1,1,1,1,1,2025-08-07,2025-08-07,2025-08-07,2025-09-02,2025-09-18
M001691,Uttar Pradesh,Fashion/Retail,Tier 1,Partner,2026-04-08,1,1,1,1,1,0,2026-04-08,2026-04-09,2026-04-17,2026-05-01,
M001692,Karnataka,Services,Tier 3+,Partner,2026-05-21,1,0,0,0,0,0,2026-05-23,,,,
M001693,Bihar,Kirana/Grocery,Tier 2,Partner,2026-02-25,1,1,1,0,0,0,2026-02-27,2026-03-02,2026-02-28,,
M001694,Madhya Pradesh,Kirana/Grocery,Tier 1,Field sales,2025-11-22,1,1,0,0,0,0,2025-11-22,2025-11-25,,,
M001695,Uttar Pradesh,Fashion/Retail,Tier 3+,Partner,2025-08-28,0,0,0,0,0,0,,,,,
M001696,Rajasthan,Kirana/Grocery,Tier 2,Organic QR,2026-03-07,1,1,1,1,1,0,2026-03-08,2026-03-13,2026-03-13,2026-04-02,
M001697,Uttar Pradesh,Food & Beverage,Tier 1,Organic QR,2025-12-19,1,1,1,1,1,0,2025-12-21,2025-12-20,2025-12-24,2026-01-22,
M001698,Uttar Pradesh,Services,Tier 1,Field sales,2025-08-24,0,0,0,0,0,0,,,,,
M001699,Uttar Pradesh,Fashion/Retail,Tier 3+,Field sales,2025-11-09,1,0,0,0,0,0,2025-11-11,,,,
M001700,Bihar,Fashion/Retail,Tier 3+,Online,2026-06-16,1,1,0,0,0,0,2026-06-16,2026-06-16,,,
M001701,West Bengal,Pharmacy,Tier 2,Field sales,2025-10-05,1,0,0,0,0,0,2025-10-05,,,,
M001702,Uttar Pradesh,Food & Beverage,Tier 1,Organic QR,2025-09-04,1,0,0,0,0,0,2025-09-04,,,,
M001703,Telangana,Kirana/Grocery,Tier 1,Field sales,2026-03-06,1,1,1,0,0,0,2026-03-08,2026-03-12,2026-03-09,,
M001704,Telangana,Services,Tier 2,Partner,2025-09-11,1,1,1,0,0,0,2025-09-11,2025-09-11,2025-09-14,,
M001705,Maharashtra,Kirana/Grocery,Tier 2,Partner,2026-06-01,1,1,1,1,1,0,2026-06-03,2026-06-06,2026-06-04,2026-06-23,
M001706,Karnataka,Services,Tier 2,Online,2026-05-10,1,1,0,0,0,0,2026-05-13,2026-05-12,,,
M001707,Maharashtra,Other,Tier 2,Organic QR,2026-06-24,1,1,1,0,0,0,2026-06-27,2026-06-29,2026-06-28,,
M001708,Uttar Pradesh,Services,Tier 2,Field sales,2026-05-30,1,1,1,1,1,0,2026-06-01,2026-06-05,2026-06-08,2026-06-23,
M001709,Maharashtra,Services,Tier 2,Field sales,2025-09-27,1,1,0,0,0,0,2025-09-29,2025-10-02,,,
M001710,Telangana,Pharmacy,Tier 2,Field sales,2025-09-16,1,0,0,0,0,0,2025-09-19,,,,
M001711,Madhya Pradesh,Fashion/Retail,Tier 1,Partner,2025-11-03,1,0,0,0,0,0,2025-11-06,,,,
M001712,Karnataka,Food & Beverage,Tier 2,Online,2025-12-19,1,0,0,0,0,0,2025-12-21,,,,
M001713,Rajasthan,Services,Tier 2,Field sales,2026-05-18,1,1,1,1,1,1,2026-05-21,2026-05-21,2026-05-21,2026-06-09,2026-08-16
M001714,West Bengal,Kirana/Grocery,Tier 2,Organic QR,2026-03-25,1,1,1,1,0,1,2026-03-25,2026-04-01,2026-04-03,2026-04-20,2026-04-29
M001715,Uttar Pradesh,Services,Tier 1,Partner,2026-02-21,1,1,1,0,0,0,2026-02-22,2026-02-24,2026-02-24,,
M001716,Karnataka,Kirana/Grocery,Tier 1,Organic QR,2026-05-17,1,1,1,1,1,0,2026-05-19,2026-05-18,2026-05-21,2026-06-06,
M001717,Telangana,Services,Tier 2,Partner,2026-02-21,1,0,0,0,0,0,2026-02-24,,,,
M001718,Rajasthan,Pharmacy,Tier 1,Organic QR,2025-11-16,1,0,0,0,0,0,2025-11-16,,,,
M001719,Uttar Pradesh,Kirana/Grocery,Tier 2,Field sales,2025-11-28,1,1,1,0,0,0,2025-11-29,2025-12-03,2025-12-06,,
M001720,Maharashtra,Services,Tier 2,Organic QR,2026-01-05,1,1,0,0,0,0,2026-01-05,2026-01-09,,,
M001721,Uttar Pradesh,Kirana/Grocery,Tier 1,Organic QR,2025-08-02,1,1,1,1,1,1,2025-08-03,2025-08-02,2025-08-12,2025-08-22,2025-10-14
M001722,Uttar Pradesh,Kirana/Grocery,Tier 2,Partner,2026-03-28,1,1,1,1,1,0,2026-03-29,2026-04-01,2026-04-01,2026-04-21,
M001723,Karnataka,Kirana/Grocery,Tier 2,Field sales,2026-02-24,1,1,1,1,1,1,2026-02-25,2026-02-24,2026-03-04,2026-03-27,2026-05-11
M001724,Rajasthan,Kirana/Grocery,Tier 1,Organic QR,2026-03-24,0,0,0,0,0,0,,,,,
M001725,Maharashtra,Other,Tier 3+,Online,2026-01-11,1,0,0,0,0,0,2026-01-11,,,,
M001726,Telangana,Other,Tier 2,Organic QR,2026-04-12,1,1,0,0,0,0,2026-04-14,2026-04-19,,,
M001727,Madhya Pradesh,Pharmacy,Tier 3+,Field sales,2026-06-12,1,1,1,1,1,0,2026-06-14,2026-06-12,2026-06-18,2026-07-12,
M001728,Karnataka,Services,Tier 1,Online,2026-01-25,1,1,0,0,0,0,2026-01-25,2026-01-27,,,
M001729,Rajasthan,Fashion/Retail,Tier 3+,Field sales,2025-12-10,1,1,1,1,1,1,2025-12-12,2025-12-13,2025-12-19,2026-01-08,2026-03-06
M001730,Uttar Pradesh,Other,Tier 3+,Referral,2025-08-08,1,1,0,0,0,0,2025-08-09,2025-08-10,,,
M001731,Telangana,Services,Tier 1,Field sales,2026-04-11,1,1,1,1,1,0,2026-04-13,2026-04-14,2026-04-20,2026-05-05,
M001732,West Bengal,Kirana/Grocery,Tier 2,Online,2026-05-26,1,1,1,1,1,0,2026-05-27,2026-05-26,2026-06-03,2026-06-29,
M001733,Telangana,Pharmacy,Tier 2,Field sales,2026-03-13,1,1,1,1,1,0,2026-03-16,2026-03-20,2026-03-16,2026-04-08,
M001734,Karnataka,Other,Tier 2,Organic QR,2026-05-12,1,1,0,0,0,0,2026-05-14,2026-05-19,,,
M001735,West Bengal,Kirana/Grocery,Tier 2,Online,2026-05-11,1,0,0,0,0,0,2026-05-12,,,,
M001736,Bihar,Food & Beverage,Tier 3+,Organic QR,2026-04-18,1,1,0,0,0,0,2026-04-19,2026-04-18,,,
M001737,Bihar,Food & Beverage,Tier 3+,Field sales,2025-12-31,1,1,1,1,1,0,2026-01-02,2026-01-02,2026-01-05,2026-01-29,
M001738,Maharashtra,Food & Beverage,Tier 3+,Field sales,2025-08-06,1,1,0,0,0,0,2025-08-06,2025-08-09,,,
M001739,Maharashtra,Pharmacy,Tier 3+,Field sales,2025-07-02,0,0,0,0,0,0,,,,,
M001740,Rajasthan,Food & Beverage,Tier 3+,Field sales,2025-09-13,1,1,1,1,1,1,2025-09-14,2025-09-13,2025-09-18,2025-10-12,2025-11-01
M001741,Karnataka,Other,Tier 3+,Organic QR,2025-12-05,1,0,0,0,0,0,2025-12-06,,,,
M001742,Karnataka,Fashion/Retail,Tier 2,Organic QR,2026-03-29,1,1,1,1,0,0,2026-03-29,2026-03-31,2026-04-06,2026-05-02,
M001743,Bihar,Kirana/Grocery,Tier 3+,Online,2025-12-14,1,1,1,1,1,0,2025-12-14,2025-12-21,2025-12-22,2026-01-13,
M001744,Karnataka,Fashion/Retail,Tier 2,Referral,2025-07-09,1,1,1,1,0,0,2025-07-12,2025-07-13,2025-07-16,2025-08-05,
M001745,Maharashtra,Fashion/Retail,Tier 1,Online,2025-09-15,1,0,0,0,0,0,2025-09-18,,,,
M001746,Maharashtra,Services,Tier 2,Organic QR,2026-06-23,1,1,1,1,0,0,2026-06-25,2026-06-30,2026-06-27,2026-07-26,
M001747,Uttar Pradesh,Services,Tier 1,Organic QR,2026-06-26,0,0,0,0,0,0,,,,,
M001748,Rajasthan,Fashion/Retail,Tier 3+,Organic QR,2025-11-15,1,1,1,1,0,1,2025-11-17,2025-11-17,2025-11-19,2025-12-15,2026-01-05
M001749,Madhya Pradesh,Food & Beverage,Tier 2,Field sales,2026-04-20,0,0,0,0,0,0,,,,,
M001750,Maharashtra,Kirana/Grocery,Tier 2,Field sales,2026-03-20,1,1,0,0,0,0,2026-03-22,2026-03-24,,,
M001751,Karnataka,Food & Beverage,Tier 1,Referral,2026-06-05,1,0,0,0,0,0,2026-06-07,,,,
M001752,Uttar Pradesh,Kirana/Grocery,Tier 2,Partner,2026-05-20,1,0,0,0,0,0,2026-05-21,,,,
M001753,Telangana,Pharmacy,Tier 2,Field sales,2026-02-15,1,1,1,1,1,0,2026-02-17,2026-02-22,2026-02-22,2026-03-12,
M001754,Uttar Pradesh,Kirana/Grocery,Tier 2,Organic QR,2025-11-22,1,1,1,1,1,0,2025-11-25,2025-11-24,2025-12-02,2025-12-12,
M001755,West Bengal,Services,Tier 2,Field sales,2026-02-14,1,0,0,0,0,0,2026-02-14,,,,
M001756,Uttar Pradesh,Food & Beverage,Tier 2,Organic QR,2025-10-25,1,1,1,0,0,0,2025-10-27,2025-10-31,2025-11-02,,
M001757,Uttar Pradesh,Fashion/Retail,Tier 1,Field sales,2025-11-05,0,0,0,0,0,0,,,,,
M001758,West Bengal,Food & Beverage,Tier 2,Online,2026-02-08,1,1,1,1,1,0,2026-02-08,2026-02-11,2026-02-12,2026-03-11,
M001759,Maharashtra,Other,Tier 2,Organic QR,2026-01-25,1,1,1,1,1,0,2026-01-25,2026-01-27,2026-02-04,2026-02-26,
M001760,West Bengal,Other,Tier 3+,Organic QR,2026-01-29,1,1,1,1,1,0,2026-01-31,2026-01-29,2026-02-03,2026-02-23,
M001761,Uttar Pradesh,Kirana/Grocery,Tier 3+,Partner,2025-11-18,1,1,0,0,0,0,2025-11-19,2025-11-25,,,
M001762,Uttar Pradesh,Pharmacy,Tier 3+,Online,2025-11-27,1,1,1,0,0,0,2025-11-29,2025-11-28,2025-12-07,,
M001763,West Bengal,Kirana/Grocery,Tier 1,Referral,2025-07-04,1,1,1,1,1,0,2025-07-05,2025-07-04,2025-07-13,2025-08-02,
M001764,Uttar Pradesh,Fashion/Retail,Tier 1,Organic QR,2026-02-05,0,0,0,0,0,0,,,,,
M001765,Uttar Pradesh,Services,Tier 3+,Field sales,2026-01-27,1,1,1,1,0,1,2026-01-29,2026-01-30,2026-01-31,2026-02-27,2026-04-07
M001766,Karnataka,Kirana/Grocery,Tier 3+,Partner,2026-06-07,1,1,0,0,0,0,2026-06-08,2026-06-07,,,
M001767,Rajasthan,Kirana/Grocery,Tier 1,Referral,2026-01-01,1,1,0,0,0,0,2026-01-03,2026-01-07,,,
M001768,Uttar Pradesh,Food & Beverage,Tier 2,Online,2025-12-18,1,0,0,0,0,0,2025-12-18,,,,
M001769,Karnataka,Fashion/Retail,Tier 2,Organic QR,2025-07-25,1,0,0,0,0,0,2025-07-25,,,,
M001770,Bihar,Fashion/Retail,Tier 1,Partner,2025-09-10,1,1,1,1,0,1,2025-09-11,2025-09-15,2025-09-13,2025-10-12,2025-10-31
M001771,Rajasthan,Kirana/Grocery,Tier 3+,Field sales,2025-11-01,1,1,1,0,0,0,2025-11-03,2025-11-02,2025-11-11,,
M001772,Uttar Pradesh,Food & Beverage,Tier 3+,Field sales,2025-11-15,0,0,0,0,0,0,,,,,
M001773,Maharashtra,Food & Beverage,Tier 3+,Field sales,2025-11-10,0,0,0,0,0,0,,,,,
M001774,Uttar Pradesh,Services,Tier 1,Field sales,2025-11-21,1,1,1,0,0,0,2025-11-21,2025-11-28,2025-11-24,,
M001775,Maharashtra,Kirana/Grocery,Tier 2,Organic QR,2026-04-07,1,0,0,0,0,0,2026-04-10,,,,
M001776,Maharashtra,Food & Beverage,Tier 3+,Field sales,2025-08-17,1,0,0,0,0,0,2025-08-17,,,,
M001777,Uttar Pradesh,Fashion/Retail,Tier 2,Partner,2025-10-30,1,1,1,0,0,0,2025-11-02,2025-11-04,2025-11-02,,
M001778,Maharashtra,Food & Beverage,Tier 2,Partner,2025-08-29,1,1,0,0,0,0,2025-08-31,2025-09-03,,,
M001779,Karnataka,Pharmacy,Tier 2,Field sales,2025-10-21,1,1,0,0,0,0,2025-10-22,2025-10-23,,,
M001780,Rajasthan,Food & Beverage,Tier 1,Partner,2026-03-07,1,1,1,1,0,0,2026-03-09,2026-03-13,2026-03-13,2026-04-10,
M001781,Telangana,Food & Beverage,Tier 2,Field sales,2025-07-18,1,1,0,0,0,0,2025-07-19,2025-07-18,,,
M001782,West Bengal,Services,Tier 3+,Field sales,2025-11-01,1,0,0,0,0,0,2025-11-02,,,,
M001783,West Bengal,Kirana/Grocery,Tier 1,Online,2025-07-09,1,0,0,0,0,0,2025-07-12,,,,
M001784,Rajasthan,Kirana/Grocery,Tier 1,Field sales,2026-06-14,1,0,0,0,0,0,2026-06-17,,,,
M001785,West Bengal,Other,Tier 2,Field sales,2026-03-23,1,1,1,1,1,0,2026-03-24,2026-03-30,2026-03-29,2026-04-21,
M001786,Madhya Pradesh,Fashion/Retail,Tier 2,Partner,2025-09-27,1,1,1,1,1,0,2025-09-27,2025-09-29,2025-10-03,2025-10-22,
M001787,Telangana,Pharmacy,Tier 2,Field sales,2025-09-11,1,1,0,0,0,0,2025-09-12,2025-09-12,,,
M001788,Bihar,Kirana/Grocery,Tier 1,Organic QR,2025-08-06,1,1,1,1,1,0,2025-08-08,2025-08-06,2025-08-12,2025-09-02,
M001789,Maharashtra,Kirana/Grocery,Tier 3+,Partner,2025-12-20,1,1,1,1,0,0,2025-12-22,2025-12-20,2025-12-24,2026-01-16,
M001790,Bihar,Kirana/Grocery,Tier 1,Partner,2026-04-02,1,1,0,0,0,0,2026-04-04,2026-04-03,,,
M001791,Uttar Pradesh,Other,Tier 2,Organic QR,2026-01-30,1,1,1,0,0,0,2026-01-30,2026-02-03,2026-02-02,,
M001792,Maharashtra,Fashion/Retail,Tier 2,Online,2026-05-18,1,1,1,1,0,1,2026-05-20,2026-05-20,2026-05-24,2026-06-09,2026-07-20
M001793,Karnataka,Services,Tier 2,Field sales,2025-11-03,1,0,0,0,0,0,2025-11-04,,,,
M001794,West Bengal,Other,Tier 2,Organic QR,2025-10-10,0,0,0,0,0,0,,,,,
M001795,Telangana,Kirana/Grocery,Tier 2,Field sales,2025-12-22,1,1,0,0,0,0,2025-12-23,2025-12-26,,,
M001796,Karnataka,Services,Tier 2,Field sales,2025-09-12,1,1,1,0,0,0,2025-09-15,2025-09-13,2025-09-17,,
M001797,Karnataka,Kirana/Grocery,Tier 2,Online,2026-06-22,1,1,0,0,0,0,2026-06-24,2026-06-28,,,
M001798,Uttar Pradesh,Food & Beverage,Tier 2,Partner,2025-09-06,1,1,1,1,0,0,2025-09-07,2025-09-09,2025-09-12,2025-09-29,
M001799,Madhya Pradesh,Other,Tier 2,Field sales,2025-12-22,1,1,1,0,0,0,2025-12-23,2025-12-26,2025-12-31,,
M001800,Bihar,Fashion/Retail,Tier 2,Organic QR,2026-01-07,0,0,0,0,0,0,,,,,
M001801,Uttar Pradesh,Kirana/Grocery,Tier 2,Field sales,2025-07-21,1,0,0,0,0,0,2025-07-23,,,,
M001802,Karnataka,Kirana/Grocery,Tier 2,Partner,2025-12-18,1,1,1,1,1,0,2025-12-18,2025-12-18,2025-12-21,2026-01-10,
M001803,Maharashtra,Services,Tier 1,Field sales,2025-12-13,1,1,0,0,0,0,2025-12-16,2025-12-15,,,
M001804,Uttar Pradesh,Kirana/Grocery,Tier 3+,Online,2025-10-03,0,0,0,0,0,0,,,,,
M001805,Madhya Pradesh,Services,Tier 1,Field sales,2025-08-16,1,1,1,0,0,0,2025-08-16,2025-08-16,2025-08-20,,
M001806,Bihar,Services,Tier 3+,Field sales,2025-07-17,0,0,0,0,0,0,,,,,
M001807,Uttar Pradesh,Kirana/Grocery,Tier 2,Online,2025-07-04,1,1,1,0,0,0,2025-07-04,2025-07-06,2025-07-14,,
M001808,Rajasthan,Kirana/Grocery,Tier 1,Online,2025-12-23,1,1,1,1,1,1,2025-12-24,2025-12-29,2025-12-30,2026-01-20,2026-02-08
M001809,Uttar Pradesh,Kirana/Grocery,Tier 2,Field sales,2025-08-02,1,1,0,0,0,0,2025-08-05,2025-08-05,,,
M001810,Uttar Pradesh,Other,Tier 2,Organic QR,2026-06-16,1,1,1,1,1,1,2026-06-17,2026-06-22,2026-06-23,2026-07-12,2026-09-11
M001811,Uttar Pradesh,Food & Beverage,Tier 3+,Online,2025-09-28,1,1,1,1,0,0,2025-09-30,2025-09-28,2025-10-08,2025-10-26,
M001812,Bihar,Services,Tier 3+,Partner,2026-02-24,1,1,1,1,1,1,2026-02-24,2026-02-27,2026-03-02,2026-03-17,2026-05-25
M001813,Uttar Pradesh,Food & Beverage,Tier 3+,Partner,2026-03-03,1,1,1,1,1,1,2026-03-04,2026-03-03,2026-03-06,2026-04-04,2026-04-03
M001814,West Bengal,Pharmacy,Tier 2,Partner,2025-12-28,1,1,1,1,0,0,2025-12-28,2026-01-04,2026-01-07,2026-01-31,
M001815,Uttar Pradesh,Kirana/Grocery,Tier 3+,Online,2026-05-19,1,0,0,0,0,0,2026-05-19,,,,
M001816,Maharashtra,Kirana/Grocery,Tier 2,Organic QR,2025-08-10,1,1,1,1,1,0,2025-08-12,2025-08-17,2025-08-13,2025-09-11,
M001817,Karnataka,Pharmacy,Tier 3+,Field sales,2025-09-24,1,1,1,1,0,0,2025-09-26,2025-09-26,2025-10-03,2025-10-25,
M001818,Uttar Pradesh,Pharmacy,Tier 1,Organic QR,2025-10-01,1,1,1,1,0,0,2025-10-03,2025-10-06,2025-10-06,2025-10-27,
M001819,Uttar Pradesh,Kirana/Grocery,Tier 3+,Partner,2025-08-19,1,1,1,1,0,0,2025-08-22,2025-08-24,2025-08-28,2025-09-09,
M001820,Uttar Pradesh,Food & Beverage,Tier 2,Organic QR,2025-10-16,0,0,0,0,0,0,,,,,
M001821,Bihar,Other,Tier 1,Field sales,2025-10-23,1,1,1,1,1,0,2025-10-26,2025-10-26,2025-10-26,2025-11-14,
M001822,Karnataka,Kirana/Grocery,Tier 3+,Partner,2026-04-06,1,1,1,1,0,0,2026-04-09,2026-04-09,2026-04-11,2026-05-01,
M001823,Rajasthan,Kirana/Grocery,Tier 2,Organic QR,2025-10-19,0,0,0,0,0,0,,,,,
M001824,Bihar,Food & Beverage,Tier 3+,Online,2026-05-16,0,0,0,0,0,0,,,,,
M001825,Uttar Pradesh,Kirana/Grocery,Tier 1,Field sales,2026-04-09,0,0,0,0,0,0,,,,,
M001826,Uttar Pradesh,Services,Tier 2,Partner,2026-05-26,1,1,0,0,0,0,2026-05-28,2026-06-02,,,
M001827,Maharashtra,Pharmacy,Tier 3+,Organic QR,2025-08-08,1,1,1,1,0,0,2025-08-11,2025-08-10,2025-08-11,2025-09-01,
M001828,Uttar Pradesh,Services,Tier 1,Field sales,2026-06-25,0,0,0,0,0,0,,,,,
M001829,Madhya Pradesh,Services,Tier 3+,Organic QR,2026-02-10,1,1,1,0,0,0,2026-02-10,2026-02-13,2026-02-17,,
M001830,West Bengal,Food & Beverage,Tier 2,Field sales,2026-06-24,1,1,0,0,0,0,2026-06-27,2026-06-26,,,
M001831,Rajasthan,Pharmacy,Tier 1,Referral,2025-11-07,0,0,0,0,0,0,,,,,
M001832,Karnataka,Kirana/Grocery,Tier 2,Partner,2026-06-13,0,0,0,0,0,0,,,,,
M001833,Bihar,Food & Beverage,Tier 1,Field sales,2026-01-31,1,1,1,1,0,1,2026-01-31,2026-02-03,2026-02-06,2026-02-25,2026-02-20
M001834,Bihar,Pharmacy,Tier 3+,Organic QR,2025-07-27,1,1,1,0,0,0,2025-07-30,2025-07-28,2025-07-31,,
M001835,Telangana,Food & Beverage,Tier 3+,Online,2025-11-27,0,0,0,0,0,0,,,,,
M001836,Madhya Pradesh,Kirana/Grocery,Tier 2,Field sales,2025-08-20,1,1,0,0,0,0,2025-08-22,2025-08-20,,,
M001837,Maharashtra,Food & Beverage,Tier 2,Online,2026-06-09,1,1,1,0,0,0,2026-06-09,2026-06-14,2026-06-17,,
M001838,Maharashtra,Pharmacy,Tier 2,Field sales,2025-10-20,1,1,0,0,0,0,2025-10-21,2025-10-22,,,
M001839,Maharashtra,Kirana/Grocery,Tier 2,Field sales,2025-09-20,1,1,0,0,0,0,2025-09-20,2025-09-20,,,
M001840,Maharashtra,Pharmacy,Tier 3+,Organic QR,2026-01-18,1,0,0,0,0,0,2026-01-20,,,,
M001841,Madhya Pradesh,Fashion/Retail,Tier 1,Field sales,2025-12-03,0,0,0,0,0,0,,,,,
M001842,Uttar Pradesh,Services,Tier 2,Online,2025-08-05,1,0,0,0,0,0,2025-08-05,,,,
M001843,Karnataka,Kirana/Grocery,Tier 1,Partner,2026-04-25,1,1,1,1,1,0,2026-04-27,2026-04-25,2026-04-28,2026-05-23,
M001844,Uttar Pradesh,Fashion/Retail,Tier 2,Partner,2026-05-05,1,1,0,0,0,0,2026-05-05,2026-05-12,,,
M001845,Uttar Pradesh,Kirana/Grocery,Tier 3+,Partner,2026-03-29,1,1,1,1,1,0,2026-03-31,2026-04-01,2026-04-06,2026-04-24,
M001846,Telangana,Other,Tier 1,Partner,2026-02-11,0,0,0,0,0,0,,,,,
M001847,Maharashtra,Pharmacy,Tier 1,Partner,2025-11-24,1,0,0,0,0,0,2025-11-24,,,,
M001848,Rajasthan,Kirana/Grocery,Tier 1,Partner,2026-01-14,0,0,0,0,0,0,,,,,
M001849,Maharashtra,Fashion/Retail,Tier 1,Referral,2026-01-07,0,0,0,0,0,0,,,,,
M001850,Bihar,Services,Tier 2,Organic QR,2025-08-30,1,1,1,1,0,1,2025-08-31,2025-09-01,2025-09-02,2025-10-04,2025-11-11
M001851,Karnataka,Food & Beverage,Tier 3+,Field sales,2025-07-30,1,1,1,1,1,0,2025-07-31,2025-08-01,2025-08-02,2025-08-20,
M001852,Bihar,Food & Beverage,Tier 2,Organic QR,2025-10-01,0,0,0,0,0,0,,,,,
M001853,Madhya Pradesh,Services,Tier 1,Organic QR,2025-12-13,1,1,0,0,0,0,2025-12-13,2025-12-16,,,
M001854,Maharashtra,Pharmacy,Tier 2,Field sales,2025-08-28,0,0,0,0,0,0,,,,,
M001855,Maharashtra,Other,Tier 3+,Organic QR,2025-08-08,1,0,0,0,0,0,2025-08-09,,,,
M001856,West Bengal,Kirana/Grocery,Tier 2,Organic QR,2026-05-07,1,0,0,0,0,0,2026-05-09,,,,
M001857,Uttar Pradesh,Services,Tier 1,Field sales,2025-11-14,1,1,1,1,1,0,2025-11-15,2025-11-16,2025-11-19,2025-12-14,
M001858,Rajasthan,Pharmacy,Tier 3+,Referral,2026-01-30,1,1,1,0,0,0,2026-01-30,2026-02-02,2026-02-06,,
M001859,Maharashtra,Pharmacy,Tier 1,Referral,2026-01-08,1,1,1,1,1,0,2026-01-09,2026-01-11,2026-01-17,2026-01-31,
M001860,Karnataka,Services,Tier 3+,Field sales,2026-03-26,1,1,1,1,1,0,2026-03-27,2026-04-02,2026-04-03,2026-04-19,
M001861,Uttar Pradesh,Food & Beverage,Tier 3+,Online,2026-03-28,1,1,0,0,0,0,2026-03-31,2026-03-30,,,
M001862,West Bengal,Pharmacy,Tier 3+,Online,2025-10-17,1,0,0,0,0,0,2025-10-17,,,,
M001863,Karnataka,Food & Beverage,Tier 1,Online,2026-05-06,1,1,0,0,0,0,2026-05-07,2026-05-07,,,
M001864,Bihar,Kirana/Grocery,Tier 1,Field sales,2025-11-13,0,0,0,0,0,0,,,,,
M001865,Rajasthan,Services,Tier 3+,Field sales,2026-05-01,0,0,0,0,0,0,,,,,
M001866,Maharashtra,Kirana/Grocery,Tier 2,Organic QR,2025-11-25,1,1,1,0,0,0,2025-11-27,2025-11-28,2025-11-30,,
M001867,Karnataka,Kirana/Grocery,Tier 2,Partner,2025-08-10,0,0,0,0,0,0,,,,,
M001868,Karnataka,Kirana/Grocery,Tier 2,Partner,2026-04-04,1,0,0,0,0,0,2026-04-05,,,,
M001869,Uttar Pradesh,Pharmacy,Tier 1,Partner,2025-07-12,1,1,1,1,0,0,2025-07-15,2025-07-14,2025-07-19,2025-08-08,
M001870,Rajasthan,Other,Tier 2,Referral,2026-04-08,1,1,0,0,0,0,2026-04-11,2026-04-13,,,
M001871,Uttar Pradesh,Food & Beverage,Tier 3+,Online,2025-07-16,0,0,0,0,0,0,,,,,
M001872,Karnataka,Kirana/Grocery,Tier 2,Organic QR,2025-09-14,1,1,0,0,0,0,2025-09-15,2025-09-19,,,
M001873,Bihar,Fashion/Retail,Tier 2,Online,2026-02-06,0,0,0,0,0,0,,,,,
M001874,Rajasthan,Kirana/Grocery,Tier 3+,Referral,2026-06-09,1,1,0,0,0,0,2026-06-11,2026-06-12,,,
M001875,Uttar Pradesh,Other,Tier 2,Field sales,2025-11-27,1,1,1,1,0,0,2025-11-28,2025-11-29,2025-12-06,2026-01-01,
M001876,Uttar Pradesh,Services,Tier 1,Referral,2025-08-14,1,1,1,0,0,0,2025-08-17,2025-08-19,2025-08-20,,
M001877,Karnataka,Kirana/Grocery,Tier 2,Field sales,2025-09-24,1,1,1,1,1,0,2025-09-26,2025-09-28,2025-10-02,2025-10-29,
M001878,Bihar,Services,Tier 1,Field sales,2026-05-24,1,1,1,1,1,1,2026-05-26,2026-05-26,2026-05-30,2026-06-26,2026-06-18
M001879,Uttar Pradesh,Food & Beverage,Tier 1,Online,2026-03-23,0,0,0,0,0,0,,,,,
M001880,Telangana,Fashion/Retail,Tier 2,Organic QR,2025-08-06,1,1,1,1,1,1,2025-08-07,2025-08-06,2025-08-12,2025-08-26,2025-08-31
M001881,Maharashtra,Kirana/Grocery,Tier 1,Organic QR,2025-11-18,1,1,0,0,0,0,2025-11-19,2025-11-18,,,
M001882,Rajasthan,Fashion/Retail,Tier 1,Online,2025-10-05,1,1,1,1,0,0,2025-10-06,2025-10-12,2025-10-14,2025-11-01,
M001883,Rajasthan,Pharmacy,Tier 2,Field sales,2025-09-03,1,1,1,0,0,0,2025-09-04,2025-09-08,2025-09-12,,
M001884,Telangana,Fashion/Retail,Tier 1,Field sales,2026-05-05,0,0,0,0,0,0,,,,,
M001885,Madhya Pradesh,Other,Tier 2,Field sales,2026-02-11,1,1,1,0,0,0,2026-02-14,2026-02-17,2026-02-15,,
M001886,Madhya Pradesh,Kirana/Grocery,Tier 1,Organic QR,2025-09-04,1,0,0,0,0,0,2025-09-05,,,,
M001887,Maharashtra,Services,Tier 2,Field sales,2026-02-23,1,1,0,0,0,0,2026-02-26,2026-02-26,,,
M001888,Bihar,Fashion/Retail,Tier 3+,Field sales,2025-11-28,1,0,0,0,0,0,2025-11-28,,,,
M001889,Uttar Pradesh,Food & Beverage,Tier 1,Referral,2025-07-23,1,0,0,0,0,0,2025-07-25,,,,
M001890,West Bengal,Kirana/Grocery,Tier 3+,Field sales,2025-12-12,1,1,1,1,1,0,2025-12-15,2025-12-12,2025-12-15,2026-01-13,
M001891,Karnataka,Kirana/Grocery,Tier 1,Organic QR,2025-09-06,1,1,1,1,1,0,2025-09-06,2025-09-13,2025-09-10,2025-10-06,
M001892,Karnataka,Kirana/Grocery,Tier 2,Field sales,2025-09-28,1,1,1,1,0,0,2025-09-28,2025-10-03,2025-10-08,2025-10-23,
M001893,Uttar Pradesh,Fashion/Retail,Tier 2,Organic QR,2026-05-17,1,1,1,0,0,0,2026-05-18,2026-05-22,2026-05-20,,
M001894,Karnataka,Food & Beverage,Tier 1,Partner,2026-03-17,1,1,0,0,0,0,2026-03-18,2026-03-17,,,
M001895,Bihar,Pharmacy,Tier 1,Organic QR,2025-08-18,1,1,1,0,0,0,2025-08-18,2025-08-18,2025-08-27,,
M001896,Uttar Pradesh,Other,Tier 3+,Field sales,2026-05-07,1,1,1,0,0,0,2026-05-09,2026-05-14,2026-05-13,,
M001897,Karnataka,Kirana/Grocery,Tier 3+,Field sales,2026-01-26,1,1,1,1,0,0,2026-01-28,2026-02-01,2026-02-04,2026-02-16,
M001898,Uttar Pradesh,Pharmacy,Tier 3+,Field sales,2026-05-16,1,1,1,1,1,0,2026-05-19,2026-05-16,2026-05-24,2026-06-12,
M001899,West Bengal,Kirana/Grocery,Tier 3+,Field sales,2026-03-30,1,1,1,0,0,0,2026-03-31,2026-04-03,2026-04-07,,
M001900,Madhya Pradesh,Kirana/Grocery,Tier 2,Organic QR,2025-11-01,1,1,1,1,0,0,2025-11-04,2025-11-03,2025-11-08,2025-12-06,
M001901,Uttar Pradesh,Kirana/Grocery,Tier 1,Field sales,2026-01-12,0,0,0,0,0,0,,,,,
M001902,Karnataka,Food & Beverage,Tier 1,Field sales,2026-01-10,1,1,1,1,0,1,2026-01-11,2026-01-15,2026-01-16,2026-02-03,2026-03-28
M001903,Maharashtra,Food & Beverage,Tier 2,Field sales,2026-03-20,1,1,1,1,1,1,2026-03-23,2026-03-26,2026-03-23,2026-04-11,2026-06-07
M001904,Madhya Pradesh,Food & Beverage,Tier 3+,Referral,2025-09-29,1,1,1,0,0,0,2025-10-02,2025-10-04,2025-10-04,,
M001905,Bihar,Kirana/Grocery,Tier 1,Organic QR,2025-10-30,1,1,0,0,0,0,2025-10-31,2025-10-31,,,
M001906,Uttar Pradesh,Kirana/Grocery,Tier 1,Organic QR,2025-09-28,1,1,0,0,0,0,2025-10-01,2025-10-01,,,
M001907,Madhya Pradesh,Pharmacy,Tier 2,Organic QR,2025-10-17,1,1,0,0,0,0,2025-10-19,2025-10-24,,,
M001908,Maharashtra,Kirana/Grocery,Tier 3+,Organic QR,2025-08-28,1,1,1,0,0,0,2025-08-29,2025-08-28,2025-09-07,,
M001909,Bihar,Fashion/Retail,Tier 2,Field sales,2025-07-14,1,1,1,0,0,0,2025-07-17,2025-07-19,2025-07-20,,
M001910,Karnataka,Other,Tier 3+,Organic QR,2026-06-09,1,1,0,0,0,0,2026-06-11,2026-06-12,,,
M001911,Maharashtra,Pharmacy,Tier 2,Organic QR,2025-07-28,1,1,1,1,0,0,2025-07-30,2025-07-31,2025-08-02,2025-08-30,
M001912,Uttar Pradesh,Services,Tier 2,Field sales,2026-05-21,1,1,1,1,1,1,2026-05-24,2026-05-21,2026-05-31,2026-06-23,2026-06-04
M001913,Uttar Pradesh,Services,Tier 2,Field sales,2025-07-02,1,1,0,0,0,0,2025-07-04,2025-07-02,,,
M001914,West Bengal,Services,Tier 3+,Online,2026-04-10,1,1,1,1,0,0,2026-04-13,2026-04-13,2026-04-13,2026-05-12,
M001915,Telangana,Other,Tier 3+,Partner,2025-10-28,1,1,1,0,0,0,2025-10-28,2025-11-02,2025-11-05,,
M001916,Madhya Pradesh,Other,Tier 2,Field sales,2026-01-05,1,1,1,0,0,0,2026-01-07,2026-01-06,2026-01-12,,
M001917,Bihar,Food & Beverage,Tier 1,Online,2025-10-12,1,1,1,1,1,0,2025-10-13,2025-10-16,2025-10-20,2025-11-08,
M001918,Rajasthan,Services,Tier 1,Field sales,2025-12-27,1,1,0,0,0,0,2025-12-27,2026-01-03,,,
M001919,West Bengal,Fashion/Retail,Tier 1,Field sales,2025-12-12,1,1,1,0,0,0,2025-12-13,2025-12-15,2025-12-15,,
M001920,Uttar Pradesh,Kirana/Grocery,Tier 1,Field sales,2026-01-10,1,1,1,1,1,0,2026-01-12,2026-01-15,2026-01-19,2026-02-06,
M001921,Uttar Pradesh,Services,Tier 1,Online,2025-11-21,1,1,1,1,1,1,2025-11-21,2025-11-24,2025-12-01,2025-12-22,2026-02-09
M001922,Maharashtra,Services,Tier 2,Field sales,2026-01-12,1,1,1,1,0,0,2026-01-13,2026-01-12,2026-01-20,2026-02-02,
M001923,Karnataka,Pharmacy,Tier 3+,Referral,2026-04-28,1,1,0,0,0,0,2026-04-30,2026-05-02,,,
M001924,Madhya Pradesh,Food & Beverage,Tier 3+,Partner,2025-12-06,1,1,1,1,0,1,2025-12-07,2025-12-06,2025-12-13,2025-12-31,2026-03-06
M001925,Uttar Pradesh,Kirana/Grocery,Tier 3+,Organic QR,2025-11-09,1,1,1,0,0,0,2025-11-12,2025-11-12,2025-11-16,,
M001926,Telangana,Kirana/Grocery,Tier 3+,Field sales,2025-08-18,1,1,1,1,0,0,2025-08-21,2025-08-20,2025-08-23,2025-09-08,
M001927,Karnataka,Services,Tier 3+,Field sales,2025-11-09,1,0,0,0,0,0,2025-11-11,,,,
M001928,Uttar Pradesh,Other,Tier 1,Partner,2025-08-15,1,1,1,1,1,1,2025-08-17,2025-08-20,2025-08-25,2025-09-12,2025-10-30
M001929,Bihar,Other,Tier 1,Organic QR,2025-09-05,1,1,0,0,0,0,2025-09-06,2025-09-05,,,
M001930,Karnataka,Food & Beverage,Tier 1,Organic QR,2026-06-13,1,1,0,0,0,0,2026-06-16,2026-06-16,,,
M001931,Bihar,Kirana/Grocery,Tier 3+,Field sales,2025-08-02,1,1,1,1,1,1,2025-08-03,2025-08-02,2025-08-07,2025-09-05,2025-08-30
M001932,Rajasthan,Fashion/Retail,Tier 1,Referral,2025-12-23,0,0,0,0,0,0,,,,,
M001933,Madhya Pradesh,Pharmacy,Tier 2,Partner,2026-05-01,1,1,0,0,0,0,2026-05-01,2026-05-08,,,
M001934,Karnataka,Services,Tier 2,Organic QR,2026-06-13,1,1,0,0,0,0,2026-06-14,2026-06-18,,,
M001935,Rajasthan,Food & Beverage,Tier 2,Organic QR,2025-08-23,0,0,0,0,0,0,,,,,
M001936,Maharashtra,Kirana/Grocery,Tier 2,Field sales,2025-08-29,1,1,0,0,0,0,2025-09-01,2025-09-02,,,
M001937,Telangana,Fashion/Retail,Tier 3+,Field sales,2025-11-13,1,0,0,0,0,0,2025-11-15,,,,
M001938,Bihar,Services,Tier 2,Field sales,2026-01-19,1,1,1,1,0,0,2026-01-21,2026-01-26,2026-01-28,2026-02-17,
M001939,Rajasthan,Food & Beverage,Tier 3+,Partner,2026-06-16,1,1,0,0,0,0,2026-06-18,2026-06-17,,,
M001940,Karnataka,Other,Tier 1,Field sales,2025-09-14,1,1,1,1,0,0,2025-09-15,2025-09-19,2025-09-17,2025-10-04,
M001941,Madhya Pradesh,Services,Tier 3+,Field sales,2025-08-30,1,1,1,0,0,0,2025-08-31,2025-09-06,2025-09-03,,
M001942,Maharashtra,Other,Tier 2,Field sales,2025-10-01,1,1,1,1,1,0,2025-10-04,2025-10-04,2025-10-07,2025-10-27,
M001943,Rajasthan,Food & Beverage,Tier 1,Field sales,2026-05-16,1,1,1,1,1,0,2026-05-17,2026-05-23,2026-05-19,2026-06-14,
M001944,West Bengal,Food & Beverage,Tier 3+,Organic QR,2025-07-11,1,1,0,0,0,0,2025-07-14,2025-07-17,,,
M001945,Uttar Pradesh,Other,Tier 3+,Partner,2025-11-16,1,0,0,0,0,0,2025-11-18,,,,
M001946,Madhya Pradesh,Other,Tier 3+,Organic QR,2025-08-13,1,1,1,1,1,0,2025-08-15,2025-08-20,2025-08-20,2025-09-09,
M001947,Rajasthan,Other,Tier 3+,Organic QR,2025-08-27,1,1,1,1,1,0,2025-08-29,2025-08-28,2025-09-03,2025-09-23,
M001948,Madhya Pradesh,Fashion/Retail,Tier 2,Organic QR,2026-05-31,1,1,0,0,0,0,2026-06-03,2026-06-02,,,
M001949,Rajasthan,Food & Beverage,Tier 1,Organic QR,2025-07-01,1,1,1,1,1,0,2025-07-03,2025-07-07,2025-07-05,2025-08-05,
M001950,Bihar,Kirana/Grocery,Tier 1,Referral,2025-10-26,1,1,0,0,0,0,2025-10-29,2025-10-28,,,
M001951,Karnataka,Food & Beverage,Tier 3+,Referral,2026-05-31,1,1,1,0,0,0,2026-05-31,2026-06-05,2026-06-07,,
M001952,Bihar,Other,Tier 3+,Referral,2026-02-07,1,0,0,0,0,0,2026-02-08,,,,
M001953,Karnataka,Food & Beverage,Tier 3+,Referral,2025-07-27,1,1,1,0,0,0,2025-07-29,2025-07-27,2025-08-04,,
M001954,West Bengal,Pharmacy,Tier 3+,Online,2025-12-17,1,1,0,0,0,0,2025-12-17,2025-12-21,,,
M001955,Karnataka,Other,Tier 2,Organic QR,2026-06-20,1,1,1,1,1,1,2026-06-23,2026-06-27,2026-06-24,2026-07-13,2026-07-26
M001956,Karnataka,Other,Tier 1,Organic QR,2025-11-24,1,1,1,1,1,1,2025-11-26,2025-11-26,2025-11-29,2025-12-21,2026-01-24
M001957,Madhya Pradesh,Other,Tier 1,Partner,2026-01-09,0,0,0,0,0,0,,,,,
M001958,Karnataka,Services,Tier 2,Field sales,2026-01-11,1,1,0,0,0,0,2026-01-11,2026-01-16,,,
M001959,Telangana,Services,Tier 3+,Field sales,2026-02-27,1,1,1,1,0,0,2026-02-28,2026-02-27,2026-03-08,2026-03-24,
M001960,Bihar,Other,Tier 1,Online,2025-09-07,1,1,1,0,0,0,2025-09-10,2025-09-09,2025-09-10,,
M001961,Maharashtra,Kirana/Grocery,Tier 3+,Organic QR,2026-05-03,1,1,1,0,0,0,2026-05-05,2026-05-04,2026-05-11,,
M001962,Maharashtra,Kirana/Grocery,Tier 2,Field sales,2026-06-26,1,0,0,0,0,0,2026-06-26,,,,
M001963,Uttar Pradesh,Other,Tier 1,Organic QR,2025-08-22,1,0,0,0,0,0,2025-08-22,,,,
M001964,Karnataka,Pharmacy,Tier 3+,Field sales,2026-04-25,1,1,1,0,0,0,2026-04-26,2026-04-26,2026-04-29,,
M001965,Karnataka,Services,Tier 2,Field sales,2026-04-25,1,1,1,1,1,1,2026-04-28,2026-04-28,2026-05-03,2026-05-17,2026-05-16
M001966,Maharashtra,Kirana/Grocery,Tier 3+,Organic QR,2026-03-28,0,0,0,0,0,0,,,,,
M001967,Telangana,Services,Tier 2,Organic QR,2025-11-13,1,0,0,0,0,0,2025-11-14,,,,
M001968,Telangana,Other,Tier 2,Organic QR,2025-12-19,1,1,1,1,1,0,2025-12-22,2025-12-26,2025-12-22,2026-01-23,
M001969,Maharashtra,Services,Tier 1,Field sales,2026-05-03,0,0,0,0,0,0,,,,,
M001970,Rajasthan,Food & Beverage,Tier 2,Organic QR,2025-08-25,1,1,1,0,0,0,2025-08-27,2025-08-25,2025-09-03,,
M001971,Rajasthan,Services,Tier 3+,Field sales,2026-04-29,1,0,0,0,0,0,2026-05-02,,,,
M001972,Maharashtra,Fashion/Retail,Tier 3+,Organic QR,2026-06-02,0,0,0,0,0,0,,,,,
M001973,Telangana,Other,Tier 3+,Partner,2026-03-06,1,1,1,1,1,0,2026-03-09,2026-03-08,2026-03-16,2026-04-02,
M001974,Madhya Pradesh,Food & Beverage,Tier 1,Field sales,2025-11-02,1,1,1,1,1,1,2025-11-05,2025-11-02,2025-11-09,2025-11-29,2026-01-17
M001975,Rajasthan,Services,Tier 3+,Online,2026-01-21,1,1,1,1,1,1,2026-01-23,2026-01-25,2026-01-27,2026-02-24,2026-04-09
M001976,Uttar Pradesh,Kirana/Grocery,Tier 1,Partner,2025-07-19,1,1,0,0,0,0,2025-07-19,2025-07-24,,,
M001977,Uttar Pradesh,Food & Beverage,Tier 1,Field sales,2026-06-06,0,0,0,0,0,0,,,,,
M001978,Karnataka,Kirana/Grocery,Tier 3+,Organic QR,2025-11-02,1,1,0,0,0,0,2025-11-04,2025-11-03,,,
M001979,Madhya Pradesh,Services,Tier 3+,Field sales,2025-07-21,1,1,0,0,0,0,2025-07-23,2025-07-22,,,
M001980,West Bengal,Services,Tier 3+,Field sales,2026-04-16,1,1,0,0,0,0,2026-04-16,2026-04-17,,,
M001981,West Bengal,Food & Beverage,Tier 3+,Online,2026-02-26,1,1,1,0,0,0,2026-03-01,2026-02-26,2026-03-06,,
M001982,Karnataka,Kirana/Grocery,Tier 1,Partner,2026-02-13,1,0,0,0,0,0,2026-02-16,,,,
M001983,Telangana,Kirana/Grocery,Tier 1,Referral,2025-07-20,1,0,0,0,0,0,2025-07-22,,,,
M001984,Maharashtra,Kirana/Grocery,Tier 1,Partner,2026-04-01,1,1,0,0,0,0,2026-04-04,2026-04-04,,,
M001985,Telangana,Pharmacy,Tier 2,Online,2026-02-18,1,0,0,0,0,0,2026-02-20,,,,
M001986,Telangana,Kirana/Grocery,Tier 2,Online,2026-04-16,1,1,0,0,0,0,2026-04-19,2026-04-18,,,
M001987,Rajasthan,Kirana/Grocery,Tier 1,Field sales,2026-04-28,1,1,0,0,0,0,2026-04-29,2026-04-30,,,
M001988,Karnataka,Other,Tier 2,Field sales,2025-09-16,1,1,0,0,0,0,2025-09-16,2025-09-22,,,
M001989,West Bengal,Kirana/Grocery,Tier 2,Organic QR,2025-09-15,1,1,1,1,0,0,2025-09-17,2025-09-16,2025-09-25,2025-10-09,
M001990,Maharashtra,Other,Tier 3+,Field sales,2026-06-03,1,0,0,0,0,0,2026-06-04,,,,
M001991,Maharashtra,Services,Tier 2,Organic QR,2026-01-10,1,1,1,1,1,0,2026-01-10,2026-01-12,2026-01-18,2026-02-03,
M001992,Madhya Pradesh,Pharmacy,Tier 1,Field sales,2025-12-07,1,1,1,0,0,0,2025-12-09,2025-12-10,2025-12-14,,
M001993,Bihar,Services,Tier 2,Referral,2025-10-13,1,1,0,0,0,0,2025-10-13,2025-10-19,,,
M001994,Telangana,Kirana/Grocery,Tier 2,Field sales,2026-02-19,1,1,1,1,1,0,2026-02-21,2026-02-20,2026-02-26,2026-03-24,
M001995,Rajasthan,Fashion/Retail,Tier 1,Referral,2026-04-02,1,1,1,1,1,0,2026-04-03,2026-04-06,2026-04-05,2026-04-26,
M001996,Karnataka,Fashion/Retail,Tier 1,Organic QR,2025-07-01,1,1,0,0,0,0,2025-07-02,2025-07-08,,,
M001997,Maharashtra,Food & Beverage,Tier 3+,Field sales,2026-01-18,1,0,0,0,0,0,2026-01-20,,,,
M001998,Uttar Pradesh,Pharmacy,Tier 3+,Referral,2026-06-28,0,0,0,0,0,0,,,,,
M001999,Telangana,Services,Tier 1,Organic QR,2025-10-11,1,1,0,0,0,0,2025-10-12,2025-10-17,,,
M002000,Rajasthan,Other,Tier 2,Partner,2025-10-11,1,1,0,0,0,0,2025-10-12,2025-10-15,,,
M002001,Karnataka,Fashion/Retail,Tier 2,Online,2026-05-17,1,1,0,0,0,0,2026-05-17,2026-05-22,,,
M002002,Rajasthan,Kirana/Grocery,Tier 1,Field sales,2025-07-23,1,1,1,1,1,0,2025-07-25,2025-07-23,2025-07-26,2025-08-18,
M002003,Bihar,Fashion/Retail,Tier 1,Field sales,2025-11-23,1,1,1,1,1,1,2025-11-23,2025-11-28,2025-11-27,2025-12-17,2026-02-09
M002004,Maharashtra,Other,Tier 3+,Field sales,2025-12-15,1,1,1,0,0,0,2025-12-18,2025-12-16,2025-12-18,,
M002005,Maharashtra,Pharmacy,Tier 2,Field sales,2026-04-18,0,0,0,0,0,0,,,,,
M002006,Uttar Pradesh,Kirana/Grocery,Tier 1,Online,2025-08-17,0,0,0,0,0,0,,,,,
M002007,Bihar,Fashion/Retail,Tier 3+,Referral,2025-12-06,0,0,0,0,0,0,,,,,
M002008,Rajasthan,Services,Tier 2,Field sales,2025-08-25,0,0,0,0,0,0,,,,,
M002009,Bihar,Food & Beverage,Tier 2,Partner,2026-04-14,1,1,1,1,1,0,2026-04-17,2026-04-16,2026-04-21,2026-05-08,
M002010,Uttar Pradesh,Fashion/Retail,Tier 1,Online,2026-02-16,1,1,0,0,0,0,2026-02-16,2026-02-19,,,
M002011,Karnataka,Services,Tier 1,Field sales,2025-12-29,1,1,0,0,0,0,2025-12-30,2026-01-04,,,
M002012,Uttar Pradesh,Fashion/Retail,Tier 1,Field sales,2025-11-21,1,1,1,1,1,1,2025-11-22,2025-11-24,2025-11-27,2025-12-16,2026-01-17
M002013,Karnataka,Pharmacy,Tier 3+,Referral,2025-08-25,1,1,0,0,0,0,2025-08-27,2025-08-26,,,
M002014,Bihar,Kirana/Grocery,Tier 2,Partner,2026-06-02,1,1,1,1,0,0,2026-06-05,2026-06-07,2026-06-05,2026-06-26,
M002015,Karnataka,Other,Tier 3+,Field sales,2026-02-22,1,1,1,1,0,1,2026-02-22,2026-02-26,2026-03-01,2026-03-21,2026-05-18
M002016,Karnataka,Services,Tier 1,Organic QR,2025-10-25,1,1,1,1,1,0,2025-10-28,2025-10-31,2025-11-01,2025-11-26,
M002017,Uttar Pradesh,Services,Tier 3+,Field sales,2025-11-29,1,1,0,0,0,0,2025-12-01,2025-12-03,,,
M002018,Uttar Pradesh,Food & Beverage,Tier 2,Partner,2026-03-23,0,0,0,0,0,0,,,,,
M002019,Rajasthan,Kirana/Grocery,Tier 2,Partner,2026-03-20,1,1,1,1,1,0,2026-03-21,2026-03-24,2026-03-24,2026-04-14,
M002020,Uttar Pradesh,Pharmacy,Tier 2,Field sales,2025-12-16,1,0,0,0,0,0,2025-12-17,,,,
M002021,West Bengal,Food & Beverage,Tier 2,Referral,2025-10-19,1,1,1,0,0,0,2025-10-22,2025-10-19,2025-10-28,,
M002022,Madhya Pradesh,Other,Tier 1,Organic QR,2026-02-26,0,0,0,0,0,0,,,,,
M002023,Madhya Pradesh,Other,Tier 1,Partner,2026-02-26,1,1,1,0,0,0,2026-02-26,2026-02-28,2026-03-03,,
M002024,Rajasthan,Pharmacy,Tier 3+,Partner,2026-02-04,1,1,0,0,0,0,2026-02-04,2026-02-04,,,
M002025,Rajasthan,Kirana/Grocery,Tier 1,Organic QR,2025-07-27,1,1,1,1,1,0,2025-07-30,2025-07-28,2025-08-01,2025-08-20,
M002026,Rajasthan,Pharmacy,Tier 1,Field sales,2025-12-20,1,0,0,0,0,0,2025-12-23,,,,
M002027,Uttar Pradesh,Kirana/Grocery,Tier 3+,Field sales,2026-02-10,0,0,0,0,0,0,,,,,
M002028,Telangana,Fashion/Retail,Tier 1,Partner,2026-06-12,1,0,0,0,0,0,2026-06-13,,,,
M002029,Rajasthan,Services,Tier 2,Partner,2026-01-08,1,1,1,1,0,0,2026-01-11,2026-01-14,2026-01-18,2026-01-30,
M002030,Maharashtra,Other,Tier 3+,Field sales,2025-11-03,1,1,1,1,0,0,2025-11-04,2025-11-03,2025-11-12,2025-11-29,
M002031,Maharashtra,Food & Beverage,Tier 3+,Online,2026-01-19,1,1,1,1,1,0,2026-01-20,2026-01-21,2026-01-25,2026-02-13,
M002032,Madhya Pradesh,Kirana/Grocery,Tier 1,Referral,2025-09-03,1,0,0,0,0,0,2025-09-03,,,,
M002033,Maharashtra,Other,Tier 2,Field sales,2025-08-03,1,1,0,0,0,0,2025-08-03,2025-08-03,,,
M002034,Uttar Pradesh,Services,Tier 2,Field sales,2026-03-05,1,1,1,1,1,0,2026-03-05,2026-03-08,2026-03-15,2026-03-31,
M002035,Rajasthan,Fashion/Retail,Tier 2,Organic QR,2026-06-25,1,0,0,0,0,0,2026-06-25,,,,
M002036,Karnataka,Other,Tier 3+,Field sales,2026-05-05,1,1,1,0,0,0,2026-05-08,2026-05-08,2026-05-12,,
M002037,West Bengal,Services,Tier 3+,Online,2026-01-30,0,0,0,0,0,0,,,,,
M002038,Karnataka,Food & Beverage,Tier 1,Partner,2025-07-15,1,1,0,0,0,0,2025-07-16,2025-07-20,,,
M002039,West Bengal,Services,Tier 1,Field sales,2026-06-26,1,1,1,0,0,0,2026-06-29,2026-06-26,2026-07-01,,
M002040,Bihar,Fashion/Retail,Tier 3+,Organic QR,2025-12-12,1,1,1,1,0,0,2025-12-13,2025-12-13,2025-12-18,2026-01-07,
M002041,Karnataka,Other,Tier 2,Field sales,2025-10-14,0,0,0,0,0,0,,,,,
M002042,Maharashtra,Food & Beverage,Tier 3+,Organic QR,2026-05-22,1,1,1,1,1,0,2026-05-25,2026-05-24,2026-05-28,2026-06-20,
M002043,Telangana,Pharmacy,Tier 1,Field sales,2026-03-30,1,0,0,0,0,0,2026-03-31,,,,
M002044,Uttar Pradesh,Kirana/Grocery,Tier 1,Referral,2026-03-31,1,1,1,1,0,0,2026-03-31,2026-03-31,2026-04-03,2026-04-27,
M002045,Karnataka,Services,Tier 2,Partner,2025-10-10,1,1,1,0,0,0,2025-10-12,2025-10-10,2025-10-15,,
M002046,West Bengal,Fashion/Retail,Tier 3+,Online,2026-06-28,0,0,0,0,0,0,,,,,
M002047,Karnataka,Fashion/Retail,Tier 1,Field sales,2025-12-13,1,1,1,1,0,0,2025-12-13,2025-12-17,2025-12-21,2026-01-05,
M002048,Madhya Pradesh,Food & Beverage,Tier 3+,Organic QR,2026-01-10,1,1,1,0,0,0,2026-01-13,2026-01-16,2026-01-15,,
M002049,Maharashtra,Food & Beverage,Tier 2,Referral,2026-04-01,1,0,0,0,0,0,2026-04-02,,,,
M002050,West Bengal,Kirana/Grocery,Tier 1,Field sales,2026-02-26,1,1,1,1,1,0,2026-03-01,2026-02-26,2026-03-05,2026-03-28,
M002051,Karnataka,Kirana/Grocery,Tier 2,Field sales,2025-09-01,1,1,0,0,0,0,2025-09-03,2025-09-02,,,
M002052,Uttar Pradesh,Food & Beverage,Tier 1,Online,2025-10-19,1,1,1,1,1,1,2025-10-20,2025-10-26,2025-10-22,2025-11-17,2025-12-04
M002053,Uttar Pradesh,Fashion/Retail,Tier 2,Referral,2025-11-09,1,1,0,0,0,0,2025-11-10,2025-11-14,,,
M002054,Maharashtra,Food & Beverage,Tier 1,Online,2026-06-11,0,0,0,0,0,0,,,,,
M002055,Madhya Pradesh,Food & Beverage,Tier 2,Organic QR,2026-03-18,0,0,0,0,0,0,,,,,
M002056,Karnataka,Pharmacy,Tier 1,Organic QR,2025-11-11,1,1,1,0,0,0,2025-11-14,2025-11-13,2025-11-15,,
M002057,Uttar Pradesh,Kirana/Grocery,Tier 3+,Organic QR,2026-03-26,0,0,0,0,0,0,,,,,
M002058,Uttar Pradesh,Kirana/Grocery,Tier 3+,Organic QR,2026-03-27,1,1,1,1,1,0,2026-03-27,2026-04-03,2026-03-31,2026-04-27,
M002059,Rajasthan,Other,Tier 2,Field sales,2025-11-21,1,1,1,1,1,0,2025-11-23,2025-11-25,2025-11-29,2025-12-23,
M002060,Maharashtra,Kirana/Grocery,Tier 2,Referral,2025-11-25,1,1,1,0,0,0,2025-11-27,2025-12-02,2025-12-04,,
M002061,Maharashtra,Food & Beverage,Tier 3+,Organic QR,2026-05-23,0,0,0,0,0,0,,,,,
M002062,Maharashtra,Services,Tier 1,Organic QR,2026-01-22,1,1,1,0,0,0,2026-01-24,2026-01-25,2026-01-28,,
M002063,Telangana,Kirana/Grocery,Tier 3+,Online,2025-08-24,1,1,1,1,0,0,2025-08-27,2025-08-30,2025-09-03,2025-09-26,
M002064,Maharashtra,Kirana/Grocery,Tier 2,Referral,2026-03-20,1,0,0,0,0,0,2026-03-22,,,,
M002065,West Bengal,Kirana/Grocery,Tier 3+,Field sales,2026-02-01,1,1,1,1,1,0,2026-02-02,2026-02-03,2026-02-11,2026-03-04,
M002066,Uttar Pradesh,Food & Beverage,Tier 1,Partner,2026-01-02,1,1,0,0,0,0,2026-01-05,2026-01-07,,,
M002067,Rajasthan,Other,Tier 1,Organic QR,2026-03-22,1,1,1,1,1,0,2026-03-22,2026-03-23,2026-03-27,2026-04-15,
M002068,Telangana,Food & Beverage,Tier 2,Field sales,2026-05-28,1,1,1,1,0,1,2026-05-28,2026-05-29,2026-06-03,2026-06-18,2026-07-06
M002069,Karnataka,Food & Beverage,Tier 1,Field sales,2025-10-29,0,0,0,0,0,0,,,,,
M002070,Uttar Pradesh,Food & Beverage,Tier 1,Partner,2025-12-01,1,1,1,1,0,1,2025-12-01,2025-12-01,2025-12-04,2025-12-30,2026-01-13
M002071,Karnataka,Other,Tier 3+,Referral,2025-09-08,0,0,0,0,0,0,,,,,
M002072,Telangana,Kirana/Grocery,Tier 1,Online,2026-02-22,1,0,0,0,0,0,2026-02-25,,,,
M002073,Uttar Pradesh,Fashion/Retail,Tier 1,Field sales,2025-11-24,0,0,0,0,0,0,,,,,
M002074,Uttar Pradesh,Food & Beverage,Tier 1,Organic QR,2025-11-02,1,1,1,1,1,0,2025-11-03,2025-11-05,2025-11-07,2025-11-24,
M002075,West Bengal,Other,Tier 2,Field sales,2026-03-12,0,0,0,0,0,0,,,,,
M002076,Karnataka,Food & Beverage,Tier 2,Online,2025-11-26,1,1,1,1,1,0,2025-11-26,2025-11-27,2025-12-05,2025-12-18,
M002077,Uttar Pradesh,Kirana/Grocery,Tier 1,Referral,2025-12-17,1,1,1,1,1,0,2025-12-17,2025-12-20,2025-12-26,2026-01-16,
M002078,Maharashtra,Services,Tier 3+,Online,2025-12-08,1,1,1,1,1,0,2025-12-10,2025-12-11,2025-12-16,2026-01-06,
M002079,Telangana,Kirana/Grocery,Tier 3+,Organic QR,2025-10-03,1,1,1,1,1,0,2025-10-04,2025-10-07,2025-10-09,2025-10-25,
M002080,Bihar,Pharmacy,Tier 1,Field sales,2025-08-15,1,1,1,0,0,0,2025-08-18,2025-08-15,2025-08-20,,
M002081,Maharashtra,Services,Tier 3+,Organic QR,2026-04-28,1,1,1,0,0,0,2026-04-30,2026-05-01,2026-05-05,,
M002082,Rajasthan,Pharmacy,Tier 2,Field sales,2025-08-03,1,1,0,0,0,0,2025-08-05,2025-08-10,,,
M002083,Uttar Pradesh,Kirana/Grocery,Tier 2,Field sales,2025-10-27,1,1,1,1,1,0,2025-10-27,2025-10-27,2025-11-05,2025-11-30,
M002084,Maharashtra,Pharmacy,Tier 3+,Field sales,2026-03-01,0,0,0,0,0,0,,,,,
M002085,West Bengal,Food & Beverage,Tier 3+,Field sales,2025-08-17,1,1,0,0,0,0,2025-08-20,2025-08-24,,,
M002086,Uttar Pradesh,Other,Tier 2,Field sales,2026-02-25,1,1,1,1,1,0,2026-02-26,2026-02-25,2026-03-07,2026-03-18,
M002087,Madhya Pradesh,Pharmacy,Tier 2,Online,2026-03-25,1,1,1,0,0,0,2026-03-28,2026-04-01,2026-04-03,,
M002088,Uttar Pradesh,Services,Tier 1,Partner,2026-02-27,1,0,0,0,0,0,2026-02-27,,,,
M002089,West Bengal,Fashion/Retail,Tier 2,Referral,2025-10-20,1,1,1,1,1,1,2025-10-22,2025-10-23,2025-10-26,2025-11-22,2025-11-19
M002090,Karnataka,Services,Tier 2,Field sales,2025-07-08,0,0,0,0,0,0,,,,,
M002091,Uttar Pradesh,Services,Tier 1,Partner,2026-05-20,0,0,0,0,0,0,,,,,
M002092,Bihar,Kirana/Grocery,Tier 3+,Organic QR,2025-10-28,1,1,1,0,0,0,2025-10-31,2025-11-02,2025-10-31,,
M002093,Telangana,Pharmacy,Tier 3+,Field sales,2026-04-20,1,1,1,1,0,0,2026-04-20,2026-04-26,2026-04-28,2026-05-22,
M002094,Telangana,Food & Beverage,Tier 1,Organic QR,2025-09-11,1,1,1,1,1,0,2025-09-13,2025-09-17,2025-09-17,2025-10-10,
M002095,West Bengal,Kirana/Grocery,Tier 3+,Field sales,2025-08-29,1,1,1,0,0,0,2025-08-29,2025-09-03,2025-09-01,,
M002096,Uttar Pradesh,Fashion/Retail,Tier 3+,Online,2026-04-11,1,1,1,1,1,1,2026-04-13,2026-04-11,2026-04-15,2026-05-06,2026-04-29
M002097,Bihar,Kirana/Grocery,Tier 1,Referral,2026-06-09,1,1,1,1,1,0,2026-06-12,2026-06-11,2026-06-19,2026-07-03,
M002098,Rajasthan,Pharmacy,Tier 2,Field sales,2026-05-11,1,1,1,1,1,1,2026-05-12,2026-05-17,2026-05-15,2026-06-08,2026-06-28
M002099,Madhya Pradesh,Kirana/Grocery,Tier 3+,Partner,2026-04-01,0,0,0,0,0,0,,,,,
M002100,Madhya Pradesh,Food & Beverage,Tier 3+,Field sales,2025-09-29,1,1,1,1,0,0,2025-10-01,2025-10-06,2025-10-05,2025-10-21,
M002101,Uttar Pradesh,Fashion/Retail,Tier 1,Field sales,2026-05-30,1,0,0,0,0,0,2026-05-30,,,,
M002102,Karnataka,Kirana/Grocery,Tier 2,Partner,2026-03-01,1,1,0,0,0,0,2026-03-03,2026-03-03,,,
M002103,Maharashtra,Services,Tier 3+,Referral,2025-09-01,1,1,1,1,1,1,2025-09-02,2025-09-06,2025-09-06,2025-10-03,2025-11-02
M002104,Rajasthan,Services,Tier 3+,Referral,2025-08-17,1,0,0,0,0,0,2025-08-17,,,,
M002105,Madhya Pradesh,Fashion/Retail,Tier 1,Field sales,2026-05-14,0,0,0,0,0,0,,,,,
M002106,Uttar Pradesh,Kirana/Grocery,Tier 2,Organic QR,2025-10-09,1,1,1,0,0,0,2025-10-12,2025-10-12,2025-10-15,,
M002107,Maharashtra,Fashion/Retail,Tier 3+,Field sales,2026-04-06,1,1,1,1,1,0,2026-04-06,2026-04-12,2026-04-10,2026-05-03,
M002108,Karnataka,Food & Beverage,Tier 1,Field sales,2025-08-20,1,1,1,1,0,1,2025-08-20,2025-08-26,2025-08-26,2025-09-17,2025-11-01
M002109,Uttar Pradesh,Food & Beverage,Tier 2,Field sales,2025-10-11,1,1,1,1,0,0,2025-10-13,2025-10-17,2025-10-20,2025-11-06,
M002110,Madhya Pradesh,Food & Beverage,Tier 2,Field sales,2025-10-12,1,1,1,0,0,0,2025-10-15,2025-10-18,2025-10-15,,
M002111,Maharashtra,Food & Beverage,Tier 2,Field sales,2025-10-11,0,0,0,0,0,0,,,,,
M002112,Rajasthan,Services,Tier 3+,Field sales,2026-03-04,1,1,1,1,1,0,2026-03-04,2026-03-08,2026-03-10,2026-03-25,
M002113,Bihar,Kirana/Grocery,Tier 1,Partner,2026-05-30,0,0,0,0,0,0,,,,,
M002114,West Bengal,Food & Beverage,Tier 3+,Field sales,2026-05-29,1,1,1,1,1,0,2026-05-31,2026-06-05,2026-06-07,2026-06-28,
M002115,Maharashtra,Services,Tier 1,Field sales,2026-03-28,0,0,0,0,0,0,,,,,
M002116,West Bengal,Services,Tier 3+,Online,2025-09-12,0,0,0,0,0,0,,,,,
M002117,Rajasthan,Kirana/Grocery,Tier 2,Online,2026-06-16,1,1,1,1,1,0,2026-06-17,2026-06-23,2026-06-25,2026-07-16,
M002118,Bihar,Food & Beverage,Tier 1,Field sales,2026-01-14,1,1,0,0,0,0,2026-01-17,2026-01-17,,,
M002119,Maharashtra,Food & Beverage,Tier 3+,Field sales,2026-01-16,0,0,0,0,0,0,,,,,
M002120,Uttar Pradesh,Services,Tier 3+,Field sales,2026-03-14,0,0,0,0,0,0,,,,,
M002121,Rajasthan,Other,Tier 2,Online,2026-04-07,1,1,1,1,1,0,2026-04-10,2026-04-10,2026-04-17,2026-04-28,
M002122,Telangana,Services,Tier 1,Field sales,2026-06-13,0,0,0,0,0,0,,,,,
M002123,Uttar Pradesh,Pharmacy,Tier 2,Field sales,2026-01-29,0,0,0,0,0,0,,,,,
M002124,Uttar Pradesh,Kirana/Grocery,Tier 3+,Partner,2026-02-08,1,1,0,0,0,0,2026-02-10,2026-02-11,,,
M002125,Uttar Pradesh,Other,Tier 1,Partner,2026-03-30,1,1,1,1,1,0,2026-03-31,2026-04-05,2026-04-06,2026-04-24,
M002126,Maharashtra,Food & Beverage,Tier 3+,Field sales,2025-10-02,1,1,1,0,0,0,2025-10-03,2025-10-09,2025-10-05,,
M002127,Uttar Pradesh,Food & Beverage,Tier 2,Field sales,2025-10-21,1,1,1,1,1,0,2025-10-23,2025-10-22,2025-10-28,2025-11-10,
M002128,Karnataka,Kirana/Grocery,Tier 3+,Organic QR,2026-02-14,0,0,0,0,0,0,,,,,
M002129,West Bengal,Kirana/Grocery,Tier 2,Field sales,2025-07-24,0,0,0,0,0,0,,,,,
M002130,West Bengal,Fashion/Retail,Tier 1,Field sales,2025-10-25,1,0,0,0,0,0,2025-10-25,,,,
M002131,Karnataka,Kirana/Grocery,Tier 3+,Referral,2026-03-20,1,1,1,0,0,0,2026-03-20,2026-03-23,2026-03-30,,
M002132,Maharashtra,Kirana/Grocery,Tier 1,Referral,2026-06-22,1,1,0,0,0,0,2026-06-24,2026-06-29,,,
M002133,Karnataka,Kirana/Grocery,Tier 3+,Partner,2026-01-06,1,1,0,0,0,0,2026-01-07,2026-01-07,,,
M002134,Uttar Pradesh,Other,Tier 1,Partner,2025-11-23,1,1,1,1,0,1,2025-11-25,2025-11-28,2025-11-30,2025-12-18,2026-01-14
M002135,Madhya Pradesh,Fashion/Retail,Tier 1,Organic QR,2025-12-08,1,1,0,0,0,0,2025-12-10,2025-12-14,,,
M002136,Uttar Pradesh,Other,Tier 3+,Field sales,2026-03-08,1,1,0,0,0,0,2026-03-09,2026-03-10,,,
M002137,Maharashtra,Fashion/Retail,Tier 2,Partner,2026-01-15,1,1,1,0,0,0,2026-01-15,2026-01-16,2026-01-23,,
M002138,Maharashtra,Other,Tier 1,Field sales,2025-07-09,0,0,0,0,0,0,,,,,
M002139,Karnataka,Food & Beverage,Tier 2,Field sales,2026-01-13,1,0,0,0,0,0,2026-01-13,,,,
M002140,Madhya Pradesh,Kirana/Grocery,Tier 1,Field sales,2025-11-24,1,1,0,0,0,0,2025-11-26,2025-11-28,,,
M002141,Rajasthan,Food & Beverage,Tier 3+,Partner,2026-03-13,0,0,0,0,0,0,,,,,
M002142,Uttar Pradesh,Kirana/Grocery,Tier 1,Organic QR,2026-05-16,0,0,0,0,0,0,,,,,
M002143,Telangana,Pharmacy,Tier 2,Organic QR,2026-06-17,1,0,0,0,0,0,2026-06-19,,,,
M002144,West Bengal,Kirana/Grocery,Tier 1,Organic QR,2026-02-08,1,1,0,0,0,0,2026-02-10,2026-02-14,,,
M002145,Telangana,Kirana/Grocery,Tier 2,Referral,2025-11-10,1,1,1,1,1,0,2025-11-10,2025-11-10,2025-11-14,2025-12-11,
M002146,Madhya Pradesh,Pharmacy,Tier 3+,Field sales,2025-12-10,1,1,1,1,1,0,2025-12-13,2025-12-17,2025-12-18,2026-01-08,
M002147,West Bengal,Kirana/Grocery,Tier 3+,Organic QR,2025-09-03,1,1,1,1,1,0,2025-09-06,2025-09-07,2025-09-07,2025-10-02,
M002148,Uttar Pradesh,Kirana/Grocery,Tier 2,Referral,2026-06-07,1,1,0,0,0,0,2026-06-08,2026-06-07,,,
M002149,West Bengal,Kirana/Grocery,Tier 1,Partner,2026-05-06,1,1,0,0,0,0,2026-05-06,2026-05-12,,,
M002150,Karnataka,Pharmacy,Tier 1,Organic QR,2026-05-08,1,1,1,1,1,1,2026-05-11,2026-05-12,2026-05-13,2026-06-06,2026-08-05
M002151,Rajasthan,Kirana/Grocery,Tier 3+,Field sales,2025-10-28,0,0,0,0,0,0,,,,,
M002152,Maharashtra,Kirana/Grocery,Tier 1,Online,2025-10-26,1,1,0,0,0,0,2025-10-28,2025-10-28,,,
M002153,Uttar Pradesh,Kirana/Grocery,Tier 2,Organic QR,2026-05-09,1,0,0,0,0,0,2026-05-10,,,,
M002154,Karnataka,Pharmacy,Tier 2,Online,2026-01-15,1,1,1,1,1,0,2026-01-15,2026-01-17,2026-01-20,2026-02-09,
M002155,Maharashtra,Kirana/Grocery,Tier 3+,Referral,2026-03-15,1,1,1,1,1,0,2026-03-15,2026-03-20,2026-03-18,2026-04-10,
M002156,Maharashtra,Kirana/Grocery,Tier 2,Online,2025-12-26,1,1,1,1,1,0,2025-12-26,2025-12-29,2026-01-03,2026-01-26,
M002157,Telangana,Other,Tier 2,Field sales,2025-12-09,1,1,0,0,0,0,2025-12-09,2025-12-14,,,
M002158,Rajasthan,Fashion/Retail,Tier 3+,Organic QR,2026-02-16,0,0,0,0,0,0,,,,,
M002159,Uttar Pradesh,Kirana/Grocery,Tier 3+,Field sales,2026-04-23,0,0,0,0,0,0,,,,,
M002160,Telangana,Kirana/Grocery,Tier 2,Field sales,2025-10-30,0,0,0,0,0,0,,,,,
M002161,West Bengal,Kirana/Grocery,Tier 3+,Field sales,2026-04-22,1,1,1,1,0,0,2026-04-22,2026-04-28,2026-04-25,2026-05-23,
M002162,West Bengal,Pharmacy,Tier 2,Organic QR,2025-09-28,0,0,0,0,0,0,,,,,
M002163,Maharashtra,Kirana/Grocery,Tier 2,Organic QR,2025-11-25,1,1,1,1,0,0,2025-11-28,2025-12-02,2025-12-04,2025-12-22,
M002164,Uttar Pradesh,Other,Tier 1,Partner,2026-05-30,1,1,0,0,0,0,2026-06-01,2026-06-06,,,
M002165,Rajasthan,Fashion/Retail,Tier 3+,Field sales,2026-06-14,1,1,1,0,0,0,2026-06-14,2026-06-21,2026-06-23,,
M002166,Bihar,Services,Tier 3+,Field sales,2026-06-03,1,1,1,0,0,0,2026-06-06,2026-06-08,2026-06-07,,
M002167,Telangana,Kirana/Grocery,Tier 1,Field sales,2025-10-24,1,1,1,1,0,1,2025-10-27,2025-10-25,2025-10-30,2025-11-24,2026-01-19
M002168,Bihar,Fashion/Retail,Tier 1,Partner,2026-05-04,0,0,0,0,0,0,,,,,
M002169,Maharashtra,Pharmacy,Tier 3+,Field sales,2026-06-07,1,1,1,0,0,0,2026-06-07,2026-06-07,2026-06-10,,
M002170,Telangana,Fashion/Retail,Tier 1,Partner,2026-06-23,0,0,0,0,0,0,,,,,
M002171,Bihar,Kirana/Grocery,Tier 2,Field sales,2025-07-08,1,1,0,0,0,0,2025-07-11,2025-07-10,,,
M002172,Rajasthan,Pharmacy,Tier 3+,Organic QR,2026-03-29,1,1,1,1,1,1,2026-03-29,2026-04-01,2026-04-02,2026-04-30,2026-04-20
M002173,Madhya Pradesh,Fashion/Retail,Tier 2,Referral,2026-06-29,1,0,0,0,0,0,2026-07-02,,,,
M002174,Maharashtra,Other,Tier 1,Organic QR,2026-04-06,1,0,0,0,0,0,2026-04-07,,,,
M002175,Maharashtra,Services,Tier 2,Partner,2025-09-24,0,0,0,0,0,0,,,,,
M002176,Maharashtra,Services,Tier 2,Online,2026-04-05,1,1,1,1,0,1,2026-04-06,2026-04-06,2026-04-14,2026-05-01,2026-06-08
M002177,Karnataka,Food & Beverage,Tier 2,Field sales,2025-08-08,1,1,1,0,0,0,2025-08-09,2025-08-14,2025-08-13,,
M002178,Maharashtra,Pharmacy,Tier 3+,Field sales,2025-12-23,1,1,1,1,1,0,2025-12-23,2025-12-26,2025-12-28,2026-01-25,
M002179,Uttar Pradesh,Other,Tier 3+,Online,2026-02-14,1,1,1,1,0,0,2026-02-17,2026-02-21,2026-02-24,2026-03-08,
M002180,Uttar Pradesh,Services,Tier 1,Referral,2025-12-14,1,1,1,0,0,0,2025-12-14,2025-12-14,2025-12-19,,
M002181,Rajasthan,Kirana/Grocery,Tier 3+,Partner,2026-03-13,1,1,1,1,0,0,2026-03-15,2026-03-13,2026-03-17,2026-04-13,
M002182,Uttar Pradesh,Kirana/Grocery,Tier 1,Field sales,2025-09-26,1,0,0,0,0,0,2025-09-27,,,,
M002183,Maharashtra,Services,Tier 3+,Field sales,2026-02-07,1,1,0,0,0,0,2026-02-10,2026-02-10,,,
M002184,Rajasthan,Fashion/Retail,Tier 1,Online,2026-02-21,1,1,0,0,0,0,2026-02-22,2026-02-23,,,
M002185,Maharashtra,Kirana/Grocery,Tier 2,Partner,2026-02-17,1,0,0,0,0,0,2026-02-20,,,,
M002186,Madhya Pradesh,Food & Beverage,Tier 2,Field sales,2025-10-14,1,1,1,1,0,0,2025-10-15,2025-10-21,2025-10-17,2025-11-11,
M002187,Maharashtra,Other,Tier 2,Field sales,2025-10-20,1,1,1,0,0,0,2025-10-22,2025-10-24,2025-10-29,,
M002188,Uttar Pradesh,Services,Tier 3+,Referral,2025-10-03,1,1,0,0,0,0,2025-10-05,2025-10-08,,,
M002189,West Bengal,Kirana/Grocery,Tier 1,Organic QR,2025-12-16,1,1,0,0,0,0,2025-12-17,2025-12-21,,,
M002190,Uttar Pradesh,Food & Beverage,Tier 1,Online,2026-01-30,1,1,1,1,1,0,2026-02-02,2026-02-03,2026-02-03,2026-03-05,
M002191,Rajasthan,Food & Beverage,Tier 2,Organic QR,2025-11-10,1,1,1,1,1,0,2025-11-11,2025-11-15,2025-11-16,2025-12-03,
M002192,Bihar,Kirana/Grocery,Tier 2,Field sales,2025-11-27,1,1,1,1,0,1,2025-11-27,2025-11-28,2025-11-30,2025-12-18,2026-01-27
M002193,Maharashtra,Services,Tier 1,Field sales,2025-10-13,1,1,1,1,1,1,2025-10-15,2025-10-16,2025-10-20,2025-11-02,2026-01-09
M002194,Rajasthan,Services,Tier 1,Organic QR,2025-09-18,1,1,1,1,1,0,2025-09-19,2025-09-19,2025-09-26,2025-10-10,
M002195,West Bengal,Services,Tier 1,Field sales,2026-02-25,0,0,0,0,0,0,,,,,
M002196,West Bengal,Services,Tier 3+,Field sales,2026-04-24,0,0,0,0,0,0,,,,,
M002197,Uttar Pradesh,Kirana/Grocery,Tier 2,Field sales,2025-10-15,1,1,1,1,0,0,2025-10-17,2025-10-22,2025-10-20,2025-11-12,
M002198,Telangana,Kirana/Grocery,Tier 1,Field sales,2026-05-11,1,1,1,0,0,0,2026-05-13,2026-05-11,2026-05-14,,
M002199,Bihar,Kirana/Grocery,Tier 2,Referral,2026-01-25,1,0,0,0,0,0,2026-01-27,,,,
M002200,Uttar Pradesh,Kirana/Grocery,Tier 3+,Field sales,2025-08-31,1,1,1,1,1,0,2025-09-03,2025-09-06,2025-09-04,2025-10-02,
M002201,Karnataka,Pharmacy,Tier 3+,Organic QR,2025-11-11,1,1,0,0,0,0,2025-11-14,2025-11-11,,,
M002202,Maharashtra,Kirana/Grocery,Tier 1,Partner,2025-07-03,0,0,0,0,0,0,,,,,
M002203,Maharashtra,Services,Tier 2,Field sales,2025-07-15,1,0,0,0,0,0,2025-07-18,,,,
M002204,Uttar Pradesh,Kirana/Grocery,Tier 1,Organic QR,2025-10-31,1,1,1,0,0,0,2025-11-03,2025-11-03,2025-11-09,,
M002205,Maharashtra,Kirana/Grocery,Tier 1,Referral,2025-12-13,1,1,1,0,0,0,2025-12-16,2025-12-19,2025-12-23,,
M002206,Maharashtra,Kirana/Grocery,Tier 3+,Organic QR,2026-04-18,1,1,1,1,1,0,2026-04-18,2026-04-21,2026-04-26,2026-05-21,
M002207,Maharashtra,Services,Tier 3+,Organic QR,2025-08-19,0,0,0,0,0,0,,,,,
M002208,West Bengal,Services,Tier 1,Referral,2026-05-03,1,1,0,0,0,0,2026-05-06,2026-05-10,,,
M002209,Maharashtra,Fashion/Retail,Tier 3+,Online,2025-09-24,1,1,1,1,0,0,2025-09-27,2025-09-30,2025-10-04,2025-10-25,
M002210,Maharashtra,Kirana/Grocery,Tier 3+,Referral,2025-08-20,1,1,1,1,1,0,2025-08-23,2025-08-26,2025-08-23,2025-09-13,
M002211,Uttar Pradesh,Services,Tier 3+,Organic QR,2026-03-13,1,1,1,1,1,0,2026-03-13,2026-03-18,2026-03-22,2026-04-08,
M002212,Karnataka,Fashion/Retail,Tier 3+,Partner,2026-04-09,1,1,1,1,0,1,2026-04-12,2026-04-16,2026-04-19,2026-04-29,2026-06-25
M002213,West Bengal,Food & Beverage,Tier 2,Organic QR,2026-02-06,1,1,0,0,0,0,2026-02-09,2026-02-08,,,
M002214,West Bengal,Kirana/Grocery,Tier 3+,Field sales,2025-08-12,1,1,1,1,0,1,2025-08-14,2025-08-12,2025-08-22,2025-09-09,2025-09-02
M002215,Uttar Pradesh,Kirana/Grocery,Tier 1,Organic QR,2025-08-12,1,1,1,0,0,0,2025-08-13,2025-08-16,2025-08-22,,
M002216,Uttar Pradesh,Kirana/Grocery,Tier 2,Referral,2025-11-20,1,1,1,1,1,0,2025-11-22,2025-11-22,2025-11-27,2025-12-22,
M002217,Telangana,Fashion/Retail,Tier 1,Field sales,2025-12-12,0,0,0,0,0,0,,,,,
M002218,Maharashtra,Food & Beverage,Tier 3+,Online,2026-06-30,1,1,1,1,1,0,2026-06-30,2026-06-30,2026-07-10,2026-07-23,
M002219,Karnataka,Services,Tier 1,Online,2025-10-13,1,1,1,1,1,0,2025-10-14,2025-10-14,2025-10-19,2025-11-10,
M002220,Maharashtra,Pharmacy,Tier 2,Field sales,2025-09-09,0,0,0,0,0,0,,,,,
M002221,Maharashtra,Food & Beverage,Tier 3+,Field sales,2026-06-11,1,1,1,1,0,0,2026-06-13,2026-06-11,2026-06-15,2026-07-06,
M002222,Uttar Pradesh,Services,Tier 1,Online,2025-08-26,0,0,0,0,0,0,,,,,
M002223,Maharashtra,Kirana/Grocery,Tier 1,Field sales,2025-07-10,1,0,0,0,0,0,2025-07-13,,,,
M002224,Maharashtra,Food & Beverage,Tier 1,Referral,2025-12-02,0,0,0,0,0,0,,,,,
M002225,Uttar Pradesh,Kirana/Grocery,Tier 3+,Field sales,2025-11-24,1,1,1,1,1,1,2025-11-25,2025-11-24,2025-12-03,2025-12-28,2025-12-20
M002226,Uttar Pradesh,Kirana/Grocery,Tier 1,Field sales,2026-02-12,0,0,0,0,0,0,,,,,
M002227,Maharashtra,Kirana/Grocery,Tier 2,Field sales,2026-05-17,1,1,1,0,0,0,2026-05-19,2026-05-23,2026-05-25,,
M002228,Maharashtra,Pharmacy,Tier 2,Field sales,2026-06-06,1,1,0,0,0,0,2026-06-08,2026-06-07,,,
M002229,Karnataka,Pharmacy,Tier 3+,Online,2025-10-14,0,0,0,0,0,0,,,,,
M002230,Karnataka,Pharmacy,Tier 3+,Field sales,2026-06-23,1,1,1,1,1,0,2026-06-26,2026-06-27,2026-07-01,2026-07-14,
M002231,Madhya Pradesh,Kirana/Grocery,Tier 1,Field sales,2026-02-16,1,1,1,1,0,1,2026-02-19,2026-02-21,2026-02-22,2026-03-19,2026-04-22
M002232,West Bengal,Other,Tier 3+,Partner,2025-07-26,1,0,0,0,0,0,2025-07-26,,,,
M002233,Uttar Pradesh,Kirana/Grocery,Tier 3+,Online,2026-06-08,1,1,0,0,0,0,2026-06-09,2026-06-10,,,
M002234,Uttar Pradesh,Fashion/Retail,Tier 3+,Organic QR,2025-08-20,1,1,1,1,0,0,2025-08-21,2025-08-23,2025-08-30,2025-09-09,
M002235,Bihar,Pharmacy,Tier 2,Referral,2026-01-31,1,1,1,1,0,0,2026-02-02,2026-02-03,2026-02-05,2026-02-27,
M002236,Rajasthan,Services,Tier 1,Field sales,2026-04-15,1,1,1,1,1,1,2026-04-15,2026-04-22,2026-04-22,2026-05-15,2026-05-16
M002237,Karnataka,Food & Beverage,Tier 3+,Referral,2025-09-30,1,1,1,1,1,0,2025-09-30,2025-10-07,2025-10-06,2025-10-27,
M002238,Maharashtra,Pharmacy,Tier 2,Partner,2025-10-07,0,0,0,0,0,0,,,,,
M002239,Uttar Pradesh,Pharmacy,Tier 1,Online,2025-12-21,1,0,0,0,0,0,2025-12-24,,,,
M002240,Uttar Pradesh,Kirana/Grocery,Tier 1,Partner,2026-05-19,1,1,1,1,0,0,2026-05-22,2026-05-20,2026-05-24,2026-06-17,
M002241,Maharashtra,Fashion/Retail,Tier 1,Online,2025-09-20,1,0,0,0,0,0,2025-09-23,,,,
M002242,Karnataka,Kirana/Grocery,Tier 2,Organic QR,2026-02-28,0,0,0,0,0,0,,,,,
M002243,Telangana,Services,Tier 1,Partner,2025-12-13,1,1,1,1,1,0,2025-12-15,2025-12-18,2025-12-21,2026-01-12,
M002244,Karnataka,Services,Tier 2,Partner,2025-08-10,1,1,0,0,0,0,2025-08-13,2025-08-15,,,
M002245,Uttar Pradesh,Fashion/Retail,Tier 3+,Field sales,2026-03-17,1,1,1,1,0,1,2026-03-18,2026-03-24,2026-03-21,2026-04-17,2026-05-31
M002246,Rajasthan,Food & Beverage,Tier 1,Online,2026-04-30,1,1,0,0,0,0,2026-05-01,2026-05-04,,,
M002247,Uttar Pradesh,Kirana/Grocery,Tier 1,Referral,2026-01-27,1,1,1,1,0,0,2026-01-28,2026-01-30,2026-01-30,2026-02-16,
M002248,Karnataka,Services,Tier 1,Online,2025-09-03,1,0,0,0,0,0,2025-09-03,,,,
M002249,Maharashtra,Kirana/Grocery,Tier 2,Field sales,2025-08-26,1,1,0,0,0,0,2025-08-27,2025-08-31,,,
M002250,Madhya Pradesh,Services,Tier 3+,Referral,2025-12-02,1,1,1,1,1,0,2025-12-05,2025-12-07,2025-12-10,2025-12-28,
M002251,Uttar Pradesh,Food & Beverage,Tier 2,Field sales,2026-01-01,1,1,1,0,0,0,2026-01-04,2026-01-04,2026-01-07,,
M002252,Maharashtra,Fashion/Retail,Tier 3+,Online,2026-01-18,1,1,0,0,0,0,2026-01-19,2026-01-23,,,
M002253,Karnataka,Kirana/Grocery,Tier 3+,Field sales,2025-09-27,1,1,1,0,0,0,2025-09-27,2025-09-27,2025-10-01,,
M002254,Madhya Pradesh,Kirana/Grocery,Tier 1,Partner,2025-12-30,0,0,0,0,0,0,,,,,
M002255,Bihar,Food & Beverage,Tier 2,Field sales,2025-10-16,1,1,0,0,0,0,2025-10-16,2025-10-23,,,
M002256,Madhya Pradesh,Kirana/Grocery,Tier 2,Partner,2026-03-08,1,1,0,0,0,0,2026-03-10,2026-03-11,,,
M002257,Rajasthan,Kirana/Grocery,Tier 2,Field sales,2026-04-17,1,1,1,1,1,0,2026-04-20,2026-04-19,2026-04-27,2026-05-15,
M002258,Uttar Pradesh,Food & Beverage,Tier 2,Online,2026-02-24,1,1,0,0,0,0,2026-02-25,2026-02-25,,,
M002259,Uttar Pradesh,Food & Beverage,Tier 2,Online,2025-07-01,0,0,0,0,0,0,,,,,
M002260,Karnataka,Kirana/Grocery,Tier 2,Field sales,2026-06-28,1,1,1,1,1,1,2026-06-28,2026-06-29,2026-07-08,2026-07-30,2026-08-21
M002261,Rajasthan,Services,Tier 2,Referral,2025-07-09,1,1,1,1,0,0,2025-07-10,2025-07-11,2025-07-16,2025-08-07,
M002262,Rajasthan,Fashion/Retail,Tier 1,Partner,2026-06-30,1,0,0,0,0,0,2026-06-30,,,,
M002263,Maharashtra,Services,Tier 1,Organic QR,2025-07-12,0,0,0,0,0,0,,,,,
M002264,West Bengal,Kirana/Grocery,Tier 2,Field sales,2026-01-05,1,1,1,1,0,1,2026-01-06,2026-01-05,2026-01-10,2026-01-31,2026-03-05
M002265,Telangana,Kirana/Grocery,Tier 3+,Field sales,2025-08-08,1,1,0,0,0,0,2025-08-09,2025-08-09,,,
M002266,Maharashtra,Kirana/Grocery,Tier 2,Field sales,2025-08-04,1,0,0,0,0,0,2025-08-05,,,,
M002267,Telangana,Services,Tier 1,Organic QR,2026-03-07,1,1,0,0,0,0,2026-03-08,2026-03-12,,,
M002268,Madhya Pradesh,Pharmacy,Tier 1,Organic QR,2026-03-23,0,0,0,0,0,0,,,,,
M002269,West Bengal,Kirana/Grocery,Tier 3+,Organic QR,2025-08-13,0,0,0,0,0,0,,,,,
M002270,Uttar Pradesh,Kirana/Grocery,Tier 3+,Online,2026-06-22,0,0,0,0,0,0,,,,,
M002271,West Bengal,Food & Beverage,Tier 1,Field sales,2025-10-25,0,0,0,0,0,0,,,,,
M002272,Madhya Pradesh,Food & Beverage,Tier 2,Online,2025-10-25,0,0,0,0,0,0,,,,,
M002273,Madhya Pradesh,Other,Tier 2,Referral,2025-10-17,1,1,1,1,0,0,2025-10-19,2025-10-22,2025-10-27,2025-11-18,
M002274,Madhya Pradesh,Kirana/Grocery,Tier 2,Referral,2025-12-16,0,0,0,0,0,0,,,,,
M002275,Uttar Pradesh,Kirana/Grocery,Tier 1,Organic QR,2025-09-03,1,1,1,1,1,1,2025-09-06,2025-09-06,2025-09-07,2025-09-27,2025-11-21
M002276,Bihar,Food & Beverage,Tier 2,Field sales,2025-12-03,1,1,1,1,0,0,2025-12-06,2025-12-10,2025-12-06,2026-01-05,
M002277,Uttar Pradesh,Kirana/Grocery,Tier 3+,Online,2025-09-15,1,1,1,1,1,1,2025-09-18,2025-09-21,2025-09-22,2025-10-14,2025-11-13
M002278,Bihar,Kirana/Grocery,Tier 2,Partner,2025-07-19,1,1,0,0,0,0,2025-07-21,2025-07-20,,,
M002279,Maharashtra,Food & Beverage,Tier 2,Referral,2025-11-12,1,1,1,1,1,0,2025-11-13,2025-11-16,2025-11-19,2025-12-14,
M002280,Bihar,Food & Beverage,Tier 1,Field sales,2026-03-03,1,1,1,1,0,0,2026-03-03,2026-03-06,2026-03-08,2026-03-31,
M002281,West Bengal,Kirana/Grocery,Tier 1,Organic QR,2026-04-05,1,1,0,0,0,0,2026-04-05,2026-04-08,,,
M002282,Telangana,Services,Tier 3+,Organic QR,2025-11-06,1,1,0,0,0,0,2025-11-07,2025-11-08,,,
M002283,West Bengal,Services,Tier 3+,Partner,2025-10-27,1,1,1,0,0,0,2025-10-28,2025-11-03,2025-11-04,,
M002284,Telangana,Kirana/Grocery,Tier 1,Referral,2026-04-14,1,1,0,0,0,0,2026-04-16,2026-04-14,,,
M002285,Karnataka,Fashion/Retail,Tier 3+,Field sales,2026-03-06,1,1,0,0,0,0,2026-03-07,2026-03-06,,,
M002286,Maharashtra,Kirana/Grocery,Tier 1,Field sales,2026-04-30,1,1,1,1,1,0,2026-05-01,2026-05-03,2026-05-04,2026-06-01,
M002287,Madhya Pradesh,Other,Tier 2,Field sales,2026-05-27,1,1,0,0,0,0,2026-05-30,2026-06-02,,,
M002288,Uttar Pradesh,Other,Tier 2,Field sales,2026-04-26,1,0,0,0,0,0,2026-04-28,,,,
M002289,Telangana,Food & Beverage,Tier 2,Field sales,2026-06-07,1,1,0,0,0,0,2026-06-07,2026-06-13,,,
M002290,Rajasthan,Kirana/Grocery,Tier 2,Field sales,2025-11-30,1,1,1,1,0,0,2025-12-02,2025-12-02,2025-12-05,2025-12-31,
M002291,Telangana,Fashion/Retail,Tier 2,Field sales,2025-11-22,1,1,1,0,0,0,2025-11-22,2025-11-24,2025-11-26,,
M002292,Uttar Pradesh,Food & Beverage,Tier 1,Partner,2025-10-26,1,1,0,0,0,0,2025-10-29,2025-10-28,,,
M002293,Madhya Pradesh,Kirana/Grocery,Tier 3+,Referral,2025-09-24,0,0,0,0,0,0,,,,,
M002294,Rajasthan,Services,Tier 1,Field sales,2026-03-31,1,1,0,0,0,0,2026-03-31,2026-04-02,,,
M002295,Bihar,Food & Beverage,Tier 1,Field sales,2026-03-18,0,0,0,0,0,0,,,,,
M002296,Rajasthan,Fashion/Retail,Tier 3+,Referral,2026-04-19,1,1,1,0,0,0,2026-04-21,2026-04-23,2026-04-22,,
M002297,West Bengal,Pharmacy,Tier 2,Organic QR,2025-08-31,1,0,0,0,0,0,2025-08-31,,,,
M002298,Karnataka,Fashion/Retail,Tier 2,Field sales,2025-12-27,1,1,0,0,0,0,2025-12-30,2026-01-03,,,
M002299,Karnataka,Pharmacy,Tier 1,Organic QR,2025-09-20,0,0,0,0,0,0,,,,,
M002300,Maharashtra,Services,Tier 1,Online,2026-05-22,1,0,0,0,0,0,2026-05-22,,,,
M002301,Uttar Pradesh,Services,Tier 1,Field sales,2025-10-06,1,1,1,1,1,1,2025-10-08,2025-10-10,2025-10-09,2025-11-03,2025-12-03
M002302,Rajasthan,Other,Tier 2,Online,2025-08-22,1,1,1,0,0,0,2025-08-24,2025-08-27,2025-08-25,,
M002303,Bihar,Other,Tier 2,Field sales,2026-01-25,1,1,0,0,0,0,2026-01-25,2026-01-27,,,
M002304,Telangana,Fashion/Retail,Tier 2,Field sales,2026-05-17,1,1,0,0,0,0,2026-05-20,2026-05-19,,,
M002305,Maharashtra,Fashion/Retail,Tier 3+,Field sales,2026-05-31,1,1,1,0,0,0,2026-06-01,2026-05-31,2026-06-04,,
M002306,Rajasthan,Services,Tier 3+,Referral,2025-08-05,0,0,0,0,0,0,,,,,
M002307,West Bengal,Kirana/Grocery,Tier 1,Organic QR,2025-10-27,1,1,1,1,1,0,2025-10-30,2025-10-27,2025-11-03,2025-11-23,
M002308,Karnataka,Fashion/Retail,Tier 3+,Organic QR,2025-08-26,1,1,1,0,0,0,2025-08-27,2025-08-29,2025-09-01,,
M002309,Karnataka,Kirana/Grocery,Tier 3+,Online,2025-10-21,1,1,0,0,0,0,2025-10-21,2025-10-28,,,
M002310,Karnataka,Kirana/Grocery,Tier 3+,Organic QR,2026-01-11,1,1,1,0,0,0,2026-01-12,2026-01-17,2026-01-15,,
M002311,Uttar Pradesh,Food & Beverage,Tier 3+,Field sales,2025-10-11,1,1,1,0,0,0,2025-10-11,2025-10-18,2025-10-14,,
M002312,Karnataka,Services,Tier 1,Partner,2025-07-25,1,1,1,1,1,0,2025-07-26,2025-07-27,2025-07-28,2025-08-21,
M002313,Telangana,Services,Tier 1,Field sales,2026-01-03,1,1,0,0,0,0,2026-01-05,2026-01-08,,,
M002314,Rajasthan,Kirana/Grocery,Tier 3+,Organic QR,2025-07-20,1,1,0,0,0,0,2025-07-22,2025-07-24,,,
M002315,Telangana,Kirana/Grocery,Tier 2,Online,2025-09-21,0,0,0,0,0,0,,,,,
M002316,Uttar Pradesh,Kirana/Grocery,Tier 3+,Organic QR,2025-07-01,1,1,0,0,0,0,2025-07-02,2025-07-01,,,
M002317,Maharashtra,Food & Beverage,Tier 3+,Field sales,2025-08-01,1,1,1,1,1,0,2025-08-02,2025-08-01,2025-08-09,2025-09-05,
M002318,West Bengal,Kirana/Grocery,Tier 1,Organic QR,2025-12-07,1,1,1,1,0,0,2025-12-09,2025-12-12,2025-12-16,2026-01-05,
M002319,Uttar Pradesh,Pharmacy,Tier 2,Field sales,2026-05-07,1,0,0,0,0,0,2026-05-08,,,,
M002320,Telangana,Kirana/Grocery,Tier 3+,Field sales,2026-04-09,1,1,1,0,0,0,2026-04-11,2026-04-11,2026-04-13,,
M002321,Maharashtra,Food & Beverage,Tier 1,Organic QR,2025-08-06,0,0,0,0,0,0,,,,,
M002322,Rajasthan,Food & Beverage,Tier 3+,Field sales,2025-07-13,0,0,0,0,0,0,,,,,
M002323,Madhya Pradesh,Services,Tier 3+,Field sales,2025-11-01,1,0,0,0,0,0,2025-11-02,,,,
M002324,Maharashtra,Fashion/Retail,Tier 1,Organic QR,2026-02-24,1,1,0,0,0,0,2026-02-27,2026-02-27,,,
M002325,Maharashtra,Kirana/Grocery,Tier 1,Organic QR,2026-03-30,0,0,0,0,0,0,,,,,
M002326,Maharashtra,Food & Beverage,Tier 2,Organic QR,2026-04-27,1,1,1,0,0,0,2026-04-27,2026-05-03,2026-05-06,,
M002327,Rajasthan,Pharmacy,Tier 3+,Online,2025-11-02,0,0,0,0,0,0,,,,,
M002328,West Bengal,Kirana/Grocery,Tier 2,Field sales,2025-08-31,0,0,0,0,0,0,,,,,
M002329,Uttar Pradesh,Fashion/Retail,Tier 1,Field sales,2025-07-10,1,1,1,0,0,0,2025-07-10,2025-07-10,2025-07-18,,
M002330,Telangana,Other,Tier 1,Online,2025-08-23,1,1,1,1,0,1,2025-08-26,2025-08-24,2025-08-31,2025-09-19,2025-09-14
M002331,Bihar,Services,Tier 2,Field sales,2025-07-24,1,1,0,0,0,0,2025-07-24,2025-07-25,,,
M002332,Bihar,Other,Tier 2,Online,2026-05-11,1,0,0,0,0,0,2026-05-11,,,,
M002333,Karnataka,Food & Beverage,Tier 1,Partner,2025-10-06,1,1,1,1,0,0,2025-10-06,2025-10-10,2025-10-11,2025-10-31,
M002334,Maharashtra,Food & Beverage,Tier 3+,Organic QR,2026-04-27,1,0,0,0,0,0,2026-04-27,,,,
M002335,Telangana,Kirana/Grocery,Tier 1,Field sales,2026-01-18,1,1,1,1,1,1,2026-01-20,2026-01-18,2026-01-25,2026-02-07,2026-04-07
M002336,Bihar,Kirana/Grocery,Tier 3+,Field sales,2026-01-13,1,0,0,0,0,0,2026-01-16,,,,
M002337,Bihar,Kirana/Grocery,Tier 3+,Referral,2025-12-13,1,1,1,1,1,0,2025-12-13,2025-12-18,2025-12-20,2026-01-04,
M002338,Rajasthan,Food & Beverage,Tier 2,Field sales,2026-04-26,1,1,1,1,0,0,2026-04-28,2026-04-26,2026-05-03,2026-05-25,
M002339,Madhya Pradesh,Services,Tier 2,Referral,2025-07-16,1,1,1,1,0,1,2025-07-17,2025-07-20,2025-07-24,2025-08-05,2025-08-21
M002340,Karnataka,Kirana/Grocery,Tier 1,Referral,2025-08-03,1,1,0,0,0,0,2025-08-06,2025-08-07,,,
M002341,Telangana,Services,Tier 2,Partner,2025-12-02,1,1,1,1,0,0,2025-12-03,2025-12-08,2025-12-09,2026-01-03,
M002342,Maharashtra,Kirana/Grocery,Tier 2,Field sales,2025-11-21,0,0,0,0,0,0,,,,,
M002343,Madhya Pradesh,Food & Beverage,Tier 1,Partner,2026-01-16,1,1,1,0,0,0,2026-01-17,2026-01-21,2026-01-23,,
M002344,Rajasthan,Kirana/Grocery,Tier 2,Partner,2026-03-27,1,0,0,0,0,0,2026-03-27,,,,
M002345,Karnataka,Pharmacy,Tier 1,Field sales,2026-01-31,1,1,1,0,0,0,2026-01-31,2026-02-03,2026-02-09,,
M002346,Maharashtra,Services,Tier 1,Online,2025-10-02,1,1,1,1,0,0,2025-10-05,2025-10-09,2025-10-07,2025-10-27,
M002347,Bihar,Pharmacy,Tier 2,Field sales,2025-10-28,1,0,0,0,0,0,2025-10-29,,,,
M002348,Bihar,Kirana/Grocery,Tier 2,Online,2026-04-01,1,1,1,1,0,0,2026-04-04,2026-04-02,2026-04-09,2026-04-28,
M002349,Rajasthan,Food & Beverage,Tier 1,Field sales,2025-09-12,1,1,1,0,0,0,2025-09-15,2025-09-19,2025-09-20,,
M002350,Karnataka,Other,Tier 1,Field sales,2026-01-01,1,1,0,0,0,0,2026-01-03,2026-01-08,,,
M002351,West Bengal,Kirana/Grocery,Tier 1,Partner,2026-01-13,1,1,1,1,1,0,2026-01-15,2026-01-19,2026-01-17,2026-02-11,
M002352,Bihar,Food & Beverage,Tier 2,Field sales,2026-03-31,1,1,0,0,0,0,2026-04-03,2026-04-04,,,
M002353,Rajasthan,Kirana/Grocery,Tier 2,Field sales,2026-03-18,1,1,0,0,0,0,2026-03-20,2026-03-18,,,
M002354,Rajasthan,Kirana/Grocery,Tier 1,Field sales,2025-12-17,0,0,0,0,0,0,,,,,
M002355,West Bengal,Food & Beverage,Tier 2,Referral,2025-10-21,1,1,0,0,0,0,2025-10-22,2025-10-24,,,
M002356,West Bengal,Kirana/Grocery,Tier 3+,Field sales,2025-11-12,1,1,1,1,1,0,2025-11-15,2025-11-15,2025-11-20,2025-12-06,
M002357,Rajasthan,Services,Tier 2,Partner,2025-11-28,0,0,0,0,0,0,,,,,
M002358,Uttar Pradesh,Other,Tier 2,Organic QR,2025-09-19,1,0,0,0,0,0,2025-09-22,,,,
M002359,Telangana,Kirana/Grocery,Tier 2,Organic QR,2026-02-14,1,1,0,0,0,0,2026-02-14,2026-02-17,,,
M002360,Madhya Pradesh,Kirana/Grocery,Tier 3+,Field sales,2025-09-15,0,0,0,0,0,0,,,,,
M002361,Rajasthan,Fashion/Retail,Tier 3+,Field sales,2026-02-22,1,1,0,0,0,0,2026-02-24,2026-02-22,,,
M002362,Maharashtra,Food & Beverage,Tier 1,Online,2026-04-01,1,1,1,1,0,0,2026-04-01,2026-04-08,2026-04-06,2026-04-30,
M002363,Maharashtra,Fashion/Retail,Tier 1,Referral,2026-06-17,1,1,1,1,1,1,2026-06-17,2026-06-22,2026-06-25,2026-07-15,2026-07-19
M002364,West Bengal,Food & Beverage,Tier 1,Online,2025-08-13,0,0,0,0,0,0,,,,,
M002365,West Bengal,Services,Tier 3+,Partner,2026-04-04,1,1,1,1,1,0,2026-04-06,2026-04-04,2026-04-12,2026-04-29,
M002366,West Bengal,Other,Tier 1,Referral,2025-08-01,1,1,1,1,0,0,2025-08-03,2025-08-02,2025-08-06,2025-08-31,
M002367,Uttar Pradesh,Kirana/Grocery,Tier 3+,Online,2025-11-01,1,1,0,0,0,0,2025-11-01,2025-11-07,,,
M002368,Madhya Pradesh,Fashion/Retail,Tier 1,Organic QR,2025-09-03,1,1,1,0,0,0,2025-09-05,2025-09-08,2025-09-10,,
M002369,Madhya Pradesh,Services,Tier 2,Online,2025-08-29,1,1,0,0,0,0,2025-08-29,2025-08-30,,,
M002370,Telangana,Fashion/Retail,Tier 1,Field sales,2025-09-03,1,0,0,0,0,0,2025-09-04,,,,
M002371,Maharashtra,Kirana/Grocery,Tier 2,Field sales,2025-07-17,1,1,0,0,0,0,2025-07-18,2025-07-19,,,
M002372,West Bengal,Food & Beverage,Tier 2,Organic QR,2026-04-27,1,1,0,0,0,0,2026-04-30,2026-04-27,,,
M002373,Maharashtra,Kirana/Grocery,Tier 3+,Organic QR,2025-07-23,1,1,1,0,0,0,2025-07-26,2025-07-28,2025-07-30,,
M002374,Rajasthan,Other,Tier 2,Organic QR,2025-11-23,1,1,0,0,0,0,2025-11-24,2025-11-23,,,
M002375,Rajasthan,Kirana/Grocery,Tier 2,Organic QR,2026-03-13,1,1,1,1,1,1,2026-03-14,2026-03-18,2026-03-23,2026-04-06,2026-05-13
M002376,Bihar,Kirana/Grocery,Tier 3+,Organic QR,2026-06-27,1,1,1,1,1,0,2026-06-30,2026-06-30,2026-07-01,2026-07-27,
M002377,Karnataka,Other,Tier 3+,Online,2026-05-08,1,0,0,0,0,0,2026-05-11,,,,
M002378,Bihar,Food & Beverage,Tier 3+,Field sales,2025-08-20,1,1,1,1,1,1,2025-08-23,2025-08-22,2025-08-25,2025-09-09,2025-09-09
M002379,Karnataka,Services,Tier 3+,Field sales,2026-06-26,0,0,0,0,0,0,,,,,
M002380,Madhya Pradesh,Kirana/Grocery,Tier 2,Partner,2026-02-24,1,1,1,1,1,1,2026-02-26,2026-02-27,2026-03-02,2026-03-22,2026-04-13
M002381,Karnataka,Services,Tier 3+,Partner,2025-09-04,1,1,0,0,0,0,2025-09-05,2025-09-11,,,
M002382,Bihar,Kirana/Grocery,Tier 2,Referral,2025-12-11,0,0,0,0,0,0,,,,,
M002383,Madhya Pradesh,Food & Beverage,Tier 3+,Field sales,2026-06-01,1,0,0,0,0,0,2026-06-03,,,,
M002384,Karnataka,Services,Tier 3+,Field sales,2025-11-21,1,0,0,0,0,0,2025-11-24,,,,
M002385,Karnataka,Food & Beverage,Tier 1,Online,2025-09-06,1,0,0,0,0,0,2025-09-06,,,,
M002386,Bihar,Kirana/Grocery,Tier 1,Field sales,2026-05-16,0,0,0,0,0,0,,,,,
M002387,Maharashtra,Kirana/Grocery,Tier 3+,Partner,2026-06-13,1,1,0,0,0,0,2026-06-13,2026-06-16,,,
M002388,Karnataka,Pharmacy,Tier 2,Field sales,2026-06-22,1,1,1,0,0,0,2026-06-23,2026-06-23,2026-06-30,,
M002389,Uttar Pradesh,Kirana/Grocery,Tier 2,Organic QR,2026-06-14,1,1,1,0,0,0,2026-06-16,2026-06-21,2026-06-18,,
M002390,West Bengal,Kirana/Grocery,Tier 3+,Referral,2026-05-15,1,1,1,1,0,0,2026-05-15,2026-05-15,2026-05-23,2026-06-10,
M002391,Uttar Pradesh,Food & Beverage,Tier 2,Organic QR,2025-12-13,1,1,1,1,1,0,2025-12-13,2025-12-15,2025-12-17,2026-01-08,
M002392,Uttar Pradesh,Food & Beverage,Tier 2,Field sales,2025-09-09,0,0,0,0,0,0,,,,,
M002393,West Bengal,Pharmacy,Tier 2,Referral,2026-02-11,0,0,0,0,0,0,,,,,
M002394,Uttar Pradesh,Food & Beverage,Tier 1,Field sales,2025-09-19,1,1,0,0,0,0,2025-09-21,2025-09-23,,,
M002395,Uttar Pradesh,Fashion/Retail,Tier 2,Field sales,2025-12-20,0,0,0,0,0,0,,,,,
M002396,Uttar Pradesh,Pharmacy,Tier 3+,Organic QR,2026-02-25,1,1,0,0,0,0,2026-02-25,2026-03-01,,,
M002397,Telangana,Fashion/Retail,Tier 1,Organic QR,2026-06-11,0,0,0,0,0,0,,,,,
M002398,Telangana,Pharmacy,Tier 3+,Partner,2025-10-14,0,0,0,0,0,0,,,,,
M002399,Bihar,Kirana/Grocery,Tier 3+,Organic QR,2025-09-30,0,0,0,0,0,0,,,,,
M002400,Maharashtra,Other,Tier 1,Organic QR,2026-03-26,1,1,0,0,0,0,2026-03-26,2026-03-29,,,
M002401,Bihar,Fashion/Retail,Tier 3+,Field sales,2025-07-03,1,1,1,1,1,0,2025-07-04,2025-07-05,2025-07-12,2025-08-05,
M002402,Karnataka,Services,Tier 3+,Online,2026-01-23,1,1,1,0,0,0,2026-01-26,2026-01-29,2026-02-01,,
M002403,Uttar Pradesh,Kirana/Grocery,Tier 2,Field sales,2026-03-30,1,1,0,0,0,0,2026-03-30,2026-03-30,,,
M002404,Maharashtra,Kirana/Grocery,Tier 1,Online,2026-01-18,0,0,0,0,0,0,,,,,
M002405,Uttar Pradesh,Services,Tier 1,Field sales,2025-11-18,0,0,0,0,0,0,,,,,
M002406,Bihar,Food & Beverage,Tier 2,Field sales,2026-04-29,0,0,0,0,0,0,,,,,
M002407,Telangana,Pharmacy,Tier 1,Partner,2025-11-13,0,0,0,0,0,0,,,,,
M002408,Maharashtra,Food & Beverage,Tier 2,Organic QR,2026-03-17,1,0,0,0,0,0,2026-03-18,,,,
M002409,Karnataka,Services,Tier 3+,Partner,2025-12-17,1,1,1,1,0,0,2025-12-20,2025-12-21,2025-12-25,2026-01-18,
M002410,Madhya Pradesh,Kirana/Grocery,Tier 3+,Online,2025-07-10,1,0,0,0,0,0,2025-07-10,,,,
M002411,Karnataka,Kirana/Grocery,Tier 3+,Referral,2026-01-10,1,1,1,1,1,0,2026-01-13,2026-01-15,2026-01-20,2026-02-10,
M002412,Bihar,Kirana/Grocery,Tier 3+,Organic QR,2025-07-19,1,1,1,0,0,0,2025-07-22,2025-07-21,2025-07-29,,
M002413,Telangana,Fashion/Retail,Tier 1,Partner,2026-06-05,1,1,1,1,1,1,2026-06-05,2026-06-11,2026-06-13,2026-06-29,2026-08-07
M002414,Karnataka,Services,Tier 1,Organic QR,2026-02-05,1,1,1,1,1,0,2026-02-06,2026-02-09,2026-02-14,2026-03-03,
M002415,Bihar,Other,Tier 2,Referral,2025-11-13,1,1,1,1,0,0,2025-11-13,2025-11-16,2025-11-21,2025-12-09,
M002416,Uttar Pradesh,Pharmacy,Tier 2,Field sales,2025-12-25,1,1,1,1,1,1,2025-12-26,2025-12-31,2026-01-03,2026-01-25,2026-03-14
M002417,Maharashtra,Pharmacy,Tier 1,Field sales,2026-02-12,1,1,1,1,1,1,2026-02-15,2026-02-12,2026-02-21,2026-03-14,2026-03-12
M002418,West Bengal,Services,Tier 3+,Organic QR,2025-10-03,0,0,0,0,0,0,,,,,
M002419,Maharashtra,Fashion/Retail,Tier 1,Field sales,2025-10-14,1,0,0,0,0,0,2025-10-17,,,,
M002420,Telangana,Other,Tier 2,Partner,2025-11-30,1,0,0,0,0,0,2025-11-30,,,,
M002421,Uttar Pradesh,Pharmacy,Tier 2,Field sales,2025-10-03,1,1,0,0,0,0,2025-10-06,2025-10-04,,,
M002422,Uttar Pradesh,Kirana/Grocery,Tier 2,Field sales,2026-04-03,1,1,0,0,0,0,2026-04-06,2026-04-09,,,
M002423,Madhya Pradesh,Services,Tier 1,Partner,2025-08-07,1,1,0,0,0,0,2025-08-09,2025-08-07,,,
M002424,Maharashtra,Kirana/Grocery,Tier 1,Organic QR,2026-04-28,1,1,0,0,0,0,2026-04-30,2026-04-28,,,
M002425,West Bengal,Kirana/Grocery,Tier 3+,Online,2025-11-05,0,0,0,0,0,0,,,,,
M002426,Rajasthan,Pharmacy,Tier 3+,Field sales,2026-01-21,1,1,0,0,0,0,2026-01-23,2026-01-27,,,
M002427,West Bengal,Fashion/Retail,Tier 2,Field sales,2025-08-27,1,1,1,0,0,0,2025-08-29,2025-08-27,2025-09-02,,
M002428,Madhya Pradesh,Kirana/Grocery,Tier 1,Field sales,2025-11-18,0,0,0,0,0,0,,,,,
M002429,West Bengal,Kirana/Grocery,Tier 2,Organic QR,2026-04-02,0,0,0,0,0,0,,,,,
M002430,Rajasthan,Fashion/Retail,Tier 1,Field sales,2025-10-07,1,0,0,0,0,0,2025-10-07,,,,
M002431,Telangana,Kirana/Grocery,Tier 1,Referral,2025-08-18,1,1,1,1,0,0,2025-08-18,2025-08-24,2025-08-22,2025-09-09,
M002432,Uttar Pradesh,Kirana/Grocery,Tier 1,Field sales,2026-01-07,1,1,0,0,0,0,2026-01-07,2026-01-13,,,
M002433,Rajasthan,Pharmacy,Tier 1,Online,2025-08-29,0,0,0,0,0,0,,,,,
M002434,Uttar Pradesh,Fashion/Retail,Tier 2,Organic QR,2025-10-23,1,1,1,0,0,0,2025-10-24,2025-10-29,2025-10-26,,
M002435,Bihar,Services,Tier 1,Partner,2025-12-12,1,1,0,0,0,0,2025-12-14,2025-12-12,,,
M002436,Maharashtra,Services,Tier 3+,Field sales,2026-01-22,0,0,0,0,0,0,,,,,
M002437,Madhya Pradesh,Food & Beverage,Tier 2,Field sales,2026-02-19,1,1,0,0,0,0,2026-02-22,2026-02-21,,,
M002438,Karnataka,Kirana/Grocery,Tier 2,Field sales,2026-03-04,1,1,0,0,0,0,2026-03-04,2026-03-05,,,
M002439,West Bengal,Pharmacy,Tier 1,Organic QR,2026-05-05,0,0,0,0,0,0,,,,,
M002440,Maharashtra,Fashion/Retail,Tier 3+,Organic QR,2025-07-25,1,1,0,0,0,0,2025-07-26,2025-07-31,,,
M002441,Maharashtra,Food & Beverage,Tier 1,Field sales,2025-11-10,1,0,0,0,0,0,2025-11-10,,,,
M002442,Madhya Pradesh,Kirana/Grocery,Tier 1,Field sales,2025-07-01,1,1,0,0,0,0,2025-07-04,2025-07-03,,,
M002443,Madhya Pradesh,Kirana/Grocery,Tier 2,Online,2025-07-04,1,0,0,0,0,0,2025-07-04,,,,
M002444,Bihar,Kirana/Grocery,Tier 3+,Field sales,2025-09-16,1,1,0,0,0,0,2025-09-18,2025-09-18,,,
M002445,West Bengal,Kirana/Grocery,Tier 3+,Field sales,2026-02-04,1,1,0,0,0,0,2026-02-04,2026-02-08,,,
M002446,Karnataka,Kirana/Grocery,Tier 2,Field sales,2026-05-23,1,1,1,1,0,0,2026-05-26,2026-05-27,2026-05-28,2026-06-18,
M002447,Madhya Pradesh,Fashion/Retail,Tier 2,Field sales,2026-04-09,1,1,1,1,1,1,2026-04-12,2026-04-12,2026-04-16,2026-05-08,2026-06-20
M002448,Telangana,Kirana/Grocery,Tier 1,Organic QR,2026-02-21,0,0,0,0,0,0,,,,,
M002449,Uttar Pradesh,Pharmacy,Tier 2,Partner,2026-04-11,1,1,1,0,0,0,2026-04-14,2026-04-11,2026-04-16,,
M002450,Uttar Pradesh,Services,Tier 2,Partner,2025-09-01,1,1,1,1,1,0,2025-09-01,2025-09-04,2025-09-07,2025-09-27,
M002451,Maharashtra,Fashion/Retail,Tier 2,Partner,2026-05-03,0,0,0,0,0,0,,,,,
M002452,Uttar Pradesh,Other,Tier 1,Field sales,2026-05-21,1,1,1,0,0,0,2026-05-22,2026-05-24,2026-05-25,,
M002453,Bihar,Food & Beverage,Tier 3+,Field sales,2025-08-04,1,1,0,0,0,0,2025-08-07,2025-08-08,,,
M002454,Maharashtra,Kirana/Grocery,Tier 1,Referral,2025-12-19,1,0,0,0,0,0,2025-12-22,,,,
M002455,West Bengal,Pharmacy,Tier 1,Field sales,2026-04-29,1,1,0,0,0,0,2026-04-29,2026-05-06,,,
M002456,Uttar Pradesh,Kirana/Grocery,Tier 3+,Field sales,2025-12-21,1,0,0,0,0,0,2025-12-24,,,,
M002457,Maharashtra,Kirana/Grocery,Tier 3+,Organic QR,2026-05-03,1,1,0,0,0,0,2026-05-04,2026-05-05,,,
M002458,Rajasthan,Kirana/Grocery,Tier 2,Partner,2026-06-07,0,0,0,0,0,0,,,,,
M002459,Karnataka,Other,Tier 2,Field sales,2025-12-21,1,1,1,1,1,0,2025-12-24,2025-12-21,2025-12-31,2026-01-11,
M002460,Maharashtra,Kirana/Grocery,Tier 1,Online,2025-07-22,1,1,1,0,0,0,2025-07-23,2025-07-22,2025-07-28,,
M002461,Bihar,Services,Tier 3+,Field sales,2025-11-02,1,1,0,0,0,0,2025-11-02,2025-11-03,,,
M002462,Maharashtra,Food & Beverage,Tier 1,Online,2025-09-17,0,0,0,0,0,0,,,,,
M002463,Maharashtra,Services,Tier 3+,Field sales,2025-12-21,1,1,1,1,1,0,2025-12-22,2025-12-27,2025-12-29,2026-01-11,
M002464,Bihar,Kirana/Grocery,Tier 1,Partner,2026-01-30,1,1,0,0,0,0,2026-02-02,2026-02-04,,,
M002465,Maharashtra,Fashion/Retail,Tier 2,Field sales,2025-12-17,1,1,0,0,0,0,2025-12-20,2025-12-19,,,
M002466,Madhya Pradesh,Pharmacy,Tier 2,Referral,2025-09-10,1,1,1,0,0,0,2025-09-12,2025-09-16,2025-09-17,,
M002467,Madhya Pradesh,Food & Beverage,Tier 1,Organic QR,2025-10-18,1,1,1,0,0,0,2025-10-21,2025-10-25,2025-10-27,,
M002468,Maharashtra,Food & Beverage,Tier 2,Online,2026-03-06,1,1,0,0,0,0,2026-03-08,2026-03-09,,,
M002469,Uttar Pradesh,Fashion/Retail,Tier 3+,Referral,2025-07-10,1,1,1,1,1,0,2025-07-12,2025-07-16,2025-07-17,2025-08-14,
M002470,Maharashtra,Pharmacy,Tier 1,Organic QR,2025-09-17,1,1,0,0,0,0,2025-09-20,2025-09-23,,,
M002471,Rajasthan,Food & Beverage,Tier 3+,Field sales,2026-05-22,0,0,0,0,0,0,,,,,
M002472,Maharashtra,Food & Beverage,Tier 1,Field sales,2025-08-06,1,1,1,1,1,1,2025-08-07,2025-08-08,2025-08-14,2025-09-03,2025-10-19
M002473,West Bengal,Kirana/Grocery,Tier 2,Online,2025-11-29,1,1,1,1,1,1,2025-11-29,2025-12-06,2025-12-08,2025-12-21,2026-01-21
M002474,Karnataka,Kirana/Grocery,Tier 2,Online,2025-09-14,1,1,0,0,0,0,2025-09-17,2025-09-21,,,
M002475,Bihar,Kirana/Grocery,Tier 2,Field sales,2025-08-08,1,1,1,1,1,0,2025-08-11,2025-08-13,2025-08-16,2025-09-12,
M002476,Maharashtra,Kirana/Grocery,Tier 2,Field sales,2025-12-02,1,1,1,0,0,0,2025-12-05,2025-12-09,2025-12-10,,
M002477,Karnataka,Kirana/Grocery,Tier 3+,Field sales,2026-01-07,1,1,1,1,1,0,2026-01-08,2026-01-10,2026-01-17,2026-02-11,
M002478,Uttar Pradesh,Fashion/Retail,Tier 2,Field sales,2025-09-03,1,1,1,1,0,0,2025-09-05,2025-09-08,2025-09-11,2025-10-06,
M002479,Uttar Pradesh,Fashion/Retail,Tier 2,Field sales,2025-07-29,1,1,0,0,0,0,2025-07-31,2025-08-03,,,
M002480,West Bengal,Fashion/Retail,Tier 2,Referral,2025-08-19,1,1,1,1,1,0,2025-08-21,2025-08-23,2025-08-22,2025-09-16,
M002481,Maharashtra,Services,Tier 2,Field sales,2026-02-23,1,0,0,0,0,0,2026-02-23,,,,
M002482,Maharashtra,Services,Tier 1,Online,2026-05-11,0,0,0,0,0,0,,,,,
M002483,Telangana,Kirana/Grocery,Tier 1,Online,2025-09-04,1,1,1,0,0,0,2025-09-05,2025-09-06,2025-09-13,,
M002484,Telangana,Pharmacy,Tier 2,Field sales,2025-10-25,0,0,0,0,0,0,,,,,
M002485,West Bengal,Kirana/Grocery,Tier 3+,Organic QR,2025-11-03,0,0,0,0,0,0,,,,,
M002486,West Bengal,Services,Tier 1,Organic QR,2025-11-09,1,1,0,0,0,0,2025-11-10,2025-11-11,,,
M002487,West Bengal,Other,Tier 2,Field sales,2025-09-28,1,1,1,1,1,0,2025-09-29,2025-09-28,2025-10-07,2025-10-30,
M002488,Maharashtra,Fashion/Retail,Tier 1,Partner,2025-07-21,0,0,0,0,0,0,,,,,
M002489,Uttar Pradesh,Kirana/Grocery,Tier 2,Organic QR,2026-01-08,1,1,1,0,0,0,2026-01-10,2026-01-11,2026-01-15,,
M002490,Bihar,Pharmacy,Tier 3+,Field sales,2025-11-08,1,1,0,0,0,0,2025-11-09,2025-11-09,,,
M002491,Telangana,Kirana/Grocery,Tier 3+,Online,2025-11-02,1,1,1,1,1,0,2025-11-03,2025-11-06,2025-11-11,2025-12-07,
M002492,Rajasthan,Kirana/Grocery,Tier 3+,Field sales,2025-10-05,1,1,0,0,0,0,2025-10-06,2025-10-08,,,
M002493,Karnataka,Kirana/Grocery,Tier 3+,Field sales,2026-06-05,1,1,0,0,0,0,2026-06-06,2026-06-06,,,
M002494,Telangana,Kirana/Grocery,Tier 1,Online,2026-02-08,0,0,0,0,0,0,,,,,
M002495,Madhya Pradesh,Pharmacy,Tier 2,Field sales,2025-11-30,1,1,1,1,0,0,2025-12-03,2025-12-02,2025-12-03,2025-12-27,
M002496,Karnataka,Food & Beverage,Tier 1,Field sales,2025-09-13,1,1,0,0,0,0,2025-09-13,2025-09-20,,,
M002497,West Bengal,Kirana/Grocery,Tier 3+,Field sales,2026-04-19,1,1,0,0,0,0,2026-04-21,2026-04-19,,,
M002498,Telangana,Other,Tier 3+,Field sales,2026-05-21,1,1,1,1,1,1,2026-05-21,2026-05-22,2026-05-31,2026-06-25,2026-08-09
M002499,Maharashtra,Services,Tier 1,Organic QR,2025-07-12,1,1,1,1,0,0,2025-07-13,2025-07-15,2025-07-21,2025-08-14,
M002500,Karnataka,Food & Beverage,Tier 1,Partner,2026-06-05,1,1,0,0,0,0,2026-06-07,2026-06-10,,,
M002501,Maharashtra,Services,Tier 2,Field sales,2026-03-13,1,1,1,1,0,0,2026-03-14,2026-03-19,2026-03-17,2026-04-12,
M002502,Uttar Pradesh,Services,Tier 3+,Organic QR,2025-08-06,1,0,0,0,0,0,2025-08-07,,,,
M002503,Maharashtra,Food & Beverage,Tier 1,Field sales,2026-04-01,1,1,1,1,1,0,2026-04-03,2026-04-07,2026-04-09,2026-05-05,
M002504,Rajasthan,Services,Tier 2,Organic QR,2025-08-09,1,0,0,0,0,0,2025-08-09,,,,
M002505,Madhya Pradesh,Fashion/Retail,Tier 2,Online,2025-07-19,1,1,1,1,1,0,2025-07-22,2025-07-19,2025-07-28,2025-08-14,
M002506,Telangana,Food & Beverage,Tier 2,Referral,2025-08-12,1,1,1,1,0,0,2025-08-13,2025-08-14,2025-08-20,2025-09-04,
M002507,Maharashtra,Food & Beverage,Tier 2,Partner,2025-12-15,1,1,1,1,1,0,2025-12-15,2025-12-22,2025-12-19,2026-01-19,
M002508,Uttar Pradesh,Kirana/Grocery,Tier 1,Field sales,2026-02-12,1,1,1,1,1,0,2026-02-13,2026-02-17,2026-02-16,2026-03-11,
M002509,Madhya Pradesh,Fashion/Retail,Tier 3+,Organic QR,2025-11-26,1,0,0,0,0,0,2025-11-27,,,,
M002510,Rajasthan,Food & Beverage,Tier 1,Referral,2025-08-14,1,1,1,1,1,0,2025-08-14,2025-08-15,2025-08-17,2025-09-13,
M002511,Maharashtra,Kirana/Grocery,Tier 3+,Online,2025-09-11,1,1,1,1,0,0,2025-09-13,2025-09-14,2025-09-18,2025-10-14,
M002512,Uttar Pradesh,Other,Tier 1,Partner,2026-05-08,1,1,1,0,0,0,2026-05-08,2026-05-11,2026-05-13,,
M002513,Uttar Pradesh,Services,Tier 2,Organic QR,2026-06-17,1,1,0,0,0,0,2026-06-18,2026-06-18,,,
M002514,Telangana,Kirana/Grocery,Tier 2,Field sales,2026-04-02,1,0,0,0,0,0,2026-04-02,,,,
M002515,Maharashtra,Kirana/Grocery,Tier 2,Field sales,2025-08-07,1,0,0,0,0,0,2025-08-07,,,,
M002516,West Bengal,Food & Beverage,Tier 1,Field sales,2026-04-26,0,0,0,0,0,0,,,,,
M002517,Maharashtra,Other,Tier 2,Field sales,2026-03-10,1,1,1,1,1,0,2026-03-12,2026-03-17,2026-03-17,2026-04-01,
M002518,Karnataka,Food & Beverage,Tier 1,Field sales,2026-01-09,1,1,1,1,1,0,2026-01-10,2026-01-14,2026-01-13,2026-02-11,
M002519,Maharashtra,Kirana/Grocery,Tier 2,Organic QR,2025-08-22,1,0,0,0,0,0,2025-08-25,,,,
M002520,Uttar Pradesh,Services,Tier 3+,Organic QR,2026-06-29,0,0,0,0,0,0,,,,,
M002521,Uttar Pradesh,Food & Beverage,Tier 2,Organic QR,2025-12-09,1,1,0,0,0,0,2025-12-11,2025-12-09,,,
M002522,Karnataka,Kirana/Grocery,Tier 2,Organic QR,2025-07-17,1,1,0,0,0,0,2025-07-17,2025-07-18,,,
M002523,Uttar Pradesh,Fashion/Retail,Tier 2,Field sales,2025-09-15,0,0,0,0,0,0,,,,,
M002524,Rajasthan,Kirana/Grocery,Tier 2,Organic QR,2025-11-24,1,1,1,0,0,0,2025-11-25,2025-11-28,2025-11-30,,
M002525,Karnataka,Other,Tier 3+,Online,2025-07-23,1,1,1,1,1,0,2025-07-24,2025-07-28,2025-07-28,2025-08-23,
M002526,West Bengal,Fashion/Retail,Tier 2,Organic QR,2025-10-27,1,1,1,0,0,0,2025-10-29,2025-11-02,2025-10-31,,
M002527,Telangana,Kirana/Grocery,Tier 3+,Online,2025-12-18,0,0,0,0,0,0,,,,,
M002528,Karnataka,Pharmacy,Tier 3+,Organic QR,2026-06-12,1,1,1,1,0,1,2026-06-15,2026-06-19,2026-06-22,2026-07-16,2026-08-10
M002529,West Bengal,Fashion/Retail,Tier 2,Partner,2025-08-01,0,0,0,0,0,0,,,,,
M002530,Madhya Pradesh,Services,Tier 2,Organic QR,2026-01-27,1,1,1,1,1,0,2026-01-27,2026-01-31,2026-01-30,2026-02-19,
M002531,Telangana,Services,Tier 2,Partner,2026-05-31,0,0,0,0,0,0,,,,,
M002532,Madhya Pradesh,Kirana/Grocery,Tier 3+,Online,2026-04-21,1,1,1,1,1,0,2026-04-24,2026-04-22,2026-04-29,2026-05-26,
M002533,Uttar Pradesh,Kirana/Grocery,Tier 1,Organic QR,2026-06-03,1,0,0,0,0,0,2026-06-05,,,,
M002534,Telangana,Pharmacy,Tier 1,Referral,2025-09-01,1,1,1,1,1,0,2025-09-03,2025-09-01,2025-09-07,2025-09-23,
M002535,Madhya Pradesh,Kirana/Grocery,Tier 1,Online,2026-04-19,0,0,0,0,0,0,,,,,
M002536,Bihar,Kirana/Grocery,Tier 3+,Referral,2026-06-23,1,1,1,1,1,0,2026-06-24,2026-06-23,2026-06-30,2026-07-17,
M002537,Karnataka,Services,Tier 3+,Field sales,2025-10-28,1,0,0,0,0,0,2025-10-29,,,,
M002538,Rajasthan,Kirana/Grocery,Tier 1,Field sales,2025-12-30,1,1,1,1,0,0,2026-01-02,2026-01-03,2026-01-04,2026-01-27,
M002539,Telangana,Fashion/Retail,Tier 2,Online,2026-01-10,1,1,0,0,0,0,2026-01-13,2026-01-15,,,
M002540,Maharashtra,Fashion/Retail,Tier 3+,Partner,2025-12-28,1,1,0,0,0,0,2025-12-30,2025-12-29,,,
M002541,West Bengal,Fashion/Retail,Tier 3+,Online,2025-10-14,1,1,1,1,1,1,2025-10-14,2025-10-17,2025-10-23,2025-11-12,2025-11-15
M002542,Uttar Pradesh,Kirana/Grocery,Tier 1,Field sales,2026-06-20,1,1,0,0,0,0,2026-06-22,2026-06-23,,,
M002543,Rajasthan,Food & Beverage,Tier 1,Referral,2026-06-15,1,1,0,0,0,0,2026-06-16,2026-06-17,,,
M002544,Rajasthan,Fashion/Retail,Tier 2,Referral,2025-11-16,1,1,0,0,0,0,2025-11-19,2025-11-17,,,
M002545,Uttar Pradesh,Food & Beverage,Tier 2,Online,2026-04-20,0,0,0,0,0,0,,,,,
M002546,Karnataka,Pharmacy,Tier 1,Partner,2025-11-23,1,1,0,0,0,0,2025-11-25,2025-11-25,,,
M002547,West Bengal,Services,Tier 1,Field sales,2026-04-17,1,1,0,0,0,0,2026-04-17,2026-04-23,,,
M002548,Rajasthan,Food & Beverage,Tier 3+,Partner,2026-01-30,1,0,0,0,0,0,2026-01-30,,,,
M002549,Rajasthan,Kirana/Grocery,Tier 2,Partner,2025-12-19,1,1,1,1,1,0,2025-12-22,2025-12-24,2025-12-24,2026-01-21,
M002550,Uttar Pradesh,Services,Tier 1,Field sales,2025-08-16,1,1,1,1,0,1,2025-08-19,2025-08-22,2025-08-26,2025-09-07,2025-10-18
M002551,Karnataka,Kirana/Grocery,Tier 2,Field sales,2026-02-24,0,0,0,0,0,0,,,,,
M002552,Maharashtra,Fashion/Retail,Tier 1,Online,2025-10-26,1,0,0,0,0,0,2025-10-27,,,,
M002553,Telangana,Services,Tier 2,Field sales,2025-09-18,1,0,0,0,0,0,2025-09-20,,,,
M002554,Maharashtra,Kirana/Grocery,Tier 2,Organic QR,2025-09-09,1,1,0,0,0,0,2025-09-10,2025-09-16,,,
M002555,Rajasthan,Pharmacy,Tier 1,Partner,2026-06-24,0,0,0,0,0,0,,,,,
M002556,Madhya Pradesh,Food & Beverage,Tier 1,Online,2025-08-07,1,1,0,0,0,0,2025-08-10,2025-08-08,,,
M002557,Telangana,Kirana/Grocery,Tier 3+,Partner,2026-04-18,0,0,0,0,0,0,,,,,
M002558,Telangana,Other,Tier 3+,Field sales,2026-05-13,1,0,0,0,0,0,2026-05-16,,,,
M002559,Rajasthan,Pharmacy,Tier 1,Field sales,2025-07-12,1,1,1,1,0,0,2025-07-13,2025-07-14,2025-07-18,2025-08-15,
M002560,Maharashtra,Services,Tier 2,Field sales,2026-02-01,0,0,0,0,0,0,,,,,
M002561,West Bengal,Fashion/Retail,Tier 1,Field sales,2026-01-27,1,1,1,1,0,0,2026-01-27,2026-02-01,2026-02-06,2026-02-24,
M002562,Telangana,Services,Tier 3+,Referral,2025-11-08,1,1,1,0,0,0,2025-11-08,2025-11-12,2025-11-16,,
M002563,Maharashtra,Food & Beverage,Tier 3+,Field sales,2026-03-01,0,0,0,0,0,0,,,,,
M002564,Maharashtra,Kirana/Grocery,Tier 2,Field sales,2025-11-27,1,1,1,0,0,0,2025-11-30,2025-12-03,2025-12-07,,
M002565,West Bengal,Kirana/Grocery,Tier 2,Online,2025-12-08,1,1,1,0,0,0,2025-12-11,2025-12-15,2025-12-11,,
M002566,Karnataka,Food & Beverage,Tier 2,Field sales,2025-12-05,0,0,0,0,0,0,,,,,
M002567,Rajasthan,Food & Beverage,Tier 1,Field sales,2026-04-19,1,1,1,1,0,1,2026-04-21,2026-04-22,2026-04-28,2026-05-19,2026-06-18
M002568,Maharashtra,Pharmacy,Tier 2,Organic QR,2026-02-17,0,0,0,0,0,0,,,,,
M002569,Karnataka,Food & Beverage,Tier 1,Field sales,2025-11-16,0,0,0,0,0,0,,,,,
M002570,Madhya Pradesh,Services,Tier 2,Field sales,2026-06-04,1,0,0,0,0,0,2026-06-05,,,,
M002571,Maharashtra,Fashion/Retail,Tier 2,Online,2026-04-19,1,0,0,0,0,0,2026-04-20,,,,
M002572,Maharashtra,Other,Tier 1,Referral,2026-06-06,1,1,1,1,1,1,2026-06-09,2026-06-11,2026-06-14,2026-06-27,2026-08-08
M002573,Uttar Pradesh,Food & Beverage,Tier 2,Referral,2026-03-24,1,0,0,0,0,0,2026-03-24,,,,
M002574,Madhya Pradesh,Other,Tier 3+,Partner,2025-11-20,1,1,0,0,0,0,2025-11-21,2025-11-27,,,
M002575,Telangana,Fashion/Retail,Tier 2,Field sales,2026-04-09,1,1,1,0,0,0,2026-04-11,2026-04-13,2026-04-12,,
M002576,Maharashtra,Kirana/Grocery,Tier 2,Referral,2025-10-29,0,0,0,0,0,0,,,,,
M002577,West Bengal,Food & Beverage,Tier 3+,Organic QR,2025-10-07,0,0,0,0,0,0,,,,,
M002578,Rajasthan,Kirana/Grocery,Tier 1,Field sales,2025-12-12,0,0,0,0,0,0,,,,,
M002579,Madhya Pradesh,Services,Tier 2,Field sales,2026-06-19,1,1,1,1,0,0,2026-06-19,2026-06-20,2026-06-22,2026-07-11,
M002580,Bihar,Services,Tier 2,Organic QR,2026-01-24,1,0,0,0,0,0,2026-01-25,,,,
M002581,Bihar,Services,Tier 1,Field sales,2025-11-18,1,1,0,0,0,0,2025-11-20,2025-11-24,,,
M002582,Uttar Pradesh,Pharmacy,Tier 3+,Field sales,2025-12-16,1,0,0,0,0,0,2025-12-17,,,,
M002583,Telangana,Food & Beverage,Tier 2,Field sales,2025-10-15,0,0,0,0,0,0,,,,,
M002584,Bihar,Food & Beverage,Tier 2,Organic QR,2026-02-26,0,0,0,0,0,0,,,,,
M002585,Bihar,Fashion/Retail,Tier 1,Field sales,2025-11-05,0,0,0,0,0,0,,,,,
M002586,West Bengal,Other,Tier 3+,Organic QR,2026-01-19,1,0,0,0,0,0,2026-01-20,,,,
M002587,Uttar Pradesh,Fashion/Retail,Tier 3+,Field sales,2025-11-12,1,1,0,0,0,0,2025-11-14,2025-11-13,,,
M002588,Karnataka,Kirana/Grocery,Tier 1,Organic QR,2025-10-26,1,1,1,1,1,0,2025-10-29,2025-10-31,2025-11-02,2025-11-21,
M002589,Uttar Pradesh,Kirana/Grocery,Tier 2,Field sales,2026-06-20,1,0,0,0,0,0,2026-06-20,,,,
M002590,Rajasthan,Kirana/Grocery,Tier 1,Organic QR,2025-11-04,1,1,1,1,0,0,2025-11-05,2025-11-05,2025-11-12,2025-12-02,
M002591,Uttar Pradesh,Food & Beverage,Tier 3+,Partner,2025-07-26,1,0,0,0,0,0,2025-07-26,,,,
M002592,Madhya Pradesh,Kirana/Grocery,Tier 2,Partner,2025-11-16,1,1,1,0,0,0,2025-11-17,2025-11-18,2025-11-22,,
M002593,Rajasthan,Other,Tier 1,Field sales,2026-01-11,1,1,1,0,0,0,2026-01-14,2026-01-18,2026-01-21,,
M002594,Maharashtra,Pharmacy,Tier 2,Organic QR,2025-08-04,0,0,0,0,0,0,,,,,
M002595,Uttar Pradesh,Food & Beverage,Tier 3+,Referral,2025-10-20,1,1,1,0,0,0,2025-10-23,2025-10-21,2025-10-23,,
M002596,Rajasthan,Kirana/Grocery,Tier 2,Field sales,2025-08-30,1,1,1,1,1,0,2025-09-02,2025-09-03,2025-09-04,2025-09-27,
M002597,West Bengal,Food & Beverage,Tier 1,Organic QR,2025-12-30,0,0,0,0,0,0,,,,,
M002598,Uttar Pradesh,Food & Beverage,Tier 3+,Organic QR,2026-03-21,0,0,0,0,0,0,,,,,
M002599,Uttar Pradesh,Pharmacy,Tier 1,Referral,2026-06-19,1,1,1,0,0,0,2026-06-20,2026-06-22,2026-06-22,,
M002600,Uttar Pradesh,Kirana/Grocery,Tier 2,Organic QR,2025-11-20,1,0,0,0,0,0,2025-11-20,,,,
M002601,Uttar Pradesh,Fashion/Retail,Tier 2,Online,2026-05-12,1,1,1,1,1,1,2026-05-12,2026-05-12,2026-05-22,2026-06-03,2026-06-03
M002602,Maharashtra,Kirana/Grocery,Tier 1,Partner,2025-09-17,1,1,1,1,0,1,2025-09-20,2025-09-21,2025-09-23,2025-10-18,2025-11-22
M002603,West Bengal,Kirana/Grocery,Tier 1,Organic QR,2026-04-11,1,1,1,1,1,0,2026-04-11,2026-04-14,2026-04-14,2026-05-04,
M002604,West Bengal,Other,Tier 1,Field sales,2026-01-22,1,1,1,1,1,1,2026-01-22,2026-01-29,2026-02-01,2026-02-14,2026-04-11
M002605,Uttar Pradesh,Kirana/Grocery,Tier 1,Organic QR,2026-04-03,1,1,0,0,0,0,2026-04-05,2026-04-05,,,
M002606,Uttar Pradesh,Kirana/Grocery,Tier 2,Field sales,2026-04-02,1,0,0,0,0,0,2026-04-03,,,,
M002607,Maharashtra,Services,Tier 3+,Organic QR,2026-01-11,1,1,1,1,1,1,2026-01-11,2026-01-15,2026-01-19,2026-02-01,2026-03-02
M002608,Rajasthan,Food & Beverage,Tier 1,Field sales,2025-10-02,1,1,0,0,0,0,2025-10-03,2025-10-09,,,
M002609,Uttar Pradesh,Kirana/Grocery,Tier 3+,Partner,2026-01-09,1,1,1,1,0,1,2026-01-11,2026-01-12,2026-01-15,2026-02-12,2026-03-01
M002610,Bihar,Kirana/Grocery,Tier 2,Referral,2026-04-28,1,1,0,0,0,0,2026-04-29,2026-04-30,,,
M002611,Maharashtra,Kirana/Grocery,Tier 1,Online,2026-06-20,1,1,1,0,0,0,2026-06-23,2026-06-23,2026-06-27,,
M002612,Bihar,Services,Tier 2,Field sales,2026-06-04,1,1,1,0,0,0,2026-06-05,2026-06-04,2026-06-13,,
M002613,Karnataka,Kirana/Grocery,Tier 1,Online,2025-09-05,1,1,0,0,0,0,2025-09-05,2025-09-11,,,
M002614,Rajasthan,Fashion/Retail,Tier 2,Referral,2026-02-04,1,1,1,1,1,0,2026-02-07,2026-02-04,2026-02-09,2026-03-06,
M002615,Rajasthan,Fashion/Retail,Tier 2,Online,2025-08-08,1,0,0,0,0,0,2025-08-09,,,,
M002616,Karnataka,Kirana/Grocery,Tier 2,Partner,2026-03-02,1,1,1,0,0,0,2026-03-03,2026-03-08,2026-03-06,,
M002617,Uttar Pradesh,Food & Beverage,Tier 3+,Field sales,2026-06-28,1,1,1,1,0,0,2026-06-29,2026-07-02,2026-07-07,2026-07-18,
M002618,Madhya Pradesh,Kirana/Grocery,Tier 1,Online,2025-07-20,1,1,1,1,1,1,2025-07-21,2025-07-20,2025-07-24,2025-08-11,2025-08-09
M002619,Rajasthan,Kirana/Grocery,Tier 3+,Organic QR,2026-02-25,0,0,0,0,0,0,,,,,
M002620,Maharashtra,Kirana/Grocery,Tier 1,Partner,2026-06-11,1,1,0,0,0,0,2026-06-13,2026-06-12,,,
M002621,Uttar Pradesh,Fashion/Retail,Tier 1,Field sales,2026-05-06,1,1,1,1,1,0,2026-05-08,2026-05-06,2026-05-14,2026-06-04,
M002622,Telangana,Food & Beverage,Tier 1,Field sales,2025-11-21,1,0,0,0,0,0,2025-11-23,,,,
M002623,Rajasthan,Services,Tier 3+,Field sales,2025-08-07,1,0,0,0,0,0,2025-08-08,,,,
M002624,Rajasthan,Pharmacy,Tier 2,Organic QR,2026-06-03,1,0,0,0,0,0,2026-06-06,,,,
M002625,Maharashtra,Fashion/Retail,Tier 3+,Organic QR,2026-06-02,1,1,1,1,1,0,2026-06-03,2026-06-09,2026-06-11,2026-07-02,
M002626,Rajasthan,Food & Beverage,Tier 3+,Online,2026-01-28,1,1,1,1,1,0,2026-01-31,2026-01-28,2026-01-31,2026-03-03,
M002627,Bihar,Kirana/Grocery,Tier 2,Field sales,2026-06-23,1,1,1,1,1,1,2026-06-23,2026-06-30,2026-06-28,2026-07-28,2026-07-29
M002628,Bihar,Other,Tier 3+,Field sales,2025-07-02,1,1,0,0,0,0,2025-07-03,2025-07-02,,,
M002629,Maharashtra,Food & Beverage,Tier 3+,Field sales,2026-02-11,1,1,0,0,0,0,2026-02-14,2026-02-15,,,
M002630,Telangana,Pharmacy,Tier 3+,Field sales,2025-07-15,0,0,0,0,0,0,,,,,
M002631,Uttar Pradesh,Pharmacy,Tier 2,Organic QR,2026-06-07,1,0,0,0,0,0,2026-06-07,,,,
M002632,Maharashtra,Services,Tier 3+,Partner,2026-03-06,1,0,0,0,0,0,2026-03-08,,,,
M002633,Uttar Pradesh,Kirana/Grocery,Tier 1,Online,2026-05-30,1,1,1,1,0,0,2026-05-30,2026-06-03,2026-06-02,2026-07-02,
M002634,Maharashtra,Kirana/Grocery,Tier 3+,Field sales,2026-01-22,1,0,0,0,0,0,2026-01-25,,,,
M002635,Maharashtra,Food & Beverage,Tier 3+,Field sales,2025-07-31,1,0,0,0,0,0,2025-08-02,,,,
M002636,Rajasthan,Services,Tier 2,Referral,2025-07-10,1,1,1,1,0,0,2025-07-11,2025-07-15,2025-07-18,2025-08-12,
M002637,Karnataka,Fashion/Retail,Tier 1,Field sales,2025-10-31,1,1,1,1,0,0,2025-11-01,2025-11-03,2025-11-04,2025-11-28,
M002638,Bihar,Pharmacy,Tier 1,Partner,2026-03-29,1,1,1,1,1,1,2026-04-01,2026-03-30,2026-04-01,2026-05-03,2026-06-24
M002639,Maharashtra,Other,Tier 3+,Organic QR,2025-08-25,1,1,0,0,0,0,2025-08-28,2025-08-27,,,
M002640,Uttar Pradesh,Other,Tier 3+,Online,2026-05-08,1,1,0,0,0,0,2026-05-09,2026-05-08,,,
M002641,Uttar Pradesh,Pharmacy,Tier 3+,Field sales,2025-09-26,1,0,0,0,0,0,2025-09-27,,,,
M002642,Madhya Pradesh,Kirana/Grocery,Tier 3+,Online,2025-12-29,1,0,0,0,0,0,2026-01-01,,,,
M002643,Madhya Pradesh,Food & Beverage,Tier 2,Online,2025-09-13,1,0,0,0,0,0,2025-09-13,,,,
M002644,Telangana,Services,Tier 3+,Field sales,2025-12-18,1,1,1,1,1,1,2025-12-21,2025-12-24,2025-12-27,2026-01-09,2026-03-11
M002645,Rajasthan,Services,Tier 1,Organic QR,2025-12-13,1,1,0,0,0,0,2025-12-16,2025-12-13,,,
M002646,Karnataka,Kirana/Grocery,Tier 1,Organic QR,2025-07-02,0,0,0,0,0,0,,,,,
M002647,Rajasthan,Services,Tier 2,Field sales,2026-01-24,1,1,1,0,0,0,2026-01-26,2026-01-28,2026-01-27,,
M002648,Maharashtra,Food & Beverage,Tier 2,Online,2026-04-14,1,1,1,1,0,0,2026-04-15,2026-04-18,2026-04-21,2026-05-13,
M002649,Uttar Pradesh,Food & Beverage,Tier 2,Field sales,2026-06-07,1,0,0,0,0,0,2026-06-08,,,,
M002650,Karnataka,Fashion/Retail,Tier 3+,Field sales,2025-10-29,1,1,0,0,0,0,2025-11-01,2025-10-31,,,
M002651,West Bengal,Food & Beverage,Tier 1,Field sales,2026-05-18,1,0,0,0,0,0,2026-05-20,,,,
M002652,Uttar Pradesh,Services,Tier 3+,Organic QR,2026-05-17,0,0,0,0,0,0,,,,,
M002653,Rajasthan,Services,Tier 1,Online,2026-06-26,0,0,0,0,0,0,,,,,
M002654,Telangana,Services,Tier 3+,Partner,2025-11-14,1,1,1,1,1,1,2025-11-17,2025-11-15,2025-11-20,2025-12-05,2025-11-25
M002655,Karnataka,Kirana/Grocery,Tier 1,Partner,2026-05-07,0,0,0,0,0,0,,,,,
M002656,Karnataka,Services,Tier 3+,Field sales,2026-01-23,1,0,0,0,0,0,2026-01-24,,,,
M002657,West Bengal,Food & Beverage,Tier 2,Partner,2025-07-22,1,1,1,1,1,1,2025-07-24,2025-07-26,2025-07-27,2025-08-23,2025-09-23
M002658,Madhya Pradesh,Services,Tier 2,Organic QR,2025-10-07,1,1,1,1,1,1,2025-10-08,2025-10-12,2025-10-14,2025-11-07,2025-10-18
M002659,Maharashtra,Kirana/Grocery,Tier 1,Organic QR,2026-03-03,1,0,0,0,0,0,2026-03-03,,,,
M002660,Bihar,Other,Tier 1,Organic QR,2025-08-28,1,1,1,1,1,0,2025-08-31,2025-08-31,2025-09-04,2025-10-02,
M002661,Uttar Pradesh,Fashion/Retail,Tier 2,Online,2025-12-06,1,1,1,1,0,1,2025-12-08,2025-12-11,2025-12-09,2025-12-27,2026-02-08
M002662,Maharashtra,Food & Beverage,Tier 1,Partner,2026-04-09,1,0,0,0,0,0,2026-04-11,,,,
M002663,Uttar Pradesh,Food & Beverage,Tier 1,Partner,2025-08-24,1,1,0,0,0,0,2025-08-26,2025-08-28,,,
M002664,Maharashtra,Food & Beverage,Tier 3+,Organic QR,2025-12-29,1,1,1,0,0,0,2025-12-31,2026-01-05,2026-01-01,,
M002665,Karnataka,Pharmacy,Tier 1,Field sales,2025-09-17,1,1,1,0,0,0,2025-09-20,2025-09-19,2025-09-26,,
M002666,Bihar,Services,Tier 1,Organic QR,2026-01-12,1,1,0,0,0,0,2026-01-14,2026-01-18,,,
M002667,Karnataka,Pharmacy,Tier 2,Partner,2025-09-26,0,0,0,0,0,0,,,,,
M002668,West Bengal,Fashion/Retail,Tier 2,Partner,2026-06-18,1,1,1,1,1,0,2026-06-21,2026-06-21,2026-06-22,2026-07-19,
M002669,Rajasthan,Food & Beverage,Tier 2,Partner,2025-07-28,1,1,0,0,0,0,2025-07-30,2025-08-01,,,
M002670,Madhya Pradesh,Services,Tier 2,Field sales,2026-06-17,0,0,0,0,0,0,,,,,
M002671,Rajasthan,Food & Beverage,Tier 2,Field sales,2026-04-16,1,1,1,1,0,0,2026-04-19,2026-04-19,2026-04-19,2026-05-06,
M002672,Madhya Pradesh,Services,Tier 2,Field sales,2026-05-09,1,1,1,1,1,0,2026-05-09,2026-05-11,2026-05-13,2026-05-30,
M002673,Telangana,Food & Beverage,Tier 2,Partner,2026-05-07,0,0,0,0,0,0,,,,,
M002674,Uttar Pradesh,Fashion/Retail,Tier 1,Online,2025-09-07,1,1,0,0,0,0,2025-09-09,2025-09-12,,,
M002675,Uttar Pradesh,Kirana/Grocery,Tier 3+,Organic QR,2026-06-05,1,0,0,0,0,0,2026-06-05,,,,
M002676,West Bengal,Kirana/Grocery,Tier 1,Partner,2026-02-02,1,1,1,0,0,0,2026-02-03,2026-02-09,2026-02-10,,
M002677,Maharashtra,Kirana/Grocery,Tier 3+,Partner,2026-06-17,1,1,0,0,0,0,2026-06-17,2026-06-20,,,
M002678,Uttar Pradesh,Other,Tier 2,Field sales,2026-05-17,1,1,1,1,1,0,2026-05-18,2026-05-18,2026-05-21,2026-06-13,
M002679,Bihar,Services,Tier 2,Field sales,2026-01-28,1,1,0,0,0,0,2026-01-29,2026-01-31,,,
M002680,Telangana,Food & Beverage,Tier 2,Field sales,2025-11-14,1,1,1,1,0,0,2025-11-15,2025-11-15,2025-11-22,2025-12-19,
M002681,Madhya Pradesh,Food & Beverage,Tier 3+,Online,2025-08-12,1,1,1,1,1,0,2025-08-15,2025-08-16,2025-08-22,2025-09-03,
M002682,Telangana,Food & Beverage,Tier 2,Field sales,2025-08-06,1,1,0,0,0,0,2025-08-07,2025-08-11,,,
M002683,Maharashtra,Fashion/Retail,Tier 2,Organic QR,2025-11-20,1,1,1,0,0,0,2025-11-20,2025-11-23,2025-11-26,,
M002684,Rajasthan,Other,Tier 3+,Field sales,2026-04-23,1,1,1,1,1,0,2026-04-23,2026-04-30,2026-05-03,2026-05-17,
M002685,Uttar Pradesh,Fashion/Retail,Tier 2,Partner,2026-01-01,1,1,1,1,1,1,2026-01-04,2026-01-02,2026-01-07,2026-02-02,2026-03-28
M002686,Maharashtra,Fashion/Retail,Tier 2,Field sales,2025-12-23,1,1,1,1,1,0,2025-12-24,2025-12-23,2026-01-02,2026-01-27,
M002687,Maharashtra,Kirana/Grocery,Tier 1,Online,2025-09-28,1,1,1,1,1,1,2025-09-29,2025-10-03,2025-10-01,2025-10-26,2025-11-24
M002688,Karnataka,Kirana/Grocery,Tier 1,Field sales,2026-01-23,0,0,0,0,0,0,,,,,
M002689,Bihar,Services,Tier 3+,Online,2026-02-18,1,1,1,1,0,1,2026-02-20,2026-02-25,2026-02-26,2026-03-15,2026-04-09
M002690,West Bengal,Services,Tier 1,Organic QR,2026-06-24,1,0,0,0,0,0,2026-06-27,,,,
M002691,Uttar Pradesh,Kirana/Grocery,Tier 1,Organic QR,2026-03-24,1,1,1,1,0,0,2026-03-24,2026-03-24,2026-03-31,2026-04-26,
M002692,Maharashtra,Pharmacy,Tier 1,Partner,2026-02-07,1,1,0,0,0,0,2026-02-10,2026-02-10,,,
M002693,Uttar Pradesh,Kirana/Grocery,Tier 3+,Organic QR,2026-05-29,1,1,1,1,0,0,2026-05-30,2026-06-02,2026-06-07,2026-06-26,
M002694,Madhya Pradesh,Kirana/Grocery,Tier 2,Field sales,2025-12-03,1,1,1,1,1,1,2025-12-05,2025-12-08,2025-12-08,2025-12-29,2026-01-02
M002695,Bihar,Food & Beverage,Tier 2,Partner,2026-06-07,1,1,1,0,0,0,2026-06-07,2026-06-13,2026-06-17,,
M002696,Karnataka,Fashion/Retail,Tier 3+,Organic QR,2025-11-13,1,0,0,0,0,0,2025-11-13,,,,
M002697,Maharashtra,Pharmacy,Tier 2,Organic QR,2025-08-16,1,1,0,0,0,0,2025-08-18,2025-08-21,,,
M002698,West Bengal,Services,Tier 3+,Partner,2025-11-30,1,1,0,0,0,0,2025-12-02,2025-12-07,,,
M002699,Madhya Pradesh,Fashion/Retail,Tier 3+,Partner,2025-08-16,1,1,0,0,0,0,2025-08-17,2025-08-20,,,
M002700,Maharashtra,Fashion/Retail,Tier 2,Field sales,2025-08-13,1,1,1,1,1,1,2025-08-14,2025-08-14,2025-08-17,2025-09-05,2025-10-28
M002701,Madhya Pradesh,Food & Beverage,Tier 3+,Field sales,2026-05-18,0,0,0,0,0,0,,,,,
M002702,Maharashtra,Fashion/Retail,Tier 3+,Field sales,2026-04-17,1,0,0,0,0,0,2026-04-19,,,,
M002703,Maharashtra,Kirana/Grocery,Tier 1,Organic QR,2025-09-19,1,1,0,0,0,0,2025-09-20,2025-09-26,,,
M002704,Bihar,Services,Tier 1,Field sales,2026-05-02,1,1,1,0,0,0,2026-05-05,2026-05-05,2026-05-08,,
M002705,Uttar Pradesh,Kirana/Grocery,Tier 3+,Field sales,2025-07-26,1,0,0,0,0,0,2025-07-26,,,,
M002706,Uttar Pradesh,Food & Beverage,Tier 2,Referral,2025-10-12,1,1,1,1,1,0,2025-10-14,2025-10-14,2025-10-15,2025-11-15,
M002707,West Bengal,Services,Tier 2,Field sales,2026-03-15,0,0,0,0,0,0,,,,,
M002708,Madhya Pradesh,Kirana/Grocery,Tier 1,Field sales,2025-10-19,1,1,0,0,0,0,2025-10-21,2025-10-24,,,
M002709,Maharashtra,Food & Beverage,Tier 3+,Referral,2026-03-24,1,1,1,1,0,1,2026-03-25,2026-03-29,2026-03-28,2026-04-20,2026-06-16
M002710,Rajasthan,Services,Tier 3+,Partner,2026-05-16,0,0,0,0,0,0,,,,,
M002711,Bihar,Services,Tier 3+,Referral,2025-07-25,1,0,0,0,0,0,2025-07-25,,,,
M002712,Uttar Pradesh,Kirana/Grocery,Tier 2,Field sales,2025-07-09,0,0,0,0,0,0,,,,,
M002713,West Bengal,Kirana/Grocery,Tier 3+,Partner,2026-06-09,1,1,0,0,0,0,2026-06-11,2026-06-14,,,
M002714,Bihar,Food & Beverage,Tier 2,Online,2026-01-06,1,1,1,1,1,0,2026-01-07,2026-01-10,2026-01-13,2026-02-10,
M002715,Maharashtra,Fashion/Retail,Tier 2,Field sales,2026-01-01,1,1,1,1,0,1,2026-01-04,2026-01-06,2026-01-06,2026-01-24,2026-02-11
M002716,Karnataka,Fashion/Retail,Tier 2,Field sales,2025-12-17,1,1,0,0,0,0,2025-12-17,2025-12-23,,,
M002717,Madhya Pradesh,Food & Beverage,Tier 2,Field sales,2025-12-06,1,0,0,0,0,0,2025-12-08,,,,
M002718,West Bengal,Pharmacy,Tier 2,Online,2026-03-09,1,1,1,0,0,0,2026-03-10,2026-03-10,2026-03-18,,
M002719,Maharashtra,Services,Tier 1,Field sales,2026-01-28,1,1,1,1,1,0,2026-01-29,2026-02-03,2026-02-07,2026-02-25,
M002720,Maharashtra,Other,Tier 2,Organic QR,2025-08-29,1,1,1,1,1,0,2025-08-31,2025-09-02,2025-09-01,2025-09-24,
M002721,Bihar,Kirana/Grocery,Tier 3+,Organic QR,2026-02-14,1,1,1,1,1,1,2026-02-17,2026-02-17,2026-02-23,2026-03-08,2026-04-20
M002722,Maharashtra,Services,Tier 1,Online,2026-03-01,0,0,0,0,0,0,,,,,
M002723,Maharashtra,Services,Tier 3+,Field sales,2025-08-11,1,1,1,1,1,0,2025-08-12,2025-08-13,2025-08-19,2025-09-15,
M002724,West Bengal,Food & Beverage,Tier 1,Organic QR,2025-11-15,1,0,0,0,0,0,2025-11-17,,,,
M002725,Madhya Pradesh,Kirana/Grocery,Tier 1,Online,2026-04-15,1,1,1,1,1,0,2026-04-18,2026-04-15,2026-04-23,2026-05-05,
M002726,West Bengal,Kirana/Grocery,Tier 2,Field sales,2026-02-11,1,1,1,0,0,0,2026-02-14,2026-02-14,2026-02-17,,
M002727,Rajasthan,Food & Beverage,Tier 1,Organic QR,2025-08-19,1,1,1,1,1,0,2025-08-21,2025-08-25,2025-08-27,2025-09-08,
M002728,Telangana,Pharmacy,Tier 3+,Field sales,2025-07-15,1,1,1,0,0,0,2025-07-15,2025-07-22,2025-07-18,,
M002729,West Bengal,Pharmacy,Tier 3+,Field sales,2026-01-29,1,1,0,0,0,0,2026-02-01,2026-01-30,,,
M002730,Karnataka,Kirana/Grocery,Tier 2,Field sales,2025-12-16,1,1,1,1,0,1,2025-12-19,2025-12-21,2025-12-20,2026-01-19,2026-01-29
M002731,Karnataka,Fashion/Retail,Tier 2,Field sales,2026-06-16,1,1,1,1,1,0,2026-06-19,2026-06-18,2026-06-22,2026-07-10,
M002732,West Bengal,Food & Beverage,Tier 1,Field sales,2026-01-07,1,0,0,0,0,0,2026-01-09,,,,
M002733,Bihar,Other,Tier 3+,Referral,2026-06-05,1,1,1,1,1,1,2026-06-05,2026-06-05,2026-06-14,2026-07-03,2026-07-03
M002734,West Bengal,Kirana/Grocery,Tier 1,Organic QR,2025-09-17,0,0,0,0,0,0,,,,,
M002735,Maharashtra,Fashion/Retail,Tier 3+,Organic QR,2025-12-11,1,1,1,1,1,0,2025-12-13,2025-12-15,2025-12-20,2026-01-01,
M002736,West Bengal,Other,Tier 3+,Partner,2025-08-20,1,1,1,1,1,0,2025-08-20,2025-08-20,2025-08-27,2025-09-12,
M002737,Rajasthan,Fashion/Retail,Tier 1,Online,2026-01-26,0,0,0,0,0,0,,,,,
M002738,Rajasthan,Fashion/Retail,Tier 2,Field sales,2025-09-07,1,1,0,0,0,0,2025-09-10,2025-09-08,,,
M002739,West Bengal,Food & Beverage,Tier 2,Field sales,2025-12-27,1,0,0,0,0,0,2025-12-27,,,,
M002740,Uttar Pradesh,Pharmacy,Tier 2,Field sales,2025-11-03,1,1,0,0,0,0,2025-11-03,2025-11-05,,,
M002741,Bihar,Services,Tier 1,Online,2025-09-06,1,1,1,1,0,0,2025-09-08,2025-09-12,2025-09-16,2025-10-09,
M002742,Rajasthan,Food & Beverage,Tier 3+,Referral,2025-08-05,1,1,1,1,0,0,2025-08-06,2025-08-06,2025-08-15,2025-08-30,
M002743,Madhya Pradesh,Other,Tier 1,Organic QR,2026-01-03,1,1,1,1,1,1,2026-01-03,2026-01-05,2026-01-09,2026-02-05,2026-03-11
M002744,West Bengal,Kirana/Grocery,Tier 3+,Field sales,2026-06-11,0,0,0,0,0,0,,,,,
M002745,Bihar,Food & Beverage,Tier 2,Organic QR,2025-09-11,1,1,0,0,0,0,2025-09-11,2025-09-18,,,
M002746,Maharashtra,Other,Tier 2,Partner,2025-11-25,1,1,1,1,1,1,2025-11-26,2025-11-27,2025-11-28,2025-12-29,2026-01-21
M002747,Karnataka,Kirana/Grocery,Tier 3+,Field sales,2025-09-20,0,0,0,0,0,0,,,,,
M002748,West Bengal,Kirana/Grocery,Tier 3+,Field sales,2026-04-22,1,1,1,1,1,0,2026-04-23,2026-04-24,2026-04-28,2026-05-27,
M002749,West Bengal,Food & Beverage,Tier 2,Field sales,2025-11-29,0,0,0,0,0,0,,,,,
M002750,West Bengal,Pharmacy,Tier 2,Partner,2026-06-21,0,0,0,0,0,0,,,,,
M002751,Maharashtra,Fashion/Retail,Tier 2,Online,2025-09-28,0,0,0,0,0,0,,,,,
M002752,Uttar Pradesh,Kirana/Grocery,Tier 2,Field sales,2025-07-30,1,1,1,1,1,0,2025-08-01,2025-08-04,2025-08-07,2025-09-03,
M002753,Bihar,Services,Tier 3+,Online,2026-01-29,1,0,0,0,0,0,2026-01-31,,,,
M002754,Bihar,Services,Tier 1,Organic QR,2026-02-23,0,0,0,0,0,0,,,,,
M002755,Maharashtra,Services,Tier 2,Partner,2026-06-27,1,0,0,0,0,0,2026-06-28,,,,
M002756,Rajasthan,Pharmacy,Tier 3+,Online,2026-05-15,1,0,0,0,0,0,2026-05-18,,,,
M002757,Maharashtra,Other,Tier 2,Organic QR,2026-05-19,1,0,0,0,0,0,2026-05-22,,,,
M002758,Uttar Pradesh,Food & Beverage,Tier 3+,Field sales,2026-02-17,1,1,1,0,0,0,2026-02-18,2026-02-17,2026-02-22,,
M002759,Karnataka,Kirana/Grocery,Tier 1,Field sales,2025-11-09,0,0,0,0,0,0,,,,,
M002760,Maharashtra,Services,Tier 1,Referral,2025-12-04,0,0,0,0,0,0,,,,,
M002761,Maharashtra,Food & Beverage,Tier 2,Organic QR,2025-08-18,1,1,1,1,1,1,2025-08-21,2025-08-18,2025-08-28,2025-09-13,2025-10-08
M002762,West Bengal,Food & Beverage,Tier 2,Field sales,2025-12-05,1,0,0,0,0,0,2025-12-07,,,,
M002763,Bihar,Kirana/Grocery,Tier 3+,Organic QR,2025-11-11,1,1,0,0,0,0,2025-11-12,2025-11-14,,,
M002764,West Bengal,Kirana/Grocery,Tier 2,Field sales,2025-07-14,1,1,1,0,0,0,2025-07-15,2025-07-19,2025-07-20,,
M002765,Uttar Pradesh,Other,Tier 1,Field sales,2025-09-13,1,1,0,0,0,0,2025-09-13,2025-09-13,,,
M002766,Uttar Pradesh,Kirana/Grocery,Tier 2,Referral,2026-01-12,1,1,1,1,0,0,2026-01-15,2026-01-12,2026-01-21,2026-02-04,
M002767,Telangana,Services,Tier 2,Organic QR,2025-11-12,1,1,1,1,0,0,2025-11-14,2025-11-12,2025-11-18,2025-12-14,
M002768,Rajasthan,Pharmacy,Tier 2,Field sales,2026-06-28,1,1,1,1,1,1,2026-06-28,2026-07-03,2026-07-04,2026-07-26,2026-09-11
M002769,Telangana,Kirana/Grocery,Tier 1,Organic QR,2025-12-22,1,1,1,1,1,0,2025-12-22,2025-12-27,2025-12-25,2026-01-13,
M002770,Bihar,Kirana/Grocery,Tier 2,Online,2026-06-15,1,1,1,0,0,0,2026-06-15,2026-06-18,2026-06-20,,
M002771,Madhya Pradesh,Food & Beverage,Tier 3+,Field sales,2026-02-27,1,1,0,0,0,0,2026-02-27,2026-02-27,,,
M002772,Madhya Pradesh,Services,Tier 2,Field sales,2025-07-15,1,1,1,1,1,0,2025-07-16,2025-07-21,2025-07-23,2025-08-16,
M002773,Karnataka,Food & Beverage,Tier 2,Field sales,2025-09-13,1,1,1,1,1,0,2025-09-16,2025-09-18,2025-09-19,2025-10-16,
M002774,Uttar Pradesh,Services,Tier 1,Field sales,2026-03-15,1,0,0,0,0,0,2026-03-18,,,,
M002775,Karnataka,Kirana/Grocery,Tier 3+,Field sales,2026-01-15,1,1,1,0,0,0,2026-01-16,2026-01-15,2026-01-20,,
M002776,Maharashtra,Kirana/Grocery,Tier 1,Field sales,2025-10-19,1,1,0,0,0,0,2025-10-21,2025-10-24,,,
M002777,Bihar,Kirana/Grocery,Tier 2,Field sales,2026-01-07,0,0,0,0,0,0,,,,,
M002778,Uttar Pradesh,Food & Beverage,Tier 1,Partner,2026-05-26,1,0,0,0,0,0,2026-05-28,,,,
M002779,Bihar,Food & Beverage,Tier 1,Field sales,2025-11-19,1,1,1,1,0,0,2025-11-21,2025-11-26,2025-11-22,2025-12-20,
M002780,Maharashtra,Other,Tier 1,Field sales,2025-07-17,1,1,1,1,1,0,2025-07-19,2025-07-22,2025-07-25,2025-08-13,
M002781,West Bengal,Kirana/Grocery,Tier 1,Partner,2025-10-22,1,0,0,0,0,0,2025-10-22,,,,
M002782,West Bengal,Services,Tier 3+,Field sales,2026-06-07,1,1,1,0,0,0,2026-06-09,2026-06-09,2026-06-14,,
M002783,Uttar Pradesh,Services,Tier 1,Field sales,2026-04-05,0,0,0,0,0,0,,,,,
M002784,Madhya Pradesh,Pharmacy,Tier 3+,Online,2026-05-02,1,1,0,0,0,0,2026-05-03,2026-05-03,,,
M002785,Karnataka,Services,Tier 2,Organic QR,2026-05-29,1,0,0,0,0,0,2026-06-01,,,,
M002786,Bihar,Kirana/Grocery,Tier 1,Partner,2025-08-12,1,0,0,0,0,0,2025-08-15,,,,
M002787,Madhya Pradesh,Services,Tier 2,Organic QR,2025-10-12,1,1,0,0,0,0,2025-10-13,2025-10-15,,,
M002788,Madhya Pradesh,Food & Beverage,Tier 1,Online,2025-07-22,1,0,0,0,0,0,2025-07-24,,,,
M002789,Madhya Pradesh,Fashion/Retail,Tier 3+,Field sales,2025-07-02,1,1,1,1,1,0,2025-07-03,2025-07-04,2025-07-10,2025-08-01,
M002790,Uttar Pradesh,Kirana/Grocery,Tier 1,Field sales,2026-05-01,1,1,1,1,1,0,2026-05-01,2026-05-02,2026-05-04,2026-05-23,
M002791,Madhya Pradesh,Pharmacy,Tier 3+,Referral,2026-06-07,1,1,0,0,0,0,2026-06-07,2026-06-14,,,
M002792,Bihar,Services,Tier 1,Field sales,2025-08-26,1,1,1,0,0,0,2025-08-29,2025-08-27,2025-09-05,,
M002793,Maharashtra,Services,Tier 1,Organic QR,2026-03-21,1,1,1,1,0,1,2026-03-22,2026-03-23,2026-03-25,2026-04-23,2026-06-11
M002794,Maharashtra,Kirana/Grocery,Tier 1,Field sales,2026-01-12,1,1,0,0,0,0,2026-01-12,2026-01-12,,,
M002795,Bihar,Services,Tier 2,Field sales,2025-07-26,1,1,1,1,1,1,2025-07-26,2025-07-30,2025-07-31,2025-08-29,2025-08-26
M002796,Rajasthan,Pharmacy,Tier 2,Partner,2026-05-31,0,0,0,0,0,0,,,,,
M002797,Uttar Pradesh,Food & Beverage,Tier 3+,Organic QR,2026-05-15,1,1,1,1,0,0,2026-05-17,2026-05-15,2026-05-19,2026-06-17,
M002798,West Bengal,Food & Beverage,Tier 2,Organic QR,2026-01-24,1,0,0,0,0,0,2026-01-25,,,,
M002799,Rajasthan,Kirana/Grocery,Tier 1,Field sales,2026-03-16,1,1,1,1,0,0,2026-03-16,2026-03-22,2026-03-26,2026-04-12,
M002800,Uttar Pradesh,Kirana/Grocery,Tier 3+,Field sales,2025-11-22,1,0,0,0,0,0,2025-11-23,,,,
M002801,Uttar Pradesh,Pharmacy,Tier 2,Partner,2026-04-16,1,1,1,1,1,0,2026-04-19,2026-04-20,2026-04-22,2026-05-15,
M002802,Rajasthan,Food & Beverage,Tier 3+,Field sales,2025-12-10,1,1,0,0,0,0,2025-12-11,2025-12-14,,,
M002803,Bihar,Pharmacy,Tier 2,Organic QR,2026-06-27,1,0,0,0,0,0,2026-06-30,,,,
M002804,Uttar Pradesh,Pharmacy,Tier 3+,Organic QR,2025-07-24,1,1,1,1,1,0,2025-07-25,2025-07-29,2025-08-01,2025-08-13,
M002805,Uttar Pradesh,Pharmacy,Tier 1,Field sales,2025-09-01,1,1,1,0,0,0,2025-09-02,2025-09-08,2025-09-09,,
M002806,Bihar,Pharmacy,Tier 3+,Field sales,2026-06-19,1,0,0,0,0,0,2026-06-21,,,,
M002807,Bihar,Services,Tier 1,Referral,2025-10-14,1,1,1,0,0,0,2025-10-17,2025-10-14,2025-10-21,,
M002808,Madhya Pradesh,Services,Tier 3+,Organic QR,2025-10-22,1,1,0,0,0,0,2025-10-25,2025-10-27,,,
M002809,Maharashtra,Kirana/Grocery,Tier 1,Field sales,2026-04-15,1,1,1,1,1,1,2026-04-18,2026-04-16,2026-04-23,2026-05-12,2026-06-20
M002810,Bihar,Fashion/Retail,Tier 3+,Online,2025-09-08,1,1,1,0,0,0,2025-09-08,2025-09-08,2025-09-15,,
M002811,Uttar Pradesh,Other,Tier 3+,Field sales,2026-01-04,1,1,1,0,0,0,2026-01-07,2026-01-04,2026-01-12,,
M002812,Maharashtra,Food & Beverage,Tier 3+,Referral,2025-10-13,1,0,0,0,0,0,2025-10-13,,,,
M002813,Rajasthan,Other,Tier 2,Field sales,2025-09-11,0,0,0,0,0,0,,,,,
M002814,Bihar,Other,Tier 2,Field sales,2026-06-17,1,1,1,1,0,0,2026-06-20,2026-06-19,2026-06-21,2026-07-16,
M002815,Uttar Pradesh,Food & Beverage,Tier 3+,Organic QR,2025-09-11,1,1,1,1,0,0,2025-09-12,2025-09-14,2025-09-17,2025-10-14,
M002816,Madhya Pradesh,Pharmacy,Tier 2,Field sales,2025-08-04,1,1,1,1,1,0,2025-08-06,2025-08-05,2025-08-07,2025-09-07,
M002817,Telangana,Services,Tier 2,Partner,2026-03-03,1,1,1,1,1,1,2026-03-04,2026-03-04,2026-03-10,2026-04-04,2026-04-17
M002818,Karnataka,Kirana/Grocery,Tier 1,Field sales,2026-05-13,1,0,0,0,0,0,2026-05-13,,,,
M002819,Telangana,Kirana/Grocery,Tier 2,Organic QR,2025-08-16,1,1,0,0,0,0,2025-08-18,2025-08-23,,,
M002820,Uttar Pradesh,Food & Beverage,Tier 2,Referral,2026-03-16,1,1,0,0,0,0,2026-03-17,2026-03-17,,,
M002821,Bihar,Fashion/Retail,Tier 2,Organic QR,2026-01-14,1,1,1,1,0,1,2026-01-14,2026-01-14,2026-01-21,2026-02-05,2026-03-07
M002822,Madhya Pradesh,Food & Beverage,Tier 1,Organic QR,2026-04-29,1,0,0,0,0,0,2026-04-30,,,,
M002823,Bihar,Fashion/Retail,Tier 2,Field sales,2025-08-16,1,1,1,0,0,0,2025-08-16,2025-08-19,2025-08-23,,
M002824,Maharashtra,Services,Tier 3+,Field sales,2026-06-22,1,1,0,0,0,0,2026-06-22,2026-06-27,,,
M002825,Telangana,Pharmacy,Tier 2,Online,2026-02-11,1,1,1,0,0,0,2026-02-12,2026-02-15,2026-02-21,,
M002826,Maharashtra,Kirana/Grocery,Tier 3+,Organic QR,2026-05-04,1,1,1,1,0,0,2026-05-05,2026-05-09,2026-05-10,2026-05-27,
M002827,Bihar,Food & Beverage,Tier 1,Partner,2025-11-10,1,0,0,0,0,0,2025-11-11,,,,
M002828,Karnataka,Kirana/Grocery,Tier 2,Organic QR,2026-06-10,0,0,0,0,0,0,,,,,
M002829,Uttar Pradesh,Kirana/Grocery,Tier 2,Field sales,2026-02-14,1,1,1,0,0,0,2026-02-15,2026-02-15,2026-02-23,,
M002830,Madhya Pradesh,Kirana/Grocery,Tier 2,Field sales,2025-08-16,1,1,0,0,0,0,2025-08-19,2025-08-19,,,
M002831,Rajasthan,Kirana/Grocery,Tier 2,Field sales,2026-06-02,1,0,0,0,0,0,2026-06-04,,,,
M002832,Karnataka,Kirana/Grocery,Tier 1,Organic QR,2026-04-17,0,0,0,0,0,0,,,,,
M002833,Telangana,Services,Tier 2,Field sales,2025-10-18,1,1,1,1,1,0,2025-10-18,2025-10-24,2025-10-25,2025-11-21,
M002834,Rajasthan,Food & Beverage,Tier 1,Field sales,2026-01-16,1,0,0,0,0,0,2026-01-17,,,,
M002835,Uttar Pradesh,Kirana/Grocery,Tier 2,Organic QR,2025-11-19,0,0,0,0,0,0,,,,,
M002836,Maharashtra,Fashion/Retail,Tier 3+,Organic QR,2026-01-15,1,1,1,1,1,1,2026-01-18,2026-01-17,2026-01-18,2026-02-12,2026-02-19
M002837,Madhya Pradesh,Services,Tier 1,Organic QR,2026-06-18,1,1,0,0,0,0,2026-06-18,2026-06-22,,,
M002838,Uttar Pradesh,Other,Tier 2,Referral,2026-05-25,1,1,0,0,0,0,2026-05-28,2026-05-26,,,
M002839,Uttar Pradesh,Services,Tier 2,Organic QR,2025-09-17,0,0,0,0,0,0,,,,,
M002840,Karnataka,Kirana/Grocery,Tier 3+,Field sales,2026-06-20,1,1,1,1,0,0,2026-06-20,2026-06-26,2026-06-23,2026-07-22,
M002841,Telangana,Other,Tier 1,Referral,2025-12-07,1,1,0,0,0,0,2025-12-08,2025-12-14,,,
M002842,Telangana,Fashion/Retail,Tier 2,Organic QR,2026-03-15,1,1,1,1,0,1,2026-03-17,2026-03-17,2026-03-20,2026-04-13,2026-05-31
M002843,Karnataka,Services,Tier 3+,Organic QR,2026-04-05,0,0,0,0,0,0,,,,,
M002844,Uttar Pradesh,Services,Tier 2,Online,2025-12-24,0,0,0,0,0,0,,,,,
M002845,Uttar Pradesh,Food & Beverage,Tier 3+,Field sales,2025-12-14,1,1,1,1,0,0,2025-12-14,2025-12-14,2025-12-23,2026-01-03,
M002846,West Bengal,Food & Beverage,Tier 2,Organic QR,2025-12-14,1,0,0,0,0,0,2025-12-17,,,,
M002847,West Bengal,Pharmacy,Tier 3+,Field sales,2026-05-11,1,1,1,0,0,0,2026-05-13,2026-05-14,2026-05-17,,
M002848,Karnataka,Services,Tier 1,Field sales,2025-11-19,1,1,0,0,0,0,2025-11-21,2025-11-25,,,
M002849,Maharashtra,Kirana/Grocery,Tier 1,Organic QR,2025-10-11,1,1,1,1,0,0,2025-10-12,2025-10-18,2025-10-16,2025-11-15,
M002850,Madhya Pradesh,Kirana/Grocery,Tier 2,Field sales,2025-11-09,1,0,0,0,0,0,2025-11-12,,,,
M002851,West Bengal,Kirana/Grocery,Tier 2,Field sales,2025-09-10,1,1,1,1,0,0,2025-09-11,2025-09-14,2025-09-16,2025-10-14,
M002852,Madhya Pradesh,Kirana/Grocery,Tier 2,Organic QR,2025-11-20,1,1,1,1,0,1,2025-11-23,2025-11-24,2025-11-30,2025-12-17,2025-11-30
M002853,Maharashtra,Food & Beverage,Tier 1,Field sales,2025-08-11,1,0,0,0,0,0,2025-08-14,,,,
M002854,Karnataka,Other,Tier 1,Organic QR,2025-08-02,0,0,0,0,0,0,,,,,
M002855,Maharashtra,Kirana/Grocery,Tier 3+,Field sales,2026-03-22,1,1,1,1,0,0,2026-03-24,2026-03-27,2026-03-26,2026-04-15,
M002856,Madhya Pradesh,Food & Beverage,Tier 1,Organic QR,2025-07-29,1,1,1,0,0,0,2025-07-31,2025-07-30,2025-08-05,,
M002857,Rajasthan,Kirana/Grocery,Tier 3+,Organic QR,2026-01-24,0,0,0,0,0,0,,,,,
M002858,Uttar Pradesh,Services,Tier 2,Organic QR,2026-04-11,1,1,1,1,1,0,2026-04-13,2026-04-12,2026-04-19,2026-05-05,
M002859,Uttar Pradesh,Services,Tier 1,Partner,2026-03-22,1,1,1,1,0,0,2026-03-25,2026-03-27,2026-03-31,2026-04-23,
M002860,Karnataka,Services,Tier 3+,Online,2025-12-10,1,0,0,0,0,0,2025-12-12,,,,
M002861,Rajasthan,Other,Tier 3+,Field sales,2025-09-09,1,1,0,0,0,0,2025-09-12,2025-09-12,,,
M002862,Maharashtra,Other,Tier 3+,Organic QR,2026-06-05,1,1,1,1,1,0,2026-06-05,2026-06-10,2026-06-11,2026-06-28,
M002863,Rajasthan,Fashion/Retail,Tier 1,Online,2026-05-01,1,1,1,1,0,0,2026-05-02,2026-05-04,2026-05-11,2026-05-30,
M002864,Bihar,Fashion/Retail,Tier 2,Partner,2026-02-09,1,0,0,0,0,0,2026-02-09,,,,
M002865,Rajasthan,Food & Beverage,Tier 3+,Online,2025-08-01,0,0,0,0,0,0,,,,,
M002866,Telangana,Services,Tier 2,Partner,2025-07-13,1,1,1,0,0,0,2025-07-13,2025-07-20,2025-07-22,,
M002867,Madhya Pradesh,Food & Beverage,Tier 1,Partner,2025-10-24,1,1,0,0,0,0,2025-10-25,2025-10-30,,,
M002868,Bihar,Fashion/Retail,Tier 1,Field sales,2025-08-27,1,0,0,0,0,0,2025-08-30,,,,
M002869,Maharashtra,Kirana/Grocery,Tier 2,Field sales,2026-05-11,0,0,0,0,0,0,,,,,
M002870,Karnataka,Kirana/Grocery,Tier 3+,Organic QR,2025-09-14,0,0,0,0,0,0,,,,,
M002871,Rajasthan,Kirana/Grocery,Tier 3+,Organic QR,2025-10-12,1,0,0,0,0,0,2025-10-13,,,,
M002872,Karnataka,Services,Tier 3+,Referral,2026-06-22,1,1,0,0,0,0,2026-06-25,2026-06-26,,,
M002873,Maharashtra,Pharmacy,Tier 2,Online,2026-04-25,1,1,0,0,0,0,2026-04-26,2026-05-01,,,
M002874,Maharashtra,Kirana/Grocery,Tier 2,Field sales,2025-09-18,1,1,1,0,0,0,2025-09-20,2025-09-22,2025-09-21,,
M002875,Maharashtra,Services,Tier 1,Organic QR,2025-11-17,0,0,0,0,0,0,,,,,
M002876,Uttar Pradesh,Food & Beverage,Tier 1,Online,2026-01-05,1,1,1,1,0,1,2026-01-05,2026-01-06,2026-01-10,2026-02-08,2026-02-28
M002877,Rajasthan,Fashion/Retail,Tier 1,Referral,2026-02-28,1,1,1,1,0,0,2026-03-01,2026-03-02,2026-03-04,2026-03-28,
M002878,Maharashtra,Kirana/Grocery,Tier 3+,Referral,2026-06-07,1,1,1,1,1,0,2026-06-10,2026-06-08,2026-06-17,2026-07-05,
M002879,Bihar,Kirana/Grocery,Tier 1,Partner,2026-05-14,1,0,0,0,0,0,2026-05-17,,,,
M002880,Karnataka,Services,Tier 2,Online,2026-06-22,1,1,0,0,0,0,2026-06-23,2026-06-26,,,
M002881,Telangana,Services,Tier 2,Field sales,2025-07-15,1,1,0,0,0,0,2025-07-17,2025-07-20,,,
M002882,Karnataka,Fashion/Retail,Tier 2,Field sales,2025-09-25,1,1,0,0,0,0,2025-09-27,2025-09-25,,,
M002883,Madhya Pradesh,Services,Tier 2,Field sales,2026-01-22,1,1,1,1,1,0,2026-01-23,2026-01-25,2026-01-25,2026-02-18,
M002884,West Bengal,Other,Tier 1,Organic QR,2025-07-18,1,0,0,0,0,0,2025-07-19,,,,
M002885,Uttar Pradesh,Food & Beverage,Tier 2,Referral,2025-11-07,1,1,1,1,0,0,2025-11-10,2025-11-13,2025-11-16,2025-12-01,
M002886,Maharashtra,Food & Beverage,Tier 2,Organic QR,2025-08-26,0,0,0,0,0,0,,,,,
M002887,Karnataka,Other,Tier 3+,Partner,2026-06-06,1,1,1,1,0,0,2026-06-07,2026-06-12,2026-06-16,2026-06-30,
M002888,Maharashtra,Kirana/Grocery,Tier 3+,Field sales,2025-07-24,1,1,1,1,0,0,2025-07-26,2025-07-29,2025-07-30,2025-08-19,
M002889,Madhya Pradesh,Fashion/Retail,Tier 3+,Partner,2025-08-24,1,1,1,1,1,0,2025-08-25,2025-08-26,2025-08-28,2025-09-20,
M002890,Maharashtra,Kirana/Grocery,Tier 2,Field sales,2025-09-10,0,0,0,0,0,0,,,,,
M002891,West Bengal,Food & Beverage,Tier 1,Organic QR,2025-08-24,1,0,0,0,0,0,2025-08-26,,,,
M002892,Rajasthan,Kirana/Grocery,Tier 2,Field sales,2026-01-24,0,0,0,0,0,0,,,,,
M002893,Uttar Pradesh,Services,Tier 3+,Organic QR,2025-11-10,1,1,1,1,1,1,2025-11-12,2025-11-15,2025-11-19,2025-11-30,2025-12-27
M002894,Madhya Pradesh,Fashion/Retail,Tier 1,Organic QR,2026-05-30,1,1,1,1,0,1,2026-05-30,2026-05-31,2026-06-05,2026-07-02,2026-07-03
M002895,Maharashtra,Kirana/Grocery,Tier 1,Partner,2025-10-04,1,0,0,0,0,0,2025-10-04,,,,
M002896,Bihar,Kirana/Grocery,Tier 3+,Organic QR,2026-01-13,1,1,0,0,0,0,2026-01-15,2026-01-18,,,
M002897,Maharashtra,Food & Beverage,Tier 3+,Online,2026-02-26,1,1,1,1,0,0,2026-03-01,2026-03-04,2026-03-06,2026-03-18,
M002898,Madhya Pradesh,Kirana/Grocery,Tier 1,Online,2026-02-14,1,0,0,0,0,0,2026-02-16,,,,
M002899,Uttar Pradesh,Food & Beverage,Tier 3+,Field sales,2026-04-17,1,0,0,0,0,0,2026-04-19,,,,
M002900,Maharashtra,Other,Tier 2,Field sales,2025-09-12,1,1,1,1,1,1,2025-09-15,2025-09-13,2025-09-17,2025-10-05,2025-10-19
M002901,Madhya Pradesh,Kirana/Grocery,Tier 2,Field sales,2026-01-02,1,1,0,0,0,0,2026-01-04,2026-01-07,,,
M002902,Maharashtra,Food & Beverage,Tier 2,Field sales,2026-04-19,1,1,1,0,0,0,2026-04-22,2026-04-19,2026-04-25,,
M002903,Maharashtra,Food & Beverage,Tier 3+,Field sales,2026-05-12,1,1,0,0,0,0,2026-05-13,2026-05-17,,,
M002904,Madhya Pradesh,Kirana/Grocery,Tier 1,Online,2026-02-11,1,1,1,1,0,0,2026-02-14,2026-02-15,2026-02-17,2026-03-08,
M002905,Uttar Pradesh,Kirana/Grocery,Tier 3+,Online,2026-02-23,1,1,1,1,1,0,2026-02-26,2026-03-02,2026-03-02,2026-03-29,
M002906,West Bengal,Pharmacy,Tier 1,Field sales,2026-05-12,1,1,1,1,0,0,2026-05-15,2026-05-16,2026-05-15,2026-06-12,
M002907,Rajasthan,Services,Tier 2,Referral,2026-02-14,0,0,0,0,0,0,,,,,
M002908,Rajasthan,Fashion/Retail,Tier 2,Referral,2026-06-12,1,0,0,0,0,0,2026-06-13,,,,
M002909,Karnataka,Food & Beverage,Tier 3+,Field sales,2025-08-16,1,0,0,0,0,0,2025-08-18,,,,
M002910,Maharashtra,Services,Tier 3+,Online,2025-11-04,1,1,1,1,1,0,2025-11-07,2025-11-04,2025-11-11,2025-11-26,
M002911,West Bengal,Other,Tier 3+,Online,2025-08-10,1,1,1,1,0,0,2025-08-12,2025-08-16,2025-08-15,2025-09-10,
M002912,Maharashtra,Fashion/Retail,Tier 3+,Online,2025-08-03,1,0,0,0,0,0,2025-08-03,,,,
M002913,Uttar Pradesh,Other,Tier 1,Partner,2025-12-20,1,1,1,1,1,0,2025-12-20,2025-12-22,2025-12-24,2026-01-16,
M002914,Karnataka,Kirana/Grocery,Tier 3+,Field sales,2025-09-21,1,1,0,0,0,0,2025-09-24,2025-09-26,,,
M002915,Karnataka,Other,Tier 2,Field sales,2025-11-26,1,1,0,0,0,0,2025-11-26,2025-12-02,,,
M002916,Rajasthan,Fashion/Retail,Tier 2,Online,2025-12-07,1,1,1,0,0,0,2025-12-10,2025-12-09,2025-12-17,,
M002917,Madhya Pradesh,Fashion/Retail,Tier 2,Field sales,2026-02-12,1,1,1,1,0,1,2026-02-14,2026-02-12,2026-02-16,2026-03-04,2026-03-03
M002918,Bihar,Services,Tier 2,Organic QR,2026-06-11,1,1,1,0,0,0,2026-06-11,2026-06-15,2026-06-20,,
M002919,Madhya Pradesh,Other,Tier 2,Field sales,2026-05-07,1,1,0,0,0,0,2026-05-07,2026-05-10,,,
M002920,Karnataka,Food & Beverage,Tier 2,Organic QR,2025-11-16,1,1,0,0,0,0,2025-11-16,2025-11-20,,,
M002921,Uttar Pradesh,Pharmacy,Tier 1,Field sales,2025-10-27,1,0,0,0,0,0,2025-10-29,,,,
M002922,Maharashtra,Pharmacy,Tier 3+,Referral,2026-04-08,1,1,0,0,0,0,2026-04-11,2026-04-15,,,
M002923,Bihar,Pharmacy,Tier 3+,Organic QR,2025-08-15,1,1,1,1,0,0,2025-08-17,2025-08-20,2025-08-24,2025-09-10,
M002924,Telangana,Pharmacy,Tier 2,Organic QR,2026-01-14,0,0,0,0,0,0,,,,,
M002925,Uttar Pradesh,Kirana/Grocery,Tier 3+,Field sales,2025-12-02,1,1,0,0,0,0,2025-12-04,2025-12-03,,,
M002926,Maharashtra,Food & Beverage,Tier 2,Organic QR,2025-09-05,1,1,1,1,1,0,2025-09-07,2025-09-11,2025-09-11,2025-10-05,
M002927,Madhya Pradesh,Food & Beverage,Tier 2,Referral,2026-02-11,1,1,0,0,0,0,2026-02-11,2026-02-13,,,
M002928,Madhya Pradesh,Pharmacy,Tier 3+,Online,2025-10-26,1,1,0,0,0,0,2025-10-29,2025-10-30,,,
M002929,Madhya Pradesh,Pharmacy,Tier 2,Referral,2025-09-06,1,1,1,0,0,0,2025-09-08,2025-09-08,2025-09-09,,
M002930,Maharashtra,Fashion/Retail,Tier 3+,Organic QR,2026-02-24,0,0,0,0,0,0,,,,,
M002931,West Bengal,Fashion/Retail,Tier 2,Referral,2025-09-02,1,1,0,0,0,0,2025-09-05,2025-09-08,,,
M002932,Karnataka,Services,Tier 2,Organic QR,2026-03-03,1,1,1,1,1,1,2026-03-06,2026-03-06,2026-03-11,2026-03-30,2026-03-26
M002933,Telangana,Kirana/Grocery,Tier 1,Partner,2025-08-29,1,0,0,0,0,0,2025-09-01,,,,
M002934,Karnataka,Services,Tier 3+,Partner,2025-12-06,1,1,1,0,0,0,2025-12-09,2025-12-08,2025-12-14,,
M002935,Karnataka,Fashion/Retail,Tier 1,Organic QR,2026-04-21,1,1,1,1,1,1,2026-04-24,2026-04-28,2026-04-25,2026-05-23,2026-05-29
M002936,Uttar Pradesh,Services,Tier 2,Organic QR,2025-09-22,1,1,1,0,0,0,2025-09-23,2025-09-28,2025-10-02,,
M002937,Karnataka,Other,Tier 1,Partner,2026-04-07,1,1,1,1,0,1,2026-04-08,2026-04-08,2026-04-12,2026-05-12,2026-04-25
M002938,Uttar Pradesh,Other,Tier 2,Field sales,2026-03-21,1,1,1,0,0,0,2026-03-23,2026-03-21,2026-03-27,,
M002939,Rajasthan,Food & Beverage,Tier 2,Partner,2026-05-26,0,0,0,0,0,0,,,,,
M002940,Madhya Pradesh,Pharmacy,Tier 3+,Field sales,2025-08-31,1,0,0,0,0,0,2025-08-31,,,,
M002941,Bihar,Services,Tier 2,Organic QR,2026-03-19,1,1,0,0,0,0,2026-03-21,2026-03-25,,,
M002942,Rajasthan,Food & Beverage,Tier 1,Referral,2026-06-07,1,1,0,0,0,0,2026-06-09,2026-06-13,,,
M002943,Maharashtra,Kirana/Grocery,Tier 1,Field sales,2026-04-05,0,0,0,0,0,0,,,,,
M002944,Madhya Pradesh,Kirana/Grocery,Tier 1,Field sales,2025-09-07,1,1,0,0,0,0,2025-09-08,2025-09-09,,,
M002945,Maharashtra,Kirana/Grocery,Tier 3+,Organic QR,2026-04-27,1,0,0,0,0,0,2026-04-27,,,,
M002946,Karnataka,Services,Tier 3+,Field sales,2025-08-09,1,1,1,1,0,0,2025-08-09,2025-08-11,2025-08-19,2025-09-01,
M002947,Maharashtra,Kirana/Grocery,Tier 2,Field sales,2026-01-31,1,1,1,1,1,0,2026-02-02,2026-02-05,2026-02-09,2026-03-01,
M002948,Rajasthan,Food & Beverage,Tier 2,Partner,2025-12-29,1,1,1,1,1,0,2025-12-29,2026-01-03,2026-01-04,2026-01-20,
M002949,Telangana,Services,Tier 1,Field sales,2026-01-10,1,1,1,1,1,0,2026-01-13,2026-01-13,2026-01-19,2026-02-05,
M002950,Rajasthan,Food & Beverage,Tier 3+,Partner,2026-01-06,0,0,0,0,0,0,,,,,
M002951,Telangana,Fashion/Retail,Tier 3+,Field sales,2025-07-12,1,1,0,0,0,0,2025-07-12,2025-07-17,,,
M002952,Uttar Pradesh,Food & Beverage,Tier 3+,Field sales,2026-01-02,1,1,0,0,0,0,2026-01-05,2026-01-04,,,
M002953,Uttar Pradesh,Kirana/Grocery,Tier 1,Organic QR,2026-06-07,1,0,0,0,0,0,2026-06-09,,,,
M002954,Maharashtra,Other,Tier 2,Online,2025-12-07,1,1,1,1,1,1,2025-12-08,2025-12-10,2025-12-12,2026-01-07,2026-02-06
M002955,Uttar Pradesh,Fashion/Retail,Tier 3+,Organic QR,2025-10-10,0,0,0,0,0,0,,,,,
M002956,Rajasthan,Services,Tier 1,Field sales,2026-06-29,1,0,0,0,0,0,2026-06-30,,,,
M002957,Uttar Pradesh,Pharmacy,Tier 2,Organic QR,2025-08-06,1,1,1,1,0,0,2025-08-08,2025-08-09,2025-08-11,2025-09-02,
M002958,Maharashtra,Kirana/Grocery,Tier 3+,Organic QR,2025-12-25,1,0,0,0,0,0,2025-12-27,,,,
M002959,Rajasthan,Pharmacy,Tier 3+,Partner,2026-01-04,1,1,0,0,0,0,2026-01-07,2026-01-05,,,
M002960,Telangana,Kirana/Grocery,Tier 2,Field sales,2025-12-22,0,0,0,0,0,0,,,,,
M002961,Maharashtra,Food & Beverage,Tier 2,Field sales,2026-06-02,1,1,1,1,1,1,2026-06-05,2026-06-08,2026-06-10,2026-07-01,2026-07-27
M002962,Maharashtra,Kirana/Grocery,Tier 3+,Organic QR,2025-12-01,1,1,1,1,0,0,2025-12-03,2025-12-07,2025-12-06,2025-12-28,
M002963,Uttar Pradesh,Pharmacy,Tier 2,Partner,2026-06-21,1,1,1,1,0,1,2026-06-21,2026-06-25,2026-06-28,2026-07-17,2026-09-18
M002964,Telangana,Kirana/Grocery,Tier 3+,Referral,2025-07-25,1,1,1,1,0,0,2025-07-28,2025-07-27,2025-08-01,2025-08-25,
M002965,Bihar,Kirana/Grocery,Tier 2,Organic QR,2026-03-25,1,1,0,0,0,0,2026-03-26,2026-03-29,,,
M002966,Karnataka,Kirana/Grocery,Tier 3+,Partner,2026-02-02,1,1,1,0,0,0,2026-02-05,2026-02-04,2026-02-09,,
M002967,Bihar,Pharmacy,Tier 3+,Organic QR,2025-09-26,1,1,0,0,0,0,2025-09-27,2025-09-27,,,
M002968,Karnataka,Kirana/Grocery,Tier 2,Organic QR,2025-09-22,1,1,1,1,1,1,2025-09-23,2025-09-27,2025-10-02,2025-10-21,2025-12-14
M002969,Rajasthan,Services,Tier 1,Partner,2026-03-20,1,1,0,0,0,0,2026-03-22,2026-03-21,,,
M002970,Madhya Pradesh,Food & Beverage,Tier 1,Field sales,2026-02-18,1,0,0,0,0,0,2026-02-20,,,,
M002971,Uttar Pradesh,Fashion/Retail,Tier 3+,Online,2026-02-09,1,0,0,0,0,0,2026-02-09,,,,
M002972,Maharashtra,Kirana/Grocery,Tier 2,Field sales,2025-07-19,1,0,0,0,0,0,2025-07-22,,,,
M002973,Uttar Pradesh,Other,Tier 1,Partner,2026-02-04,1,1,1,1,1,1,2026-02-06,2026-02-09,2026-02-10,2026-02-28,2026-04-15
M002974,West Bengal,Food & Beverage,Tier 3+,Organic QR,2026-06-24,1,1,1,1,0,0,2026-06-27,2026-06-29,2026-07-02,2026-07-26,
M002975,West Bengal,Kirana/Grocery,Tier 3+,Online,2025-07-07,1,1,1,1,1,1,2025-07-09,2025-07-07,2025-07-13,2025-08-07,2025-08-27
M002976,Karnataka,Kirana/Grocery,Tier 3+,Field sales,2025-12-19,1,1,1,1,1,1,2025-12-21,2025-12-20,2025-12-23,2026-01-09,2026-02-17
M002977,Bihar,Kirana/Grocery,Tier 2,Online,2025-12-28,1,0,0,0,0,0,2025-12-30,,,,
M002978,Telangana,Food & Beverage,Tier 3+,Field sales,2026-05-24,1,1,0,0,0,0,2026-05-26,2026-05-28,,,
M002979,Maharashtra,Kirana/Grocery,Tier 3+,Field sales,2025-10-12,1,1,1,1,1,1,2025-10-12,2025-10-12,2025-10-17,2025-11-11,2025-10-28
M002980,Rajasthan,Fashion/Retail,Tier 1,Online,2025-12-21,1,1,1,1,1,1,2025-12-22,2025-12-27,2025-12-27,2026-01-18,2026-01-16
M002981,Uttar Pradesh,Services,Tier 3+,Field sales,2026-03-19,1,1,1,1,0,1,2026-03-22,2026-03-23,2026-03-23,2026-04-18,2026-05-26
M002982,Uttar Pradesh,Kirana/Grocery,Tier 2,Partner,2025-07-23,1,1,0,0,0,0,2025-07-24,2025-07-26,,,
M002983,Madhya Pradesh,Food & Beverage,Tier 3+,Organic QR,2026-04-19,1,0,0,0,0,0,2026-04-20,,,,
M002984,Telangana,Kirana/Grocery,Tier 3+,Online,2026-04-27,1,1,1,1,1,0,2026-04-27,2026-04-30,2026-05-04,2026-05-21,
M002985,Rajasthan,Kirana/Grocery,Tier 2,Referral,2026-03-20,1,0,0,0,0,0,2026-03-21,,,,
M002986,Telangana,Food & Beverage,Tier 2,Field sales,2026-02-22,1,1,1,1,1,0,2026-02-25,2026-02-24,2026-03-04,2026-03-15,
M002987,Maharashtra,Kirana/Grocery,Tier 1,Referral,2026-03-30,1,1,1,1,0,1,2026-04-01,2026-04-04,2026-04-04,2026-04-23,2026-06-05
M002988,Telangana,Kirana/Grocery,Tier 1,Field sales,2026-04-12,1,1,1,0,0,0,2026-04-12,2026-04-16,2026-04-19,,
M002989,West Bengal,Other,Tier 2,Partner,2026-05-26,0,0,0,0,0,0,,,,,
M002990,Uttar Pradesh,Services,Tier 3+,Referral,2025-12-04,1,1,1,1,0,0,2025-12-07,2025-12-04,2025-12-08,2026-01-01,
M002991,Maharashtra,Other,Tier 1,Partner,2025-12-14,1,1,1,1,0,1,2025-12-16,2025-12-15,2025-12-19,2026-01-15,2025-12-25
M002992,Bihar,Kirana/Grocery,Tier 1,Partner,2026-02-18,0,0,0,0,0,0,,,,,
M002993,West Bengal,Fashion/Retail,Tier 2,Referral,2025-09-09,1,1,0,0,0,0,2025-09-11,2025-09-15,,,
M002994,West Bengal,Food & Beverage,Tier 1,Organic QR,2026-05-09,1,1,1,0,0,0,2026-05-12,2026-05-16,2026-05-18,,
M002995,Uttar Pradesh,Kirana/Grocery,Tier 1,Online,2026-04-08,0,0,0,0,0,0,,,,,
M002996,Telangana,Fashion/Retail,Tier 1,Field sales,2026-02-16,1,1,0,0,0,0,2026-02-18,2026-02-22,,,
M002997,Rajasthan,Kirana/Grocery,Tier 2,Field sales,2025-10-19,1,1,1,0,0,0,2025-10-22,2025-10-20,2025-10-23,,
M002998,Madhya Pradesh,Food & Beverage,Tier 2,Referral,2025-11-04,1,1,1,1,1,1,2025-11-06,2025-11-10,2025-11-12,2025-11-29,2025-12-26
M002999,Madhya Pradesh,Fashion/Retail,Tier 3+,Field sales,2025-12-06,0,0,0,0,0,0,,,,,
M003000,Madhya Pradesh,Services,Tier 1,Organic QR,2026-02-27,1,1,1,0,0,0,2026-03-02,2026-03-04,2026-03-09,,
M003001,Uttar Pradesh,Services,Tier 1,Referral,2026-04-10,1,0,0,0,0,0,2026-04-12,,,,
M003002,Maharashtra,Food & Beverage,Tier 3+,Organic QR,2026-03-03,1,1,1,1,1,0,2026-03-06,2026-03-04,2026-03-12,2026-04-02,
M003003,Uttar Pradesh,Kirana/Grocery,Tier 3+,Field sales,2026-06-05,0,0,0,0,0,0,,,,,
M003004,Maharashtra,Other,Tier 2,Field sales,2026-06-16,1,1,1,0,0,0,2026-06-18,2026-06-21,2026-06-25,,
M003005,Maharashtra,Kirana/Grocery,Tier 3+,Field sales,2026-03-15,1,1,1,0,0,0,2026-03-16,2026-03-21,2026-03-19,,
M003006,Uttar Pradesh,Kirana/Grocery,Tier 3+,Field sales,2025-11-13,1,0,0,0,0,0,2025-11-15,,,,
M003007,Rajasthan,Kirana/Grocery,Tier 3+,Field sales,2026-02-04,1,0,0,0,0,0,2026-02-04,,,,
M003008,Madhya Pradesh,Other,Tier 2,Referral,2025-12-03,1,1,0,0,0,0,2025-12-04,2025-12-08,,,
M003009,Madhya Pradesh,Pharmacy,Tier 1,Field sales,2026-02-15,1,1,1,1,1,0,2026-02-17,2026-02-22,2026-02-18,2026-03-18,
M003010,Madhya Pradesh,Food & Beverage,Tier 1,Referral,2026-04-23,0,0,0,0,0,0,,,,,
M003011,Bihar,Other,Tier 3+,Online,2025-11-12,1,1,1,1,1,1,2025-11-15,2025-11-18,2025-11-16,2025-12-16,2025-12-17
M003012,Bihar,Kirana/Grocery,Tier 3+,Field sales,2026-01-01,1,1,0,0,0,0,2026-01-02,2026-01-06,,,
M003013,Maharashtra,Other,Tier 2,Online,2025-07-17,0,0,0,0,0,0,,,,,
M003014,Rajasthan,Kirana/Grocery,Tier 1,Field sales,2026-03-26,1,1,1,1,0,1,2026-03-27,2026-03-30,2026-04-04,2026-04-27,2026-06-03
M003015,Maharashtra,Food & Beverage,Tier 1,Partner,2025-12-26,1,1,0,0,0,0,2025-12-28,2025-12-30,,,
M003016,Maharashtra,Kirana/Grocery,Tier 2,Online,2025-12-15,1,1,1,0,0,0,2025-12-15,2025-12-22,2025-12-18,,
M003017,Maharashtra,Other,Tier 3+,Referral,2026-01-11,1,1,0,0,0,0,2026-01-13,2026-01-14,,,
M003018,Madhya Pradesh,Other,Tier 2,Field sales,2025-09-17,1,1,1,1,1,0,2025-09-18,2025-09-21,2025-09-21,2025-10-12,
M003019,Bihar,Services,Tier 2,Field sales,2026-02-04,1,1,1,0,0,0,2026-02-06,2026-02-06,2026-02-12,,
M003020,West Bengal,Kirana/Grocery,Tier 2,Field sales,2026-03-29,1,1,1,1,1,0,2026-03-31,2026-04-05,2026-04-01,2026-04-25,
M003021,West Bengal,Kirana/Grocery,Tier 3+,Online,2025-11-05,1,1,0,0,0,0,2025-11-05,2025-11-12,,,
M003022,West Bengal,Food & Beverage,Tier 3+,Field sales,2025-08-17,1,1,1,1,1,0,2025-08-19,2025-08-17,2025-08-27,2025-09-14,
M003023,Maharashtra,Food & Beverage,Tier 1,Organic QR,2025-11-19,1,1,1,1,1,0,2025-11-20,2025-11-20,2025-11-27,2025-12-14,
M003024,Madhya Pradesh,Kirana/Grocery,Tier 2,Field sales,2025-09-11,0,0,0,0,0,0,,,,,
M003025,Madhya Pradesh,Services,Tier 3+,Field sales,2025-11-14,1,1,1,1,1,0,2025-11-16,2025-11-20,2025-11-23,2025-12-06,
M003026,Madhya Pradesh,Services,Tier 3+,Organic QR,2026-02-14,0,0,0,0,0,0,,,,,
M003027,Maharashtra,Other,Tier 2,Field sales,2025-08-11,1,1,1,1,1,0,2025-08-13,2025-08-15,2025-08-19,2025-09-08,
M003028,Maharashtra,Food & Beverage,Tier 1,Organic QR,2026-03-30,1,1,1,1,1,1,2026-03-31,2026-04-04,2026-04-04,2026-05-02,2026-05-29
M003029,West Bengal,Food & Beverage,Tier 2,Organic QR,2025-09-20,1,1,1,1,0,0,2025-09-22,2025-09-21,2025-09-28,2025-10-17,
M003030,Maharashtra,Services,Tier 2,Organic QR,2026-05-23,0,0,0,0,0,0,,,,,
M003031,Telangana,Kirana/Grocery,Tier 1,Organic QR,2026-03-25,0,0,0,0,0,0,,,,,
M003032,Uttar Pradesh,Services,Tier 3+,Field sales,2025-10-08,1,1,1,1,1,0,2025-10-08,2025-10-15,2025-10-13,2025-11-06,
M003033,Maharashtra,Fashion/Retail,Tier 1,Referral,2026-01-22,1,1,0,0,0,0,2026-01-23,2026-01-28,,,
M003034,Maharashtra,Kirana/Grocery,Tier 3+,Organic QR,2025-08-10,1,0,0,0,0,0,2025-08-12,,,,
M003035,West Bengal,Food & Beverage,Tier 2,Organic QR,2025-08-06,1,1,1,1,0,1,2025-08-08,2025-08-08,2025-08-16,2025-09-05,2025-09-14
M003036,Madhya Pradesh,Fashion/Retail,Tier 1,Field sales,2026-06-14,0,0,0,0,0,0,,,,,
M003037,West Bengal,Services,Tier 2,Field sales,2026-04-19,1,1,0,0,0,0,2026-04-19,2026-04-26,,,
M003038,Karnataka,Services,Tier 2,Referral,2025-08-26,1,0,0,0,0,0,2025-08-27,,,,
M003039,Karnataka,Pharmacy,Tier 3+,Online,2025-10-12,1,1,1,0,0,0,2025-10-13,2025-10-17,2025-10-18,,
M003040,Uttar Pradesh,Services,Tier 2,Field sales,2025-09-11,1,1,1,0,0,0,2025-09-14,2025-09-17,2025-09-18,,
M003041,Uttar Pradesh,Kirana/Grocery,Tier 1,Field sales,2025-11-22,1,1,1,0,0,0,2025-11-25,2025-11-26,2025-11-25,,
M003042,Maharashtra,Fashion/Retail,Tier 3+,Field sales,2025-10-15,1,1,1,1,1,0,2025-10-15,2025-10-18,2025-10-19,2025-11-18,
M003043,Bihar,Other,Tier 2,Partner,2025-10-28,1,0,0,0,0,0,2025-10-29,,,,
M003044,West Bengal,Kirana/Grocery,Tier 1,Field sales,2026-01-10,1,1,0,0,0,0,2026-01-12,2026-01-16,,,
M003045,Uttar Pradesh,Kirana/Grocery,Tier 3+,Online,2025-09-08,1,0,0,0,0,0,2025-09-09,,,,
M003046,Uttar Pradesh,Pharmacy,Tier 1,Field sales,2026-05-19,0,0,0,0,0,0,,,,,
M003047,Uttar Pradesh,Services,Tier 1,Online,2026-03-23,1,1,1,1,0,1,2026-03-25,2026-03-23,2026-03-31,2026-04-21,2026-06-15
M003048,Maharashtra,Food & Beverage,Tier 2,Field sales,2026-04-04,0,0,0,0,0,0,,,,,
M003049,Karnataka,Services,Tier 2,Field sales,2025-08-31,1,1,1,1,1,0,2025-08-31,2025-09-05,2025-09-10,2025-09-30,
M003050,Uttar Pradesh,Pharmacy,Tier 2,Field sales,2026-03-16,0,0,0,0,0,0,,,,,
M003051,Uttar Pradesh,Services,Tier 3+,Field sales,2026-05-02,1,1,0,0,0,0,2026-05-05,2026-05-09,,,
M003052,Uttar Pradesh,Kirana/Grocery,Tier 1,Online,2025-09-02,0,0,0,0,0,0,,,,,
M003053,Madhya Pradesh,Kirana/Grocery,Tier 3+,Organic QR,2026-04-01,1,1,0,0,0,0,2026-04-02,2026-04-08,,,
M003054,Karnataka,Food & Beverage,Tier 1,Field sales,2025-11-08,1,1,0,0,0,0,2025-11-08,2025-11-10,,,
M003055,Maharashtra,Other,Tier 1,Online,2026-04-14,1,1,1,0,0,0,2026-04-15,2026-04-17,2026-04-18,,
M003056,Maharashtra,Services,Tier 1,Field sales,2025-12-22,1,1,1,1,0,1,2025-12-25,2025-12-23,2026-01-01,2026-01-25,2026-02-08
M003057,Maharashtra,Food & Beverage,Tier 1,Field sales,2026-04-19,0,0,0,0,0,0,,,,,
M003058,Uttar Pradesh,Other,Tier 2,Field sales,2025-08-23,1,1,1,1,1,1,2025-08-24,2025-08-27,2025-09-01,2025-09-14,2025-09-27
M003059,Madhya Pradesh,Food & Beverage,Tier 3+,Organic QR,2025-11-20,1,1,1,1,1,0,2025-11-21,2025-11-25,2025-11-28,2025-12-12,
M003060,West Bengal,Services,Tier 3+,Online,2025-10-08,1,1,1,1,1,0,2025-10-08,2025-10-14,2025-10-15,2025-11-06,
M003061,Rajasthan,Kirana/Grocery,Tier 3+,Field sales,2025-09-29,1,1,0,0,0,0,2025-09-29,2025-10-05,,,
M003062,Uttar Pradesh,Pharmacy,Tier 1,Partner,2025-10-21,0,0,0,0,0,0,,,,,
M003063,Maharashtra,Pharmacy,Tier 3+,Field sales,2025-11-17,1,0,0,0,0,0,2025-11-20,,,,
M003064,Uttar Pradesh,Fashion/Retail,Tier 2,Field sales,2025-08-16,1,1,1,1,1,0,2025-08-18,2025-08-20,2025-08-19,2025-09-18,
M003065,Telangana,Food & Beverage,Tier 3+,Partner,2026-03-16,1,1,1,1,1,0,2026-03-18,2026-03-18,2026-03-20,2026-04-20,
M003066,Madhya Pradesh,Food & Beverage,Tier 3+,Partner,2026-01-17,1,1,0,0,0,0,2026-01-17,2026-01-20,,,
M003067,Uttar Pradesh,Kirana/Grocery,Tier 1,Organic QR,2026-04-29,1,1,0,0,0,0,2026-04-29,2026-05-02,,,
M003068,Karnataka,Other,Tier 2,Field sales,2026-03-15,0,0,0,0,0,0,,,,,
M003069,Karnataka,Kirana/Grocery,Tier 3+,Field sales,2025-08-24,1,0,0,0,0,0,2025-08-25,,,,
M003070,Maharashtra,Services,Tier 1,Partner,2025-07-26,1,1,1,1,0,0,2025-07-29,2025-07-29,2025-07-29,2025-08-21,
M003071,West Bengal,Pharmacy,Tier 3+,Organic QR,2025-12-02,1,1,1,1,1,0,2025-12-04,2025-12-04,2025-12-10,2025-12-24,
M003072,Maharashtra,Kirana/Grocery,Tier 3+,Organic QR,2025-12-23,1,1,1,1,1,0,2025-12-26,2025-12-29,2025-12-28,2026-01-23,
M003073,Maharashtra,Food & Beverage,Tier 2,Field sales,2025-09-26,1,0,0,0,0,0,2025-09-27,,,,
M003074,Karnataka,Kirana/Grocery,Tier 2,Referral,2026-04-12,1,1,1,1,1,1,2026-04-12,2026-04-17,2026-04-21,2026-05-07,2026-06-03
M003075,Madhya Pradesh,Services,Tier 2,Field sales,2026-01-29,1,1,1,1,0,0,2026-01-29,2026-02-05,2026-02-06,2026-02-21,
M003076,Uttar Pradesh,Other,Tier 3+,Partner,2026-03-31,0,0,0,0,0,0,,,,,
M003077,Rajasthan,Food & Beverage,Tier 2,Partner,2025-08-09,1,0,0,0,0,0,2025-08-09,,,,
M003078,Telangana,Other,Tier 2,Field sales,2026-04-24,0,0,0,0,0,0,,,,,
M003079,Maharashtra,Kirana/Grocery,Tier 1,Organic QR,2025-09-14,1,1,1,0,0,0,2025-09-16,2025-09-14,2025-09-23,,
M003080,Madhya Pradesh,Food & Beverage,Tier 3+,Organic QR,2025-12-11,1,1,0,0,0,0,2025-12-11,2025-12-12,,,
M003081,Karnataka,Other,Tier 3+,Organic QR,2025-12-08,1,0,0,0,0,0,2025-12-11,,,,
M003082,Maharashtra,Fashion/Retail,Tier 2,Online,2026-04-26,1,1,1,1,0,0,2026-04-28,2026-04-26,2026-05-05,2026-05-26,
M003083,Uttar Pradesh,Food & Beverage,Tier 3+,Organic QR,2025-10-10,1,1,0,0,0,0,2025-10-11,2025-10-11,,,
M003084,Maharashtra,Pharmacy,Tier 2,Field sales,2025-09-26,1,1,1,1,0,0,2025-09-28,2025-09-26,2025-09-29,2025-10-29,
M003085,Maharashtra,Fashion/Retail,Tier 3+,Field sales,2025-11-01,1,1,1,1,1,0,2025-11-03,2025-11-02,2025-11-09,2025-11-30,
M003086,Madhya Pradesh,Pharmacy,Tier 1,Partner,2025-11-09,1,1,0,0,0,0,2025-11-12,2025-11-13,,,
M003087,Uttar Pradesh,Services,Tier 1,Field sales,2025-09-05,1,1,1,1,1,0,2025-09-05,2025-09-06,2025-09-11,2025-09-30,
M003088,Karnataka,Kirana/Grocery,Tier 3+,Referral,2025-09-03,1,1,0,0,0,0,2025-09-05,2025-09-07,,,
M003089,Telangana,Kirana/Grocery,Tier 2,Field sales,2025-09-23,1,1,1,0,0,0,2025-09-24,2025-09-23,2025-10-02,,
M003090,Bihar,Services,Tier 2,Field sales,2025-12-18,1,1,0,0,0,0,2025-12-19,2025-12-23,,,
M003091,Maharashtra,Services,Tier 3+,Field sales,2025-11-03,1,1,1,0,0,0,2025-11-05,2025-11-09,2025-11-06,,
M003092,Maharashtra,Kirana/Grocery,Tier 2,Online,2025-11-21,1,1,1,1,0,1,2025-11-21,2025-11-27,2025-11-27,2025-12-13,2026-02-12
M003093,Rajasthan,Kirana/Grocery,Tier 2,Partner,2026-03-20,1,1,1,1,1,1,2026-03-21,2026-03-22,2026-03-30,2026-04-23,2026-04-28
M003094,Rajasthan,Food & Beverage,Tier 2,Organic QR,2025-09-26,1,0,0,0,0,0,2025-09-28,,,,
M003095,West Bengal,Services,Tier 2,Field sales,2026-05-29,1,1,1,0,0,0,2026-05-29,2026-05-31,2026-06-01,,
M003096,Telangana,Food & Beverage,Tier 1,Online,2026-04-01,0,0,0,0,0,0,,,,,
M003097,Maharashtra,Food & Beverage,Tier 1,Online,2025-09-02,1,1,0,0,0,0,2025-09-03,2025-09-05,,,
M003098,Uttar Pradesh,Kirana/Grocery,Tier 2,Organic QR,2025-10-23,1,1,1,1,0,1,2025-10-26,2025-10-30,2025-10-29,2025-11-14,2025-11-21
M003099,Rajasthan,Fashion/Retail,Tier 3+,Referral,2025-09-05,1,1,1,1,0,0,2025-09-06,2025-09-11,2025-09-10,2025-10-05,
M003100,Maharashtra,Services,Tier 2,Online,2025-10-08,1,0,0,0,0,0,2025-10-09,,,,
M003101,Uttar Pradesh,Kirana/Grocery,Tier 2,Field sales,2025-11-11,1,1,0,0,0,0,2025-11-11,2025-11-15,,,
M003102,Karnataka,Food & Beverage,Tier 2,Field sales,2025-08-17,1,1,0,0,0,0,2025-08-18,2025-08-24,,,
M003103,Madhya Pradesh,Food & Beverage,Tier 1,Organic QR,2025-07-06,1,1,0,0,0,0,2025-07-09,2025-07-08,,,
M003104,Madhya Pradesh,Services,Tier 2,Organic QR,2025-12-08,0,0,0,0,0,0,,,,,
M003105,Uttar Pradesh,Services,Tier 1,Referral,2026-03-13,0,0,0,0,0,0,,,,,
M003106,West Bengal,Services,Tier 2,Organic QR,2025-10-19,1,1,1,1,1,1,2025-10-19,2025-10-23,2025-10-28,2025-11-10,2025-12-14
M003107,West Bengal,Pharmacy,Tier 1,Field sales,2026-05-11,1,1,0,0,0,0,2026-05-13,2026-05-12,,,
M003108,Maharashtra,Kirana/Grocery,Tier 2,Field sales,2025-11-12,0,0,0,0,0,0,,,,,
M003109,Telangana,Food & Beverage,Tier 2,Partner,2026-05-25,1,1,0,0,0,0,2026-05-28,2026-05-25,,,
M003110,Rajasthan,Kirana/Grocery,Tier 3+,Field sales,2025-09-25,0,0,0,0,0,0,,,,,
M003111,Maharashtra,Food & Beverage,Tier 3+,Field sales,2026-01-13,1,1,1,1,1,1,2026-01-13,2026-01-18,2026-01-19,2026-02-09,2026-02-14
M003112,Uttar Pradesh,Food & Beverage,Tier 3+,Field sales,2026-04-05,0,0,0,0,0,0,,,,,
M003113,Karnataka,Pharmacy,Tier 2,Referral,2025-07-22,1,1,1,0,0,0,2025-07-24,2025-07-25,2025-07-27,,
M003114,West Bengal,Kirana/Grocery,Tier 2,Field sales,2026-06-05,1,1,1,1,1,1,2026-06-06,2026-06-09,2026-06-12,2026-07-03,2026-07-07
M003115,Uttar Pradesh,Services,Tier 1,Field sales,2025-11-11,1,1,0,0,0,0,2025-11-11,2025-11-18,,,
M003116,Bihar,Food & Beverage,Tier 1,Referral,2025-12-29,1,0,0,0,0,0,2025-12-31,,,,
M003117,Uttar Pradesh,Food & Beverage,Tier 1,Field sales,2026-02-15,1,1,0,0,0,0,2026-02-17,2026-02-18,,,
M003118,Maharashtra,Pharmacy,Tier 1,Partner,2026-02-20,1,1,1,1,1,0,2026-02-22,2026-02-27,2026-02-24,2026-03-25,
M003119,Madhya Pradesh,Kirana/Grocery,Tier 2,Field sales,2025-07-09,1,1,1,1,1,1,2025-07-09,2025-07-13,2025-07-16,2025-08-12,2025-09-03
M003120,Maharashtra,Food & Beverage,Tier 3+,Referral,2026-05-13,0,0,0,0,0,0,,,,,
M003121,Maharashtra,Food & Beverage,Tier 2,Field sales,2026-02-13,0,0,0,0,0,0,,,,,
M003122,Telangana,Pharmacy,Tier 1,Field sales,2026-06-30,0,0,0,0,0,0,,,,,
M003123,Bihar,Kirana/Grocery,Tier 2,Field sales,2025-12-20,0,0,0,0,0,0,,,,,
M003124,Telangana,Other,Tier 1,Online,2026-02-09,0,0,0,0,0,0,,,,,
M003125,Maharashtra,Other,Tier 2,Referral,2025-12-08,0,0,0,0,0,0,,,,,
M003126,Telangana,Fashion/Retail,Tier 2,Field sales,2026-05-21,1,1,1,1,1,0,2026-05-22,2026-05-23,2026-05-27,2026-06-24,
M003127,Karnataka,Kirana/Grocery,Tier 1,Field sales,2026-04-30,1,1,1,1,0,0,2026-04-30,2026-04-30,2026-05-10,2026-05-28,
M003128,Maharashtra,Services,Tier 1,Field sales,2026-05-28,0,0,0,0,0,0,,,,,
M003129,Uttar Pradesh,Kirana/Grocery,Tier 3+,Field sales,2026-01-01,1,0,0,0,0,0,2026-01-03,,,,
M003130,Maharashtra,Fashion/Retail,Tier 2,Field sales,2026-04-15,1,1,1,1,1,0,2026-04-16,2026-04-22,2026-04-22,2026-05-13,
M003131,Karnataka,Services,Tier 2,Online,2025-11-08,1,1,1,0,0,0,2025-11-10,2025-11-14,2025-11-18,,
M003132,Rajasthan,Kirana/Grocery,Tier 1,Field sales,2025-12-16,1,1,0,0,0,0,2025-12-19,2025-12-18,,,
M003133,Bihar,Food & Beverage,Tier 1,Online,2026-04-04,1,1,0,0,0,0,2026-04-04,2026-04-09,,,
M003134,Karnataka,Fashion/Retail,Tier 2,Field sales,2025-07-30,1,1,1,1,1,0,2025-07-30,2025-08-05,2025-08-04,2025-08-25,
M003135,Telangana,Fashion/Retail,Tier 3+,Referral,2026-03-17,1,1,1,1,0,1,2026-03-19,2026-03-17,2026-03-20,2026-04-09,2026-04-02
M003136,Karnataka,Services,Tier 1,Organic QR,2025-07-06,1,1,1,1,1,0,2025-07-09,2025-07-13,2025-07-11,2025-07-29,
M003137,West Bengal,Food & Beverage,Tier 1,Field sales,2026-01-28,1,1,1,0,0,0,2026-01-28,2026-01-29,2026-02-03,,
M003138,Karnataka,Pharmacy,Tier 3+,Referral,2025-12-22,1,1,1,1,1,0,2025-12-25,2025-12-23,2025-12-28,2026-01-13,
M003139,Karnataka,Fashion/Retail,Tier 2,Field sales,2025-12-19,1,0,0,0,0,0,2025-12-22,,,,
M003140,Uttar Pradesh,Pharmacy,Tier 1,Online,2025-12-28,1,1,1,1,1,1,2025-12-28,2025-12-31,2025-12-31,2026-01-31,2026-03-21
M003141,Karnataka,Food & Beverage,Tier 2,Referral,2025-12-27,1,1,1,0,0,0,2025-12-30,2025-12-29,2025-12-30,,
M003142,Maharashtra,Services,Tier 2,Online,2025-11-26,0,0,0,0,0,0,,,,,
M003143,Maharashtra,Fashion/Retail,Tier 3+,Referral,2025-12-12,1,1,1,1,1,1,2025-12-14,2025-12-15,2025-12-19,2026-01-12,2026-01-05
M003144,Rajasthan,Kirana/Grocery,Tier 1,Field sales,2026-01-24,0,0,0,0,0,0,,,,,
M003145,Rajasthan,Food & Beverage,Tier 3+,Organic QR,2026-04-05,0,0,0,0,0,0,,,,,
M003146,Rajasthan,Kirana/Grocery,Tier 1,Partner,2026-01-18,0,0,0,0,0,0,,,,,
M003147,Bihar,Food & Beverage,Tier 3+,Field sales,2026-02-20,1,1,1,1,1,0,2026-02-20,2026-02-24,2026-02-24,2026-03-27,
M003148,Telangana,Fashion/Retail,Tier 3+,Organic QR,2026-05-02,1,0,0,0,0,0,2026-05-02,,,,
M003149,West Bengal,Kirana/Grocery,Tier 3+,Field sales,2026-06-27,1,1,0,0,0,0,2026-06-28,2026-06-30,,,
M003150,Bihar,Services,Tier 3+,Partner,2025-08-09,1,1,1,1,0,0,2025-08-11,2025-08-11,2025-08-14,2025-09-03,
M003151,Madhya Pradesh,Kirana/Grocery,Tier 3+,Field sales,2026-03-18,1,1,1,1,1,0,2026-03-21,2026-03-22,2026-03-27,2026-04-18,
M003152,Bihar,Other,Tier 1,Field sales,2025-09-21,1,0,0,0,0,0,2025-09-21,,,,
M003153,Telangana,Fashion/Retail,Tier 1,Online,2025-09-10,1,1,0,0,0,0,2025-09-12,2025-09-17,,,
M003154,Karnataka,Services,Tier 2,Referral,2026-04-16,1,1,1,0,0,0,2026-04-18,2026-04-21,2026-04-22,,
M003155,Uttar Pradesh,Pharmacy,Tier 2,Field sales,2025-07-26,1,1,1,0,0,0,2025-07-27,2025-07-29,2025-08-04,,
M003156,Maharashtra,Kirana/Grocery,Tier 1,Field sales,2026-05-06,1,1,0,0,0,0,2026-05-07,2026-05-11,,,
M003157,Uttar Pradesh,Fashion/Retail,Tier 3+,Partner,2026-04-08,1,1,1,0,0,0,2026-04-09,2026-04-14,2026-04-14,,
M003158,Maharashtra,Pharmacy,Tier 3+,Field sales,2026-06-29,1,0,0,0,0,0,2026-06-30,,,,
M003159,Maharashtra,Kirana/Grocery,Tier 3+,Partner,2026-03-01,1,1,0,0,0,0,2026-03-02,2026-03-01,,,
M003160,West Bengal,Other,Tier 2,Referral,2026-05-15,0,0,0,0,0,0,,,,,
M003161,Bihar,Kirana/Grocery,Tier 3+,Field sales,2025-08-13,1,0,0,0,0,0,2025-08-15,,,,
M003162,Uttar Pradesh,Services,Tier 3+,Field sales,2026-05-21,0,0,0,0,0,0,,,,,
M003163,Telangana,Kirana/Grocery,Tier 3+,Field sales,2025-08-28,1,0,0,0,0,0,2025-08-28,,,,
M003164,Uttar Pradesh,Pharmacy,Tier 3+,Field sales,2025-10-23,1,1,1,1,0,0,2025-10-25,2025-10-24,2025-10-31,2025-11-12,
M003165,West Bengal,Kirana/Grocery,Tier 1,Organic QR,2025-08-16,1,0,0,0,0,0,2025-08-19,,,,
M003166,Rajasthan,Kirana/Grocery,Tier 1,Field sales,2025-11-24,1,1,0,0,0,0,2025-11-24,2025-12-01,,,
M003167,Rajasthan,Food & Beverage,Tier 3+,Online,2026-03-31,1,0,0,0,0,0,2026-04-02,,,,
M003168,Uttar Pradesh,Other,Tier 3+,Partner,2025-10-06,1,1,1,1,0,0,2025-10-08,2025-10-13,2025-10-11,2025-11-03,
M003169,Telangana,Kirana/Grocery,Tier 3+,Field sales,2026-04-27,1,1,1,1,0,0,2026-04-29,2026-05-02,2026-05-01,2026-05-23,
M003170,Bihar,Services,Tier 3+,Organic QR,2026-02-07,1,1,1,1,0,0,2026-02-08,2026-02-12,2026-02-12,2026-03-13,
M003171,West Bengal,Services,Tier 3+,Organic QR,2026-02-15,1,1,0,0,0,0,2026-02-18,2026-02-22,,,
M003172,Uttar Pradesh,Fashion/Retail,Tier 3+,Organic QR,2026-06-08,0,0,0,0,0,0,,,,,
M003173,Uttar Pradesh,Kirana/Grocery,Tier 3+,Organic QR,2025-12-05,1,0,0,0,0,0,2025-12-07,,,,
M003174,Uttar Pradesh,Services,Tier 3+,Field sales,2025-11-03,1,1,1,1,1,0,2025-11-04,2025-11-03,2025-11-07,2025-11-30,
M003175,Uttar Pradesh,Other,Tier 2,Field sales,2026-06-29,1,0,0,0,0,0,2026-06-30,,,,
M003176,West Bengal,Food & Beverage,Tier 1,Field sales,2026-01-20,1,1,1,1,0,0,2026-01-23,2026-01-24,2026-01-26,2026-02-17,
M003177,Bihar,Food & Beverage,Tier 1,Field sales,2026-02-10,0,0,0,0,0,0,,,,,
M003178,Telangana,Fashion/Retail,Tier 2,Partner,2025-10-17,1,1,1,1,1,0,2025-10-19,2025-10-18,2025-10-22,2025-11-19,
M003179,Telangana,Food & Beverage,Tier 3+,Online,2025-09-17,1,1,0,0,0,0,2025-09-20,2025-09-24,,,
M003180,Uttar Pradesh,Food & Beverage,Tier 3+,Partner,2025-08-31,1,1,1,1,1,0,2025-09-02,2025-08-31,2025-09-05,2025-09-25,
M003181,Maharashtra,Food & Beverage,Tier 2,Online,2025-09-20,1,1,1,0,0,0,2025-09-20,2025-09-20,2025-09-24,,
M003182,Uttar Pradesh,Fashion/Retail,Tier 1,Organic QR,2025-09-10,1,0,0,0,0,0,2025-09-13,,,,
M003183,Madhya Pradesh,Other,Tier 2,Field sales,2026-03-30,1,1,1,1,1,1,2026-04-02,2026-04-03,2026-04-05,2026-05-03,2026-06-04
M003184,Rajasthan,Services,Tier 3+,Online,2025-07-22,0,0,0,0,0,0,,,,,
M003185,Karnataka,Services,Tier 2,Field sales,2026-02-15,1,1,1,0,0,0,2026-02-15,2026-02-17,2026-02-18,,
M003186,Bihar,Food & Beverage,Tier 1,Field sales,2026-06-12,1,1,1,1,1,0,2026-06-14,2026-06-18,2026-06-18,2026-07-04,
M003187,Bihar,Kirana/Grocery,Tier 2,Online,2026-04-06,1,0,0,0,0,0,2026-04-09,,,,
M003188,Karnataka,Kirana/Grocery,Tier 2,Partner,2025-11-25,1,1,0,0,0,0,2025-11-26,2025-11-27,,,
M003189,Rajasthan,Kirana/Grocery,Tier 2,Online,2025-07-22,1,0,0,0,0,0,2025-07-25,,,,
M003190,Rajasthan,Kirana/Grocery,Tier 3+,Field sales,2026-05-01,0,0,0,0,0,0,,,,,
M003191,Madhya Pradesh,Services,Tier 3+,Referral,2025-07-02,1,1,1,1,1,0,2025-07-03,2025-07-08,2025-07-06,2025-08-04,
M003192,Maharashtra,Kirana/Grocery,Tier 1,Field sales,2026-03-06,1,1,0,0,0,0,2026-03-07,2026-03-09,,,
M003193,Karnataka,Kirana/Grocery,Tier 1,Field sales,2026-03-02,0,0,0,0,0,0,,,,,
M003194,Uttar Pradesh,Food & Beverage,Tier 2,Online,2025-09-09,0,0,0,0,0,0,,,,,
M003195,Maharashtra,Kirana/Grocery,Tier 1,Organic QR,2026-03-28,1,1,0,0,0,0,2026-03-28,2026-04-01,,,
M003196,Uttar Pradesh,Kirana/Grocery,Tier 2,Partner,2025-09-03,0,0,0,0,0,0,,,,,
M003197,Madhya Pradesh,Kirana/Grocery,Tier 1,Online,2025-09-21,1,0,0,0,0,0,2025-09-22,,,,
M003198,Maharashtra,Kirana/Grocery,Tier 1,Online,2026-04-23,1,0,0,0,0,0,2026-04-26,,,,
M003199,Uttar Pradesh,Services,Tier 3+,Field sales,2026-06-23,1,1,1,1,1,1,2026-06-25,2026-06-30,2026-06-30,2026-07-15,2026-08-12
M003200,West Bengal,Pharmacy,Tier 1,Field sales,2025-10-05,1,1,0,0,0,0,2025-10-06,2025-10-09,,,
M003201,Uttar Pradesh,Fashion/Retail,Tier 3+,Online,2026-06-02,1,0,0,0,0,0,2026-06-04,,,,
M003202,Uttar Pradesh,Pharmacy,Tier 1,Organic QR,2026-05-30,1,1,1,0,0,0,2026-05-31,2026-05-31,2026-06-05,,
M003203,Uttar Pradesh,Services,Tier 1,Organic QR,2026-04-07,0,0,0,0,0,0,,,,,
M003204,Karnataka,Other,Tier 1,Field sales,2025-08-21,1,1,0,0,0,0,2025-08-22,2025-08-28,,,
M003205,Maharashtra,Services,Tier 1,Field sales,2025-10-18,1,0,0,0,0,0,2025-10-20,,,,
M003206,Rajasthan,Services,Tier 2,Online,2026-03-05,1,1,0,0,0,0,2026-03-05,2026-03-12,,,
M003207,Uttar Pradesh,Food & Beverage,Tier 3+,Organic QR,2026-06-30,1,1,1,1,1,0,2026-07-02,2026-07-03,2026-07-06,2026-07-28,
M003208,Karnataka,Food & Beverage,Tier 3+,Referral,2026-04-24,1,1,0,0,0,0,2026-04-26,2026-04-27,,,
M003209,Maharashtra,Food & Beverage,Tier 1,Field sales,2025-12-01,1,1,0,0,0,0,2025-12-01,2025-12-07,,,
M003210,Madhya Pradesh,Kirana/Grocery,Tier 1,Field sales,2025-09-24,1,0,0,0,0,0,2025-09-26,,,,
M003211,Maharashtra,Fashion/Retail,Tier 1,Organic QR,2026-06-16,1,1,1,1,1,0,2026-06-16,2026-06-20,2026-06-23,2026-07-13,
M003212,Bihar,Kirana/Grocery,Tier 3+,Online,2025-10-09,1,0,0,0,0,0,2025-10-12,,,,
M003213,Uttar Pradesh,Pharmacy,Tier 1,Field sales,2025-11-02,1,1,0,0,0,0,2025-11-04,2025-11-02,,,
M003214,Rajasthan,Fashion/Retail,Tier 1,Field sales,2026-06-18,1,1,0,0,0,0,2026-06-20,2026-06-20,,,
M003215,Karnataka,Services,Tier 3+,Organic QR,2026-01-22,1,1,1,1,1,1,2026-01-23,2026-01-22,2026-01-25,2026-02-12,2026-02-23
M003216,Maharashtra,Kirana/Grocery,Tier 3+,Field sales,2025-10-05,1,1,1,1,1,0,2025-10-07,2025-10-07,2025-10-08,2025-10-31,
M003217,Uttar Pradesh,Food & Beverage,Tier 2,Field sales,2025-07-02,1,1,1,0,0,0,2025-07-04,2025-07-03,2025-07-08,,
M003218,Bihar,Food & Beverage,Tier 1,Organic QR,2025-12-04,1,1,0,0,0,0,2025-12-05,2025-12-11,,,
M003219,Karnataka,Other,Tier 2,Field sales,2026-06-25,1,1,1,1,0,0,2026-06-26,2026-07-02,2026-07-01,2026-07-16,
M003220,Uttar Pradesh,Pharmacy,Tier 1,Partner,2025-12-05,1,1,0,0,0,0,2025-12-06,2025-12-05,,,
M003221,Uttar Pradesh,Pharmacy,Tier 2,Field sales,2026-03-13,1,1,1,0,0,0,2026-03-14,2026-03-19,2026-03-18,,
M003222,Karnataka,Services,Tier 3+,Partner,2025-10-01,1,1,1,1,0,0,2025-10-03,2025-10-07,2025-10-07,2025-10-24,
M003223,Uttar Pradesh,Pharmacy,Tier 1,Referral,2026-04-10,0,0,0,0,0,0,,,,,
M003224,Maharashtra,Pharmacy,Tier 3+,Referral,2026-04-10,1,0,0,0,0,0,2026-04-13,,,,
M003225,Uttar Pradesh,Kirana/Grocery,Tier 2,Partner,2026-02-08,1,1,1,1,1,0,2026-02-08,2026-02-15,2026-02-12,2026-03-11,
M003226,Maharashtra,Kirana/Grocery,Tier 3+,Organic QR,2026-04-08,1,1,1,0,0,0,2026-04-09,2026-04-15,2026-04-12,,
M003227,Uttar Pradesh,Kirana/Grocery,Tier 1,Field sales,2026-01-28,1,1,1,1,1,1,2026-01-28,2026-01-30,2026-02-01,2026-02-25,2026-02-12
M003228,Telangana,Services,Tier 2,Organic QR,2025-11-16,1,1,1,1,0,0,2025-11-17,2025-11-19,2025-11-26,2025-12-16,
M003229,Uttar Pradesh,Fashion/Retail,Tier 1,Field sales,2026-03-27,1,1,1,1,0,0,2026-03-30,2026-03-28,2026-03-30,2026-04-27,
M003230,Uttar Pradesh,Services,Tier 3+,Partner,2026-05-01,1,1,0,0,0,0,2026-05-02,2026-05-07,,,
M003231,West Bengal,Services,Tier 1,Field sales,2026-05-03,0,0,0,0,0,0,,,,,
M003232,Uttar Pradesh,Other,Tier 2,Organic QR,2025-09-16,1,0,0,0,0,0,2025-09-16,,,,
M003233,Madhya Pradesh,Kirana/Grocery,Tier 3+,Organic QR,2026-03-04,1,0,0,0,0,0,2026-03-04,,,,
M003234,Karnataka,Kirana/Grocery,Tier 3+,Partner,2025-07-02,1,1,1,0,0,0,2025-07-02,2025-07-02,2025-07-12,,
M003235,Telangana,Other,Tier 2,Field sales,2026-01-25,0,0,0,0,0,0,,,,,
M003236,Maharashtra,Other,Tier 2,Organic QR,2026-01-25,1,1,1,1,1,0,2026-01-25,2026-01-29,2026-02-02,2026-02-25,
M003237,Uttar Pradesh,Pharmacy,Tier 2,Organic QR,2025-11-10,0,0,0,0,0,0,,,,,
M003238,Rajasthan,Kirana/Grocery,Tier 2,Online,2026-06-28,0,0,0,0,0,0,,,,,
M003239,Madhya Pradesh,Other,Tier 2,Partner,2026-05-19,1,1,1,1,1,0,2026-05-22,2026-05-22,2026-05-22,2026-06-17,
M003240,Uttar Pradesh,Pharmacy,Tier 1,Field sales,2025-07-15,1,1,1,0,0,0,2025-07-18,2025-07-17,2025-07-24,,
M003241,Rajasthan,Pharmacy,Tier 2,Referral,2025-09-15,1,1,0,0,0,0,2025-09-16,2025-09-22,,,
M003242,Maharashtra,Kirana/Grocery,Tier 1,Field sales,2025-09-14,1,1,0,0,0,0,2025-09-14,2025-09-17,,,
M003243,Maharashtra,Services,Tier 2,Field sales,2026-05-24,1,1,1,1,1,0,2026-05-27,2026-05-24,2026-05-29,2026-06-21,
M003244,Madhya Pradesh,Fashion/Retail,Tier 2,Field sales,2026-01-06,1,0,0,0,0,0,2026-01-08,,,,
M003245,Maharashtra,Fashion/Retail,Tier 1,Organic QR,2026-03-24,0,0,0,0,0,0,,,,,
M003246,Maharashtra,Services,Tier 3+,Partner,2026-04-22,1,1,0,0,0,0,2026-04-25,2026-04-28,,,
M003247,West Bengal,Services,Tier 3+,Organic QR,2026-04-07,1,0,0,0,0,0,2026-04-07,,,,
M003248,West Bengal,Pharmacy,Tier 2,Referral,2025-08-02,1,1,1,1,1,0,2025-08-02,2025-08-09,2025-08-08,2025-09-03,
M003249,Rajasthan,Services,Tier 3+,Organic QR,2025-08-21,1,0,0,0,0,0,2025-08-21,,,,
M003250,Telangana,Food & Beverage,Tier 1,Field sales,2025-11-22,1,0,0,0,0,0,2025-11-25,,,,
M003251,Madhya Pradesh,Kirana/Grocery,Tier 1,Organic QR,2025-11-01,0,0,0,0,0,0,,,,,
M003252,Karnataka,Kirana/Grocery,Tier 1,Partner,2026-03-30,1,1,1,0,0,0,2026-04-01,2026-04-01,2026-04-02,,
M003253,Uttar Pradesh,Pharmacy,Tier 2,Organic QR,2025-08-27,1,1,0,0,0,0,2025-08-30,2025-08-29,,,
M003254,Telangana,Kirana/Grocery,Tier 1,Organic QR,2025-11-13,1,1,0,0,0,0,2025-11-15,2025-11-18,,,
M003255,West Bengal,Kirana/Grocery,Tier 3+,Organic QR,2025-09-25,1,1,1,1,1,0,2025-09-26,2025-09-25,2025-09-28,2025-10-29,
M003256,West Bengal,Other,Tier 1,Organic QR,2025-09-07,0,0,0,0,0,0,,,,,
M003257,Rajasthan,Pharmacy,Tier 2,Field sales,2025-09-02,0,0,0,0,0,0,,,,,
M003258,Maharashtra,Kirana/Grocery,Tier 2,Online,2025-09-10,1,0,0,0,0,0,2025-09-11,,,,
M003259,Uttar Pradesh,Food & Beverage,Tier 1,Field sales,2026-01-22,1,1,1,1,1,0,2026-01-22,2026-01-27,2026-01-31,2026-02-23,
M003260,Karnataka,Pharmacy,Tier 3+,Field sales,2025-11-27,1,1,0,0,0,0,2025-11-27,2025-11-28,,,
M003261,West Bengal,Food & Beverage,Tier 2,Partner,2025-12-06,1,1,1,1,1,1,2025-12-08,2025-12-07,2025-12-13,2026-01-01,2026-01-06
M003262,Maharashtra,Food & Beverage,Tier 3+,Referral,2025-12-22,1,1,1,1,1,1,2025-12-23,2025-12-22,2025-12-28,2026-01-13,2026-02-01
M003263,Maharashtra,Food & Beverage,Tier 2,Partner,2026-03-28,0,0,0,0,0,0,,,,,
M003264,Bihar,Kirana/Grocery,Tier 2,Organic QR,2026-05-11,1,1,0,0,0,0,2026-05-13,2026-05-16,,,
M003265,Uttar Pradesh,Pharmacy,Tier 2,Online,2026-01-09,1,1,1,1,0,0,2026-01-12,2026-01-14,2026-01-19,2026-02-03,
M003266,Madhya Pradesh,Kirana/Grocery,Tier 3+,Field sales,2026-02-20,1,1,0,0,0,0,2026-02-20,2026-02-23,,,
M003267,Maharashtra,Services,Tier 2,Organic QR,2026-03-27,1,1,0,0,0,0,2026-03-29,2026-04-03,,,
M003268,Madhya Pradesh,Kirana/Grocery,Tier 2,Organic QR,2026-03-09,0,0,0,0,0,0,,,,,
M003269,Maharashtra,Kirana/Grocery,Tier 1,Organic QR,2025-08-19,1,1,0,0,0,0,2025-08-22,2025-08-19,,,
M003270,Maharashtra,Kirana/Grocery,Tier 2,Organic QR,2026-06-24,1,0,0,0,0,0,2026-06-27,,,,
M003271,Uttar Pradesh,Fashion/Retail,Tier 1,Online,2025-08-30,1,0,0,0,0,0,2025-08-30,,,,
M003272,Karnataka,Kirana/Grocery,Tier 3+,Field sales,2025-11-28,0,0,0,0,0,0,,,,,
M003273,Rajasthan,Kirana/Grocery,Tier 1,Field sales,2026-02-24,1,0,0,0,0,0,2026-02-25,,,,
M003274,Maharashtra,Kirana/Grocery,Tier 2,Organic QR,2025-11-25,1,1,1,1,0,0,2025-11-27,2025-12-02,2025-12-05,2025-12-30,
M003275,Maharashtra,Pharmacy,Tier 1,Organic QR,2025-09-27,1,1,1,1,1,0,2025-09-28,2025-10-03,2025-10-07,2025-10-28,
M003276,Bihar,Food & Beverage,Tier 1,Partner,2026-06-03,1,0,0,0,0,0,2026-06-05,,,,
M003277,Karnataka,Other,Tier 2,Online,2025-07-27,1,1,1,1,0,1,2025-07-29,2025-07-27,2025-08-02,2025-08-18,2025-08-15
M003278,Rajasthan,Services,Tier 3+,Partner,2025-09-28,1,1,1,0,0,0,2025-09-28,2025-10-01,2025-10-07,,
M003279,Bihar,Services,Tier 1,Online,2026-06-28,1,0,0,0,0,0,2026-07-01,,,,
M003280,Maharashtra,Services,Tier 1,Field sales,2026-03-24,1,1,1,1,0,0,2026-03-24,2026-03-28,2026-03-27,2026-04-18,
M003281,Bihar,Kirana/Grocery,Tier 1,Field sales,2025-08-01,1,1,1,1,1,0,2025-08-03,2025-08-05,2025-08-09,2025-09-01,
M003282,Karnataka,Other,Tier 2,Field sales,2026-04-02,1,1,1,1,1,0,2026-04-05,2026-04-05,2026-04-11,2026-05-06,
M003283,Uttar Pradesh,Other,Tier 3+,Referral,2026-06-19,0,0,0,0,0,0,,,,,
M003284,Maharashtra,Kirana/Grocery,Tier 2,Field sales,2025-08-05,1,1,0,0,0,0,2025-08-05,2025-08-07,,,
M003285,Madhya Pradesh,Services,Tier 3+,Field sales,2025-11-29,1,1,1,0,0,0,2025-11-30,2025-12-01,2025-12-02,,
M003286,Uttar Pradesh,Kirana/Grocery,Tier 2,Organic QR,2025-12-18,1,1,0,0,0,0,2025-12-19,2025-12-22,,,
M003287,Uttar Pradesh,Services,Tier 2,Field sales,2025-08-17,1,1,1,1,1,1,2025-08-18,2025-08-21,2025-08-26,2025-09-15,2025-10-20
M003288,West Bengal,Fashion/Retail,Tier 3+,Partner,2025-09-12,1,1,0,0,0,0,2025-09-15,2025-09-15,,,
M003289,Telangana,Other,Tier 1,Online,2025-09-02,1,1,0,0,0,0,2025-09-02,2025-09-03,,,
M003290,West Bengal,Food & Beverage,Tier 3+,Field sales,2025-09-06,1,1,1,1,0,1,2025-09-09,2025-09-10,2025-09-16,2025-10-10,2025-11-11
M003291,Bihar,Pharmacy,Tier 2,Organic QR,2025-11-25,1,1,0,0,0,0,2025-11-25,2025-11-26,,,
M003292,West Bengal,Pharmacy,Tier 2,Field sales,2025-12-17,1,1,1,1,0,0,2025-12-20,2025-12-20,2025-12-21,2026-01-14,
M003293,West Bengal,Kirana/Grocery,Tier 3+,Field sales,2025-09-25,1,0,0,0,0,0,2025-09-28,,,,
M003294,West Bengal,Services,Tier 2,Field sales,2025-10-14,1,1,1,1,1,0,2025-10-16,2025-10-21,2025-10-24,2025-11-15,
M003295,Maharashtra,Services,Tier 3+,Organic QR,2025-09-09,0,0,0,0,0,0,,,,,
M003296,Madhya Pradesh,Pharmacy,Tier 3+,Organic QR,2026-04-17,1,0,0,0,0,0,2026-04-20,,,,
M003297,Madhya Pradesh,Other,Tier 1,Partner,2025-09-16,1,1,1,1,1,0,2025-09-16,2025-09-21,2025-09-20,2025-10-20,
M003298,Rajasthan,Kirana/Grocery,Tier 2,Referral,2026-05-28,1,1,0,0,0,0,2026-05-28,2026-06-02,,,
M003299,Karnataka,Kirana/Grocery,Tier 3+,Field sales,2026-01-13,1,1,0,0,0,0,2026-01-13,2026-01-13,,,
M003300,West Bengal,Kirana/Grocery,Tier 1,Partner,2026-04-19,1,1,1,0,0,0,2026-04-20,2026-04-25,2026-04-29,,
M003301,Karnataka,Kirana/Grocery,Tier 3+,Partner,2026-02-18,0,0,0,0,0,0,,,,,
M003302,Uttar Pradesh,Food & Beverage,Tier 1,Field sales,2025-10-06,1,1,0,0,0,0,2025-10-07,2025-10-11,,,
M003303,Uttar Pradesh,Fashion/Retail,Tier 1,Field sales,2026-02-05,1,1,0,0,0,0,2026-02-05,2026-02-09,,,
M003304,Maharashtra,Food & Beverage,Tier 2,Field sales,2025-10-09,1,1,1,1,1,0,2025-10-09,2025-10-11,2025-10-19,2025-11-07,
M003305,Bihar,Services,Tier 3+,Field sales,2025-08-13,1,1,1,0,0,0,2025-08-16,2025-08-16,2025-08-19,,
M003306,Maharashtra,Food & Beverage,Tier 3+,Field sales,2025-10-01,1,1,1,0,0,0,2025-10-03,2025-10-03,2025-10-11,,
M003307,Bihar,Food & Beverage,Tier 2,Field sales,2025-10-09,0,0,0,0,0,0,,,,,
M003308,Madhya Pradesh,Fashion/Retail,Tier 1,Online,2025-08-19,1,0,0,0,0,0,2025-08-22,,,,
M003309,Telangana,Services,Tier 2,Online,2025-07-09,1,1,1,1,0,0,2025-07-10,2025-07-12,2025-07-16,2025-08-10,
M003310,Bihar,Food & Beverage,Tier 1,Organic QR,2026-06-10,1,1,1,1,1,1,2026-06-13,2026-06-16,2026-06-18,2026-07-03,2026-07-31
M003311,Maharashtra,Other,Tier 1,Partner,2026-01-04,1,1,1,0,0,0,2026-01-04,2026-01-05,2026-01-10,,
M003312,Madhya Pradesh,Services,Tier 2,Online,2025-11-24,1,0,0,0,0,0,2025-11-27,,,,
M003313,West Bengal,Kirana/Grocery,Tier 2,Organic QR,2026-06-05,1,0,0,0,0,0,2026-06-05,,,,
M003314,Maharashtra,Food & Beverage,Tier 1,Organic QR,2025-09-21,1,1,0,0,0,0,2025-09-23,2025-09-26,,,
M003315,Bihar,Pharmacy,Tier 1,Partner,2025-11-25,1,1,0,0,0,0,2025-11-28,2025-12-02,,,
M003316,Uttar Pradesh,Food & Beverage,Tier 2,Online,2026-05-06,0,0,0,0,0,0,,,,,
M003317,Uttar Pradesh,Fashion/Retail,Tier 1,Referral,2026-02-16,1,0,0,0,0,0,2026-02-16,,,,
M003318,Bihar,Services,Tier 3+,Field sales,2025-11-23,1,1,1,1,1,0,2025-11-26,2025-11-24,2025-11-27,2025-12-13,
M003319,Uttar Pradesh,Food & Beverage,Tier 2,Partner,2025-10-02,0,0,0,0,0,0,,,,,
M003320,Rajasthan,Fashion/Retail,Tier 1,Field sales,2025-07-13,1,1,0,0,0,0,2025-07-15,2025-07-18,,,
M003321,Karnataka,Food & Beverage,Tier 3+,Field sales,2025-08-01,1,1,1,0,0,0,2025-08-02,2025-08-01,2025-08-06,,
M003322,Telangana,Food & Beverage,Tier 2,Organic QR,2025-08-29,0,0,0,0,0,0,,,,,
M003323,Madhya Pradesh,Kirana/Grocery,Tier 3+,Partner,2026-04-14,1,1,0,0,0,0,2026-04-17,2026-04-18,,,
M003324,Maharashtra,Food & Beverage,Tier 2,Field sales,2026-02-19,1,1,1,1,0,0,2026-02-22,2026-02-21,2026-02-23,2026-03-18,
M003325,Rajasthan,Food & Beverage,Tier 2,Field sales,2025-12-06,1,1,1,1,1,1,2025-12-09,2025-12-11,2025-12-10,2026-01-05,2025-12-31
M003326,Karnataka,Kirana/Grocery,Tier 2,Partner,2026-04-12,1,1,1,1,1,1,2026-04-15,2026-04-18,2026-04-20,2026-05-07,2026-06-05
M003327,Madhya Pradesh,Services,Tier 2,Field sales,2025-08-28,1,1,1,0,0,0,2025-08-31,2025-09-04,2025-08-31,,
M003328,Uttar Pradesh,Kirana/Grocery,Tier 2,Referral,2025-09-15,1,1,1,1,0,0,2025-09-18,2025-09-15,2025-09-18,2025-10-12,
M003329,Uttar Pradesh,Kirana/Grocery,Tier 1,Organic QR,2025-11-21,1,1,1,1,0,1,2025-11-21,2025-11-23,2025-12-01,2025-12-18,2026-02-01
M003330,Karnataka,Services,Tier 2,Organic QR,2026-05-31,1,1,0,0,0,0,2026-06-01,2026-06-05,,,
M003331,Uttar Pradesh,Kirana/Grocery,Tier 1,Field sales,2026-02-10,1,1,1,1,0,0,2026-02-11,2026-02-17,2026-02-14,2026-03-08,
M003332,West Bengal,Services,Tier 3+,Online,2026-05-07,1,0,0,0,0,0,2026-05-07,,,,
M003333,Uttar Pradesh,Pharmacy,Tier 2,Online,2025-09-29,1,1,1,1,1,0,2025-09-30,2025-10-02,2025-10-06,2025-10-31,
M003334,Uttar Pradesh,Food & Beverage,Tier 3+,Field sales,2026-05-06,1,1,1,1,1,0,2026-05-09,2026-05-06,2026-05-09,2026-05-26,
M003335,Bihar,Kirana/Grocery,Tier 1,Partner,2025-07-27,1,0,0,0,0,0,2025-07-29,,,,
M003336,Telangana,Food & Beverage,Tier 2,Referral,2025-09-22,0,0,0,0,0,0,,,,,
M003337,Uttar Pradesh,Kirana/Grocery,Tier 1,Field sales,2026-01-07,0,0,0,0,0,0,,,,,
M003338,Telangana,Services,Tier 2,Organic QR,2025-07-19,1,0,0,0,0,0,2025-07-19,,,,
M003339,Maharashtra,Pharmacy,Tier 3+,Online,2026-05-10,1,1,1,1,1,1,2026-05-12,2026-05-10,2026-05-18,2026-06-02,2026-07-17
M003340,Bihar,Services,Tier 2,Organic QR,2026-05-13,1,1,0,0,0,0,2026-05-14,2026-05-13,,,
M003341,Madhya Pradesh,Food & Beverage,Tier 2,Online,2026-01-14,0,0,0,0,0,0,,,,,
M003342,West Bengal,Other,Tier 3+,Field sales,2025-10-20,1,1,1,1,0,1,2025-10-20,2025-10-20,2025-10-27,2025-11-23,2025-11-28
M003343,West Bengal,Kirana/Grocery,Tier 1,Online,2025-08-06,1,1,1,1,1,0,2025-08-06,2025-08-13,2025-08-09,2025-09-09,
M003344,Uttar Pradesh,Fashion/Retail,Tier 2,Online,2026-02-11,1,1,1,1,1,0,2026-02-11,2026-02-18,2026-02-18,2026-03-08,
M003345,Karnataka,Fashion/Retail,Tier 3+,Field sales,2026-01-13,1,1,1,0,0,0,2026-01-13,2026-01-13,2026-01-17,,
M003346,Rajasthan,Food & Beverage,Tier 1,Organic QR,2026-04-04,1,1,1,1,1,0,2026-04-06,2026-04-11,2026-04-14,2026-05-01,
M003347,West Bengal,Kirana/Grocery,Tier 2,Partner,2026-02-05,1,1,1,1,0,1,2026-02-06,2026-02-10,2026-02-12,2026-03-12,2026-02-24
M003348,Bihar,Kirana/Grocery,Tier 3+,Online,2025-08-16,0,0,0,0,0,0,,,,,
M003349,Uttar Pradesh,Other,Tier 1,Field sales,2025-08-14,1,0,0,0,0,0,2025-08-17,,,,
M003350,Bihar,Kirana/Grocery,Tier 2,Field sales,2026-04-12,1,1,1,1,1,0,2026-04-13,2026-04-16,2026-04-15,2026-05-09,
M003351,Bihar,Fashion/Retail,Tier 2,Referral,2025-08-28,1,1,1,1,0,0,2025-08-28,2025-08-31,2025-09-03,2025-09-30,
M003352,West Bengal,Services,Tier 3+,Organic QR,2026-06-08,1,1,1,1,1,1,2026-06-08,2026-06-10,2026-06-18,2026-06-29,2026-07-25
M003353,Bihar,Food & Beverage,Tier 2,Partner,2025-08-08,1,1,1,0,0,0,2025-08-08,2025-08-11,2025-08-17,,
M003354,Uttar Pradesh,Services,Tier 2,Organic QR,2026-03-23,1,1,1,1,1,0,2026-03-25,2026-03-30,2026-03-28,2026-04-24,
M003355,Karnataka,Kirana/Grocery,Tier 1,Online,2026-06-21,1,1,1,1,1,0,2026-06-23,2026-06-28,2026-06-28,2026-07-19,
M003356,Uttar Pradesh,Food & Beverage,Tier 1,Field sales,2025-12-09,1,1,1,1,1,0,2025-12-12,2025-12-14,2025-12-19,2026-01-07,
M003357,Telangana,Other,Tier 1,Online,2025-07-21,1,1,1,1,1,1,2025-07-21,2025-07-23,2025-07-27,2025-08-15,2025-08-21
M003358,West Bengal,Kirana/Grocery,Tier 1,Organic QR,2026-05-16,1,1,0,0,0,0,2026-05-16,2026-05-18,,,
M003359,Uttar Pradesh,Other,Tier 1,Online,2025-09-07,1,1,1,1,1,0,2025-09-09,2025-09-07,2025-09-15,2025-10-10,
M003360,Uttar Pradesh,Other,Tier 1,Field sales,2026-01-09,1,1,1,1,1,0,2026-01-11,2026-01-11,2026-01-15,2026-02-02,
M003361,Telangana,Kirana/Grocery,Tier 2,Partner,2026-06-25,1,1,1,0,0,0,2026-06-26,2026-06-26,2026-06-30,,
M003362,Rajasthan,Services,Tier 2,Referral,2026-03-29,1,0,0,0,0,0,2026-03-29,,,,
M003363,Uttar Pradesh,Kirana/Grocery,Tier 1,Referral,2025-07-17,1,0,0,0,0,0,2025-07-18,,,,
M003364,Maharashtra,Services,Tier 2,Field sales,2026-04-26,1,0,0,0,0,0,2026-04-28,,,,
M003365,Madhya Pradesh,Other,Tier 1,Organic QR,2025-08-28,1,0,0,0,0,0,2025-08-29,,,,
M003366,Telangana,Other,Tier 2,Field sales,2026-03-31,1,1,0,0,0,0,2026-03-31,2026-04-07,,,
M003367,Uttar Pradesh,Other,Tier 3+,Field sales,2026-02-12,1,1,0,0,0,0,2026-02-12,2026-02-19,,,
M003368,Karnataka,Kirana/Grocery,Tier 2,Partner,2025-10-14,1,1,1,1,0,0,2025-10-17,2025-10-18,2025-10-18,2025-11-07,
M003369,Uttar Pradesh,Services,Tier 1,Online,2025-12-02,0,0,0,0,0,0,,,,,
M003370,Bihar,Kirana/Grocery,Tier 2,Partner,2025-08-13,1,1,1,0,0,0,2025-08-14,2025-08-20,2025-08-23,,
M003371,West Bengal,Other,Tier 2,Field sales,2026-06-26,1,1,0,0,0,0,2026-06-26,2026-06-30,,,
M003372,Maharashtra,Kirana/Grocery,Tier 1,Field sales,2025-09-25,1,0,0,0,0,0,2025-09-26,,,,
M003373,West Bengal,Kirana/Grocery,Tier 3+,Field sales,2025-10-21,1,1,1,1,1,0,2025-10-21,2025-10-23,2025-10-28,2025-11-16,
M003374,Bihar,Kirana/Grocery,Tier 2,Field sales,2025-12-31,0,0,0,0,0,0,,,,,
M003375,Karnataka,Kirana/Grocery,Tier 1,Referral,2026-03-03,1,1,1,0,0,0,2026-03-03,2026-03-07,2026-03-10,,
M003376,Karnataka,Kirana/Grocery,Tier 2,Field sales,2026-01-01,1,1,1,1,1,1,2026-01-03,2026-01-05,2026-01-04,2026-01-30,2026-03-14
M003377,Karnataka,Kirana/Grocery,Tier 2,Field sales,2026-01-01,1,1,1,1,1,0,2026-01-03,2026-01-03,2026-01-09,2026-01-21,
M003378,Madhya Pradesh,Fashion/Retail,Tier 2,Partner,2026-01-29,0,0,0,0,0,0,,,,,
M003379,Karnataka,Fashion/Retail,Tier 3+,Field sales,2026-05-10,1,1,1,1,1,0,2026-05-12,2026-05-14,2026-05-14,2026-06-08,
M003380,Uttar Pradesh,Kirana/Grocery,Tier 3+,Organic QR,2025-11-22,0,0,0,0,0,0,,,,,
M003381,Bihar,Fashion/Retail,Tier 1,Organic QR,2026-04-30,1,1,1,1,1,0,2026-05-03,2026-05-07,2026-05-10,2026-05-24,
M003382,Madhya Pradesh,Food & Beverage,Tier 1,Field sales,2026-04-14,0,0,0,0,0,0,,,,,
M003383,Rajasthan,Fashion/Retail,Tier 1,Organic QR,2026-06-16,0,0,0,0,0,0,,,,,
M003384,Bihar,Food & Beverage,Tier 2,Organic QR,2026-05-30,1,1,1,1,1,0,2026-05-31,2026-06-06,2026-06-07,2026-06-25,
M003385,Maharashtra,Services,Tier 2,Partner,2026-04-18,0,0,0,0,0,0,,,,,
M003386,Madhya Pradesh,Food & Beverage,Tier 1,Field sales,2025-09-29,0,0,0,0,0,0,,,,,
M003387,Karnataka,Kirana/Grocery,Tier 3+,Field sales,2026-04-09,0,0,0,0,0,0,,,,,
M003388,Maharashtra,Services,Tier 1,Partner,2026-03-26,1,1,0,0,0,0,2026-03-28,2026-04-02,,,
M003389,West Bengal,Pharmacy,Tier 3+,Field sales,2025-10-14,1,0,0,0,0,0,2025-10-14,,,,
M003390,Karnataka,Pharmacy,Tier 3+,Field sales,2026-03-05,1,1,0,0,0,0,2026-03-07,2026-03-09,,,
M003391,Maharashtra,Food & Beverage,Tier 1,Field sales,2025-10-01,1,1,1,1,0,0,2025-10-03,2025-10-05,2025-10-07,2025-10-24,
M003392,Rajasthan,Services,Tier 1,Field sales,2026-01-07,1,1,1,0,0,0,2026-01-08,2026-01-13,2026-01-13,,
M003393,Telangana,Pharmacy,Tier 1,Field sales,2026-04-17,1,1,1,1,1,1,2026-04-20,2026-04-19,2026-04-20,2026-05-16,2026-05-31
M003394,Maharashtra,Kirana/Grocery,Tier 3+,Online,2025-09-07,0,0,0,0,0,0,,,,,
M003395,Rajasthan,Kirana/Grocery,Tier 2,Organic QR,2025-10-31,1,1,0,0,0,0,2025-11-03,2025-11-01,,,
M003396,Bihar,Food & Beverage,Tier 3+,Organic QR,2026-04-17,1,1,1,0,0,0,2026-04-19,2026-04-17,2026-04-25,,
M003397,Madhya Pradesh,Kirana/Grocery,Tier 2,Field sales,2025-12-13,1,1,1,1,1,0,2025-12-13,2025-12-16,2025-12-16,2026-01-03,
M003398,Maharashtra,Food & Beverage,Tier 2,Field sales,2026-06-16,1,1,1,1,0,0,2026-06-16,2026-06-17,2026-06-26,2026-07-18,
M003399,Uttar Pradesh,Kirana/Grocery,Tier 3+,Referral,2025-07-03,1,1,0,0,0,0,2025-07-05,2025-07-09,,,
M003400,Madhya Pradesh,Services,Tier 2,Partner,2026-03-21,1,1,1,0,0,0,2026-03-24,2026-03-22,2026-03-26,,
M003401,Maharashtra,Pharmacy,Tier 3+,Online,2026-04-24,1,1,1,1,1,1,2026-04-24,2026-04-24,2026-05-04,2026-05-17,2026-06-29
M003402,Karnataka,Fashion/Retail,Tier 2,Field sales,2026-06-01,1,1,0,0,0,0,2026-06-03,2026-06-04,,,
M003403,Maharashtra,Services,Tier 1,Field sales,2025-08-27,1,1,1,1,0,1,2025-08-29,2025-08-30,2025-09-05,2025-09-18,2025-09-27
M003404,Uttar Pradesh,Food & Beverage,Tier 1,Partner,2026-06-25,1,1,1,1,1,0,2026-06-27,2026-06-29,2026-07-01,2026-07-15,
M003405,Karnataka,Other,Tier 1,Field sales,2025-11-21,1,1,0,0,0,0,2025-11-21,2025-11-28,,,
M003406,Bihar,Pharmacy,Tier 3+,Field sales,2025-11-06,1,1,0,0,0,0,2025-11-06,2025-11-10,,,
M003407,West Bengal,Services,Tier 2,Field sales,2025-11-07,1,1,0,0,0,0,2025-11-08,2025-11-13,,,
M003408,Karnataka,Kirana/Grocery,Tier 2,Field sales,2026-02-18,0,0,0,0,0,0,,,,,
M003409,Rajasthan,Services,Tier 1,Referral,2026-02-26,1,0,0,0,0,0,2026-02-27,,,,
M003410,Karnataka,Services,Tier 2,Online,2025-12-20,1,1,1,0,0,0,2025-12-22,2025-12-25,2025-12-30,,
M003411,Maharashtra,Pharmacy,Tier 3+,Partner,2025-07-26,1,1,0,0,0,0,2025-07-27,2025-07-27,,,
M003412,Bihar,Fashion/Retail,Tier 2,Organic QR,2026-06-26,1,0,0,0,0,0,2026-06-28,,,,
M003413,Uttar Pradesh,Other,Tier 3+,Referral,2025-09-20,1,1,1,0,0,0,2025-09-22,2025-09-21,2025-09-28,,
M003414,West Bengal,Other,Tier 1,Partner,2025-08-04,1,1,1,1,1,1,2025-08-07,2025-08-07,2025-08-11,2025-09-08,2025-08-30
M003415,Uttar Pradesh,Services,Tier 1,Referral,2026-02-04,1,1,0,0,0,0,2026-02-05,2026-02-06,,,
M003416,Maharashtra,Other,Tier 2,Organic QR,2025-11-28,1,1,1,0,0,0,2025-11-29,2025-12-01,2025-12-02,,
M003417,Uttar Pradesh,Other,Tier 1,Online,2026-02-10,1,1,0,0,0,0,2026-02-12,2026-02-11,,,
M003418,Karnataka,Kirana/Grocery,Tier 2,Field sales,2026-05-16,1,1,0,0,0,0,2026-05-18,2026-05-16,,,
M003419,Madhya Pradesh,Services,Tier 3+,Partner,2025-08-05,1,0,0,0,0,0,2025-08-05,,,,
M003420,Bihar,Kirana/Grocery,Tier 1,Referral,2025-10-12,1,0,0,0,0,0,2025-10-13,,,,
M003421,Telangana,Kirana/Grocery,Tier 3+,Online,2026-01-05,1,1,1,1,1,0,2026-01-08,2026-01-08,2026-01-12,2026-02-05,
M003422,Uttar Pradesh,Kirana/Grocery,Tier 1,Online,2026-04-14,0,0,0,0,0,0,,,,,
M003423,Rajasthan,Food & Beverage,Tier 2,Organic QR,2026-02-05,1,1,1,0,0,0,2026-02-05,2026-02-07,2026-02-12,,
M003424,Madhya Pradesh,Kirana/Grocery,Tier 2,Partner,2025-11-17,1,0,0,0,0,0,2025-11-17,,,,
M003425,Maharashtra,Kirana/Grocery,Tier 2,Field sales,2026-02-08,1,1,0,0,0,0,2026-02-10,2026-02-12,,,
M003426,Maharashtra,Kirana/Grocery,Tier 1,Partner,2026-06-23,1,1,1,1,1,0,2026-06-26,2026-06-24,2026-06-27,2026-07-20,
M003427,Maharashtra,Services,Tier 3+,Field sales,2025-12-23,0,0,0,0,0,0,,,,,
M003428,Uttar Pradesh,Fashion/Retail,Tier 3+,Organic QR,2026-05-19,1,1,1,1,1,0,2026-05-22,2026-05-24,2026-05-26,2026-06-12,
M003429,Uttar Pradesh,Other,Tier 2,Online,2026-04-11,1,0,0,0,0,0,2026-04-13,,,,
M003430,Maharashtra,Food & Beverage,Tier 2,Referral,2025-10-18,1,1,1,1,1,0,2025-10-19,2025-10-25,2025-10-28,2025-11-18,
M003431,Uttar Pradesh,Kirana/Grocery,Tier 2,Organic QR,2025-09-30,1,1,1,1,1,0,2025-10-03,2025-10-03,2025-10-06,2025-10-27,
M003432,Uttar Pradesh,Fashion/Retail,Tier 2,Field sales,2026-04-08,1,0,0,0,0,0,2026-04-09,,,,
M003433,Maharashtra,Kirana/Grocery,Tier 2,Organic QR,2025-09-14,1,1,0,0,0,0,2025-09-15,2025-09-18,,,
M003434,West Bengal,Other,Tier 2,Field sales,2025-10-31,1,1,1,1,0,0,2025-11-01,2025-10-31,2025-11-06,2025-12-04,
M003435,Rajasthan,Pharmacy,Tier 3+,Field sales,2025-09-24,1,0,0,0,0,0,2025-09-25,,,,
M003436,Uttar Pradesh,Services,Tier 2,Online,2026-02-07,1,1,1,1,0,0,2026-02-09,2026-02-08,2026-02-14,2026-03-10,
M003437,Uttar Pradesh,Kirana/Grocery,Tier 1,Organic QR,2025-10-16,0,0,0,0,0,0,,,,,
M003438,Telangana,Kirana/Grocery,Tier 3+,Field sales,2026-02-26,1,1,1,1,1,0,2026-03-01,2026-02-26,2026-03-04,2026-04-02,
M003439,Madhya Pradesh,Services,Tier 1,Partner,2026-06-07,1,1,0,0,0,0,2026-06-09,2026-06-10,,,
M003440,Uttar Pradesh,Food & Beverage,Tier 1,Field sales,2026-04-29,0,0,0,0,0,0,,,,,
M003441,Uttar Pradesh,Fashion/Retail,Tier 3+,Organic QR,2026-06-12,1,1,1,1,1,1,2026-06-15,2026-06-15,2026-06-20,2026-07-15,2026-07-27
M003442,West Bengal,Services,Tier 1,Field sales,2025-07-09,1,1,1,1,1,0,2025-07-10,2025-07-09,2025-07-19,2025-08-07,
M003443,Madhya Pradesh,Food & Beverage,Tier 1,Field sales,2025-12-14,1,1,1,1,1,0,2025-12-16,2025-12-17,2025-12-22,2026-01-03,
M003444,Madhya Pradesh,Kirana/Grocery,Tier 2,Organic QR,2025-09-19,1,1,0,0,0,0,2025-09-21,2025-09-25,,,
M003445,Karnataka,Food & Beverage,Tier 3+,Partner,2026-06-01,0,0,0,0,0,0,,,,,
M003446,Maharashtra,Kirana/Grocery,Tier 1,Organic QR,2026-03-17,0,0,0,0,0,0,,,,,
M003447,Bihar,Services,Tier 2,Referral,2025-10-25,1,1,1,0,0,0,2025-10-26,2025-10-31,2025-11-03,,
M003448,Uttar Pradesh,Services,Tier 1,Online,2026-01-22,0,0,0,0,0,0,,,,,
M003449,Bihar,Fashion/Retail,Tier 2,Referral,2026-02-06,1,1,1,1,1,0,2026-02-09,2026-02-11,2026-02-10,2026-03-13,
M003450,Bihar,Food & Beverage,Tier 2,Online,2025-12-28,1,0,0,0,0,0,2025-12-30,,,,
M003451,Karnataka,Kirana/Grocery,Tier 1,Online,2025-12-21,1,1,1,1,0,0,2025-12-22,2025-12-27,2025-12-30,2026-01-13,
M003452,Karnataka,Fashion/Retail,Tier 3+,Referral,2025-07-21,1,1,1,0,0,0,2025-07-23,2025-07-25,2025-07-24,,
M003453,Uttar Pradesh,Pharmacy,Tier 2,Field sales,2025-12-13,1,1,1,0,0,0,2025-12-13,2025-12-15,2025-12-19,,
M003454,Karnataka,Pharmacy,Tier 3+,Field sales,2025-11-05,1,1,1,1,1,0,2025-11-08,2025-11-10,2025-11-09,2025-12-04,
M003455,Rajasthan,Services,Tier 3+,Partner,2026-04-25,0,0,0,0,0,0,,,,,
M003456,Bihar,Fashion/Retail,Tier 3+,Referral,2026-05-12,1,1,1,1,0,0,2026-05-12,2026-05-18,2026-05-16,2026-06-13,
M003457,Uttar Pradesh,Kirana/Grocery,Tier 3+,Referral,2026-03-31,0,0,0,0,0,0,,,,,
M003458,Bihar,Food & Beverage,Tier 1,Partner,2025-07-12,1,0,0,0,0,0,2025-07-13,,,,
M003459,Uttar Pradesh,Fashion/Retail,Tier 3+,Referral,2026-05-04,1,1,1,1,1,1,2026-05-07,2026-05-06,2026-05-14,2026-05-28,2026-07-13
M003460,Bihar,Kirana/Grocery,Tier 2,Partner,2025-11-22,1,0,0,0,0,0,2025-11-25,,,,
M003461,Karnataka,Fashion/Retail,Tier 1,Partner,2025-11-29,1,0,0,0,0,0,2025-11-30,,,,
M003462,Bihar,Food & Beverage,Tier 2,Field sales,2026-06-10,1,1,0,0,0,0,2026-06-12,2026-06-13,,,
M003463,Bihar,Kirana/Grocery,Tier 1,Organic QR,2026-05-13,1,1,1,1,0,1,2026-05-13,2026-05-16,2026-05-18,2026-06-14,2026-08-03
M003464,Karnataka,Kirana/Grocery,Tier 2,Field sales,2025-07-19,1,1,0,0,0,0,2025-07-22,2025-07-24,,,
M003465,Uttar Pradesh,Fashion/Retail,Tier 3+,Field sales,2025-11-09,1,1,0,0,0,0,2025-11-09,2025-11-09,,,
M003466,Madhya Pradesh,Fashion/Retail,Tier 2,Organic QR,2026-03-31,1,1,0,0,0,0,2026-04-03,2026-04-05,,,
M003467,Karnataka,Kirana/Grocery,Tier 1,Field sales,2026-01-13,1,1,1,0,0,0,2026-01-15,2026-01-14,2026-01-20,,
M003468,Bihar,Kirana/Grocery,Tier 1,Online,2025-10-03,0,0,0,0,0,0,,,,,
M003469,West Bengal,Kirana/Grocery,Tier 3+,Organic QR,2026-01-08,1,1,1,1,1,1,2026-01-09,2026-01-11,2026-01-14,2026-02-05,2026-03-29
M003470,Madhya Pradesh,Kirana/Grocery,Tier 2,Partner,2026-05-13,1,0,0,0,0,0,2026-05-14,,,,
M003471,Uttar Pradesh,Pharmacy,Tier 2,Field sales,2025-09-20,1,1,1,1,0,0,2025-09-23,2025-09-20,2025-09-28,2025-10-24,
M003472,Rajasthan,Kirana/Grocery,Tier 3+,Referral,2026-03-30,0,0,0,0,0,0,,,,,
M003473,West Bengal,Kirana/Grocery,Tier 3+,Organic QR,2026-03-26,1,1,1,0,0,0,2026-03-27,2026-04-01,2026-04-04,,
M003474,Uttar Pradesh,Kirana/Grocery,Tier 2,Organic QR,2026-05-20,1,0,0,0,0,0,2026-05-22,,,,
M003475,Maharashtra,Services,Tier 2,Partner,2025-10-17,1,0,0,0,0,0,2025-10-17,,,,
M003476,Maharashtra,Pharmacy,Tier 1,Organic QR,2025-09-17,1,1,1,0,0,0,2025-09-19,2025-09-17,2025-09-20,,
M003477,Madhya Pradesh,Services,Tier 3+,Organic QR,2026-01-16,1,1,1,1,0,0,2026-01-16,2026-01-17,2026-01-25,2026-02-06,
M003478,Uttar Pradesh,Services,Tier 2,Partner,2026-01-10,1,1,0,0,0,0,2026-01-10,2026-01-15,,,
M003479,Karnataka,Other,Tier 3+,Referral,2025-11-27,1,1,0,0,0,0,2025-11-29,2025-11-29,,,
M003480,Telangana,Food & Beverage,Tier 1,Field sales,2026-04-11,1,1,1,1,0,1,2026-04-14,2026-04-12,2026-04-19,2026-05-05,2026-04-30
M003481,Bihar,Fashion/Retail,Tier 2,Online,2026-04-18,1,0,0,0,0,0,2026-04-18,,,,
M003482,Uttar Pradesh,Services,Tier 2,Field sales,2025-09-28,1,1,1,1,0,0,2025-09-28,2025-10-02,2025-10-08,2025-10-29,
M003483,Madhya Pradesh,Kirana/Grocery,Tier 2,Field sales,2026-04-17,1,1,1,1,0,0,2026-04-17,2026-04-17,2026-04-20,2026-05-21,
M003484,Bihar,Fashion/Retail,Tier 2,Field sales,2025-09-23,1,1,1,0,0,0,2025-09-23,2025-09-25,2025-09-26,,
M003485,West Bengal,Services,Tier 3+,Field sales,2025-11-26,1,0,0,0,0,0,2025-11-27,,,,
M003486,West Bengal,Services,Tier 2,Field sales,2025-07-10,1,0,0,0,0,0,2025-07-11,,,,
M003487,Karnataka,Kirana/Grocery,Tier 3+,Referral,2025-11-02,1,1,0,0,0,0,2025-11-04,2025-11-03,,,
M003488,Rajasthan,Food & Beverage,Tier 1,Organic QR,2026-06-15,0,0,0,0,0,0,,,,,
M003489,Maharashtra,Fashion/Retail,Tier 2,Online,2025-12-09,1,1,1,0,0,0,2025-12-12,2025-12-13,2025-12-13,,
M003490,West Bengal,Kirana/Grocery,Tier 1,Field sales,2026-03-17,1,0,0,0,0,0,2026-03-17,,,,
M003491,Karnataka,Kirana/Grocery,Tier 1,Partner,2025-08-09,1,1,1,1,0,0,2025-08-10,2025-08-11,2025-08-15,2025-09-01,
M003492,Rajasthan,Kirana/Grocery,Tier 3+,Field sales,2026-02-17,1,1,1,1,0,1,2026-02-17,2026-02-22,2026-02-25,2026-03-20,2026-04-21
M003493,Madhya Pradesh,Food & Beverage,Tier 1,Organic QR,2025-11-13,0,0,0,0,0,0,,,,,
M003494,Maharashtra,Fashion/Retail,Tier 3+,Organic QR,2026-03-29,0,0,0,0,0,0,,,,,
M003495,Madhya Pradesh,Services,Tier 2,Partner,2026-06-04,1,1,1,0,0,0,2026-06-06,2026-06-05,2026-06-13,,
M003496,Maharashtra,Other,Tier 2,Partner,2026-01-11,1,1,1,1,1,0,2026-01-14,2026-01-11,2026-01-19,2026-02-06,
M003497,Uttar Pradesh,Food & Beverage,Tier 1,Field sales,2025-08-07,1,0,0,0,0,0,2025-08-10,,,,
M003498,Uttar Pradesh,Food & Beverage,Tier 2,Field sales,2025-12-21,1,0,0,0,0,0,2025-12-21,,,,
M003499,Telangana,Kirana/Grocery,Tier 3+,Organic QR,2025-08-14,1,1,1,1,1,1,2025-08-16,2025-08-15,2025-08-20,2025-09-16,2025-09-16
M003500,Rajasthan,Kirana/Grocery,Tier 2,Field sales,2025-12-12,1,1,1,1,0,1,2025-12-15,2025-12-18,2025-12-16,2026-01-07,2026-01-08
M003501,West Bengal,Pharmacy,Tier 2,Partner,2025-07-23,1,1,1,1,1,0,2025-07-26,2025-07-30,2025-07-27,2025-08-27,
M003502,Telangana,Kirana/Grocery,Tier 3+,Organic QR,2026-02-19,1,1,1,1,0,1,2026-02-19,2026-02-19,2026-02-25,2026-03-14,2026-05-10
M003503,Uttar Pradesh,Kirana/Grocery,Tier 3+,Referral,2025-10-22,1,1,1,1,0,1,2025-10-22,2025-10-22,2025-10-31,2025-11-26,2025-11-07
M003504,Madhya Pradesh,Fashion/Retail,Tier 1,Online,2025-09-12,1,1,1,1,1,0,2025-09-13,2025-09-13,2025-09-22,2025-10-13,
M003505,Bihar,Services,Tier 2,Field sales,2025-07-07,1,1,1,1,0,0,2025-07-07,2025-07-11,2025-07-10,2025-07-30,
M003506,Maharashtra,Kirana/Grocery,Tier 2,Online,2026-05-21,1,0,0,0,0,0,2026-05-22,,,,
M003507,West Bengal,Pharmacy,Tier 3+,Referral,2026-05-02,1,1,0,0,0,0,2026-05-02,2026-05-09,,,
M003508,Maharashtra,Services,Tier 1,Field sales,2026-04-23,1,1,1,1,0,0,2026-04-26,2026-04-29,2026-05-03,2026-05-18,
M003509,Rajasthan,Fashion/Retail,Tier 2,Referral,2025-07-22,1,1,1,1,1,1,2025-07-25,2025-07-23,2025-07-27,2025-08-12,2025-09-15
M003510,Uttar Pradesh,Pharmacy,Tier 3+,Organic QR,2025-11-05,1,0,0,0,0,0,2025-11-06,,,,
M003511,Madhya Pradesh,Kirana/Grocery,Tier 2,Partner,2026-06-20,1,1,1,1,0,0,2026-06-22,2026-06-27,2026-06-27,2026-07-25,
M003512,Maharashtra,Kirana/Grocery,Tier 2,Partner,2026-01-28,1,1,1,1,1,1,2026-01-28,2026-01-30,2026-02-05,2026-02-19,2026-04-11
M003513,Maharashtra,Kirana/Grocery,Tier 3+,Online,2025-08-16,0,0,0,0,0,0,,,,,
M003514,Bihar,Pharmacy,Tier 1,Referral,2025-08-21,0,0,0,0,0,0,,,,,
M003515,Maharashtra,Services,Tier 2,Referral,2025-10-05,1,1,0,0,0,0,2025-10-06,2025-10-07,,,
M003516,Uttar Pradesh,Pharmacy,Tier 3+,Field sales,2026-06-20,1,1,1,0,0,0,2026-06-23,2026-06-26,2026-06-26,,
M003517,Bihar,Services,Tier 3+,Online,2025-08-31,1,1,1,0,0,0,2025-09-03,2025-09-02,2025-09-04,,
M003518,Rajasthan,Food & Beverage,Tier 3+,Partner,2026-05-26,1,1,1,0,0,0,2026-05-27,2026-05-31,2026-05-30,,
M003519,Karnataka,Kirana/Grocery,Tier 2,Referral,2026-03-05,1,1,1,1,0,1,2026-03-07,2026-03-08,2026-03-14,2026-03-25,2026-06-01
M003520,Telangana,Kirana/Grocery,Tier 1,Online,2026-06-02,1,1,1,0,0,0,2026-06-02,2026-06-08,2026-06-10,,
M003521,West Bengal,Food & Beverage,Tier 2,Field sales,2026-04-28,1,0,0,0,0,0,2026-05-01,,,,
M003522,Uttar Pradesh,Services,Tier 1,Field sales,2025-10-30,1,1,1,0,0,0,2025-10-30,2025-11-04,2025-11-05,,
M003523,Maharashtra,Other,Tier 3+,Referral,2026-04-29,1,0,0,0,0,0,2026-04-29,,,,
M003524,Karnataka,Kirana/Grocery,Tier 1,Online,2025-08-31,0,0,0,0,0,0,,,,,
M003525,Telangana,Services,Tier 2,Referral,2025-10-15,1,1,0,0,0,0,2025-10-17,2025-10-22,,,
M003526,West Bengal,Kirana/Grocery,Tier 2,Organic QR,2025-09-16,1,1,0,0,0,0,2025-09-19,2025-09-19,,,
M003527,Telangana,Pharmacy,Tier 1,Field sales,2025-08-18,1,0,0,0,0,0,2025-08-20,,,,
M003528,Maharashtra,Kirana/Grocery,Tier 1,Organic QR,2025-08-02,0,0,0,0,0,0,,,,,
M003529,Uttar Pradesh,Services,Tier 2,Organic QR,2025-09-07,0,0,0,0,0,0,,,,,
M003530,Maharashtra,Kirana/Grocery,Tier 1,Online,2025-08-13,1,1,1,1,1,1,2025-08-14,2025-08-15,2025-08-23,2025-09-11,2025-09-29
M003531,Karnataka,Kirana/Grocery,Tier 3+,Organic QR,2025-11-16,0,0,0,0,0,0,,,,,
M003532,West Bengal,Services,Tier 3+,Organic QR,2025-07-27,0,0,0,0,0,0,,,,,
M003533,Bihar,Food & Beverage,Tier 1,Organic QR,2025-07-23,0,0,0,0,0,0,,,,,
M003534,Maharashtra,Food & Beverage,Tier 3+,Online,2026-06-27,1,1,1,0,0,0,2026-06-28,2026-06-29,2026-07-03,,
M003535,Uttar Pradesh,Food & Beverage,Tier 2,Partner,2025-08-02,0,0,0,0,0,0,,,,,
M003536,Maharashtra,Other,Tier 1,Field sales,2025-07-28,1,1,1,1,1,1,2025-07-28,2025-08-01,2025-08-05,2025-08-24,2025-08-20
M003537,Maharashtra,Kirana/Grocery,Tier 1,Organic QR,2025-07-11,1,1,0,0,0,0,2025-07-11,2025-07-18,,,
M003538,Rajasthan,Services,Tier 3+,Organic QR,2025-08-18,1,1,1,1,1,0,2025-08-18,2025-08-19,2025-08-28,2025-09-17,
M003539,Uttar Pradesh,Fashion/Retail,Tier 2,Field sales,2026-01-09,1,1,1,0,0,0,2026-01-10,2026-01-12,2026-01-14,,
M003540,Bihar,Services,Tier 1,Partner,2026-04-28,0,0,0,0,0,0,,,,,
M003541,West Bengal,Food & Beverage,Tier 3+,Field sales,2026-03-26,1,1,0,0,0,0,2026-03-28,2026-03-27,,,
M003542,Karnataka,Services,Tier 3+,Organic QR,2026-01-28,1,1,0,0,0,0,2026-01-28,2026-01-29,,,
M003543,West Bengal,Kirana/Grocery,Tier 3+,Organic QR,2025-08-01,1,0,0,0,0,0,2025-08-03,,,,
M003544,Uttar Pradesh,Services,Tier 2,Organic QR,2026-04-09,1,1,1,1,0,0,2026-04-11,2026-04-14,2026-04-13,2026-05-06,
M003545,Karnataka,Food & Beverage,Tier 3+,Organic QR,2025-07-14,1,1,0,0,0,0,2025-07-14,2025-07-21,,,
M003546,Madhya Pradesh,Pharmacy,Tier 2,Partner,2026-02-16,1,1,1,1,0,0,2026-02-17,2026-02-23,2026-02-22,2026-03-11,
M003547,Maharashtra,Fashion/Retail,Tier 1,Field sales,2025-11-27,1,1,1,1,1,0,2025-11-28,2025-12-01,2025-12-03,2025-12-26,
M003548,Uttar Pradesh,Kirana/Grocery,Tier 3+,Field sales,2026-05-18,1,1,0,0,0,0,2026-05-21,2026-05-18,,,
M003549,Bihar,Kirana/Grocery,Tier 2,Referral,2025-10-21,1,1,1,1,1,0,2025-10-22,2025-10-27,2025-10-28,2025-11-23,
M003550,Karnataka,Food & Beverage,Tier 3+,Online,2026-02-19,1,1,0,0,0,0,2026-02-22,2026-02-24,,,
M003551,Madhya Pradesh,Services,Tier 2,Field sales,2025-12-08,1,1,1,1,1,0,2025-12-08,2025-12-10,2025-12-15,2025-12-29,
M003552,Karnataka,Food & Beverage,Tier 2,Field sales,2026-01-07,1,0,0,0,0,0,2026-01-10,,,,
M003553,Madhya Pradesh,Services,Tier 1,Online,2026-06-08,0,0,0,0,0,0,,,,,
M003554,Maharashtra,Services,Tier 2,Field sales,2026-03-18,1,1,0,0,0,0,2026-03-21,2026-03-25,,,
M003555,Maharashtra,Other,Tier 3+,Online,2025-11-29,0,0,0,0,0,0,,,,,
M003556,Uttar Pradesh,Food & Beverage,Tier 3+,Referral,2025-12-11,1,1,0,0,0,0,2025-12-13,2025-12-12,,,
M003557,Madhya Pradesh,Kirana/Grocery,Tier 2,Field sales,2026-03-15,1,1,1,1,1,0,2026-03-18,2026-03-19,2026-03-22,2026-04-08,
M003558,Maharashtra,Food & Beverage,Tier 1,Field sales,2025-11-04,1,1,1,1,0,0,2025-11-06,2025-11-05,2025-11-07,2025-12-07,
M003559,Madhya Pradesh,Services,Tier 1,Online,2025-08-31,1,1,0,0,0,0,2025-09-01,2025-09-04,,,
M003560,Karnataka,Kirana/Grocery,Tier 3+,Field sales,2025-12-18,1,0,0,0,0,0,2025-12-18,,,,
M003561,Uttar Pradesh,Kirana/Grocery,Tier 2,Organic QR,2025-07-25,1,1,0,0,0,0,2025-07-28,2025-07-31,,,
M003562,Telangana,Food & Beverage,Tier 3+,Field sales,2025-08-31,1,1,1,1,0,0,2025-08-31,2025-09-05,2025-09-09,2025-10-04,
M003563,Maharashtra,Pharmacy,Tier 1,Partner,2025-12-01,1,1,1,0,0,0,2025-12-03,2025-12-08,2025-12-06,,
M003564,West Bengal,Other,Tier 1,Referral,2026-04-17,1,1,1,1,1,0,2026-04-17,2026-04-23,2026-04-26,2026-05-10,
M003565,Uttar Pradesh,Food & Beverage,Tier 2,Partner,2026-04-12,1,1,1,1,0,1,2026-04-12,2026-04-19,2026-04-19,2026-05-14,2026-05-27
M003566,Bihar,Kirana/Grocery,Tier 2,Field sales,2025-10-04,1,1,1,1,0,1,2025-10-05,2025-10-11,2025-10-09,2025-10-30,2025-12-14
M003567,Uttar Pradesh,Food & Beverage,Tier 2,Organic QR,2025-12-02,0,0,0,0,0,0,,,,,
M003568,Uttar Pradesh,Food & Beverage,Tier 1,Partner,2025-08-26,0,0,0,0,0,0,,,,,
M003569,Rajasthan,Other,Tier 3+,Field sales,2026-04-02,1,1,1,1,0,1,2026-04-05,2026-04-07,2026-04-12,2026-05-03,2026-05-24
M003570,West Bengal,Food & Beverage,Tier 2,Referral,2025-09-28,1,1,1,1,0,0,2025-09-28,2025-09-30,2025-10-03,2025-10-27,
M003571,Bihar,Pharmacy,Tier 3+,Partner,2026-04-18,0,0,0,0,0,0,,,,,
M003572,Uttar Pradesh,Other,Tier 2,Field sales,2026-05-04,1,1,1,0,0,0,2026-05-04,2026-05-09,2026-05-10,,
M003573,Rajasthan,Services,Tier 2,Online,2026-03-09,1,1,0,0,0,0,2026-03-09,2026-03-09,,,
M003574,Rajasthan,Kirana/Grocery,Tier 2,Organic QR,2025-10-29,1,1,1,1,1,0,2025-10-30,2025-10-31,2025-11-03,2025-11-24,
M003575,Uttar Pradesh,Services,Tier 2,Field sales,2026-06-13,1,1,0,0,0,0,2026-06-14,2026-06-16,,,
M003576,Rajasthan,Food & Beverage,Tier 2,Field sales,2026-03-08,1,1,0,0,0,0,2026-03-11,2026-03-11,,,
M003577,Uttar Pradesh,Food & Beverage,Tier 2,Field sales,2026-02-21,1,1,1,0,0,0,2026-02-22,2026-02-23,2026-02-28,,
M003578,Bihar,Other,Tier 1,Field sales,2026-05-09,1,1,1,1,0,1,2026-05-12,2026-05-09,2026-05-12,2026-05-29,2026-07-25
M003579,West Bengal,Kirana/Grocery,Tier 3+,Field sales,2026-05-18,1,1,1,1,1,1,2026-05-21,2026-05-25,2026-05-26,2026-06-12,2026-07-22
M003580,West Bengal,Food & Beverage,Tier 2,Referral,2025-07-29,1,1,1,1,1,0,2025-07-30,2025-08-02,2025-08-01,2025-08-27,
M003581,Madhya Pradesh,Kirana/Grocery,Tier 1,Partner,2026-05-18,1,1,1,1,1,0,2026-05-20,2026-05-21,2026-05-22,2026-06-19,
M003582,Rajasthan,Kirana/Grocery,Tier 3+,Field sales,2026-04-06,1,1,1,0,0,0,2026-04-08,2026-04-13,2026-04-16,,
M003583,Bihar,Services,Tier 1,Partner,2025-09-14,1,1,1,1,1,0,2025-09-16,2025-09-20,2025-09-18,2025-10-07,
M003584,Maharashtra,Pharmacy,Tier 3+,Partner,2025-10-21,1,1,1,1,0,1,2025-10-24,2025-10-26,2025-10-26,2025-11-13,2026-01-16
M003585,Uttar Pradesh,Services,Tier 2,Organic QR,2026-04-01,0,0,0,0,0,0,,,,,
M003586,Karnataka,Food & Beverage,Tier 1,Online,2025-09-18,1,1,0,0,0,0,2025-09-18,2025-09-21,,,
M003587,Maharashtra,Kirana/Grocery,Tier 1,Field sales,2025-12-13,1,1,1,1,0,0,2025-12-16,2025-12-16,2025-12-19,2026-01-14,
M003588,West Bengal,Food & Beverage,Tier 1,Field sales,2026-03-09,1,1,0,0,0,0,2026-03-11,2026-03-12,,,
M003589,Madhya Pradesh,Services,Tier 1,Field sales,2026-02-23,1,1,1,1,0,0,2026-02-23,2026-02-25,2026-03-01,2026-03-18,
M003590,Uttar Pradesh,Fashion/Retail,Tier 1,Field sales,2026-05-29,0,0,0,0,0,0,,,,,
M003591,Karnataka,Services,Tier 2,Organic QR,2025-08-10,0,0,0,0,0,0,,,,,
M003592,Bihar,Fashion/Retail,Tier 1,Field sales,2025-10-16,1,1,1,0,0,0,2025-10-17,2025-10-23,2025-10-23,,
M003593,Uttar Pradesh,Fashion/Retail,Tier 2,Organic QR,2026-06-25,1,1,1,1,0,0,2026-06-25,2026-06-28,2026-06-28,2026-07-19,
M003594,Madhya Pradesh,Food & Beverage,Tier 1,Online,2026-01-24,1,1,1,1,1,0,2026-01-25,2026-01-27,2026-01-29,2026-02-19,
M003595,West Bengal,Services,Tier 1,Referral,2025-09-29,1,0,0,0,0,0,2025-09-29,,,,
M003596,Telangana,Pharmacy,Tier 1,Partner,2025-10-14,1,1,1,0,0,0,2025-10-16,2025-10-16,2025-10-20,,
M003597,Karnataka,Other,Tier 1,Partner,2025-11-01,1,1,1,1,1,0,2025-11-01,2025-11-04,2025-11-04,2025-11-30,
M003598,Karnataka,Food & Beverage,Tier 1,Partner,2026-01-19,1,0,0,0,0,0,2026-01-19,,,,
M003599,Maharashtra,Services,Tier 1,Organic QR,2025-10-12,1,1,0,0,0,0,2025-10-15,2025-10-19,,,
M003600,Uttar Pradesh,Food & Beverage,Tier 2,Organic QR,2026-02-12,0,0,0,0,0,0,,,,,
M003601,Maharashtra,Pharmacy,Tier 3+,Field sales,2025-12-10,1,1,1,1,1,0,2025-12-11,2025-12-16,2025-12-13,2026-01-04,
M003602,Maharashtra,Other,Tier 1,Field sales,2026-02-08,1,1,1,1,0,0,2026-02-08,2026-02-13,2026-02-17,2026-03-07,
M003603,Karnataka,Other,Tier 1,Organic QR,2025-08-26,0,0,0,0,0,0,,,,,
M003604,Maharashtra,Kirana/Grocery,Tier 2,Organic QR,2026-02-13,1,1,1,1,0,1,2026-02-16,2026-02-18,2026-02-23,2026-03-20,2026-04-14
M003605,Bihar,Kirana/Grocery,Tier 2,Field sales,2026-06-03,0,0,0,0,0,0,,,,,
M003606,Maharashtra,Pharmacy,Tier 1,Field sales,2025-08-19,1,1,0,0,0,0,2025-08-22,2025-08-21,,,
M003607,Madhya Pradesh,Services,Tier 3+,Referral,2025-10-28,1,1,0,0,0,0,2025-10-29,2025-10-29,,,
M003608,Karnataka,Other,Tier 3+,Field sales,2026-03-11,1,1,1,1,0,0,2026-03-12,2026-03-14,2026-03-19,2026-04-14,
M003609,Maharashtra,Food & Beverage,Tier 3+,Organic QR,2026-02-11,1,0,0,0,0,0,2026-02-13,,,,
M003610,Maharashtra,Fashion/Retail,Tier 3+,Field sales,2026-03-04,1,0,0,0,0,0,2026-03-04,,,,
M003611,Bihar,Pharmacy,Tier 2,Field sales,2026-01-21,1,1,1,0,0,0,2026-01-24,2026-01-26,2026-01-31,,
M003612,Karnataka,Kirana/Grocery,Tier 2,Referral,2026-03-07,1,1,0,0,0,0,2026-03-08,2026-03-07,,,
M003613,Uttar Pradesh,Kirana/Grocery,Tier 2,Field sales,2026-02-08,0,0,0,0,0,0,,,,,
M003614,Maharashtra,Pharmacy,Tier 3+,Field sales,2025-07-28,1,1,1,0,0,0,2025-07-29,2025-07-28,2025-08-07,,
M003615,West Bengal,Kirana/Grocery,Tier 2,Online,2026-04-01,1,0,0,0,0,0,2026-04-03,,,,
M003616,Maharashtra,Fashion/Retail,Tier 2,Organic QR,2025-12-11,1,1,0,0,0,0,2025-12-12,2025-12-11,,,
M003617,Uttar Pradesh,Services,Tier 1,Partner,2025-07-19,0,0,0,0,0,0,,,,,
M003618,Madhya Pradesh,Food & Beverage,Tier 2,Partner,2025-11-27,1,1,1,1,0,1,2025-11-27,2025-11-27,2025-12-07,2025-12-24,2025-12-19
M003619,Karnataka,Kirana/Grocery,Tier 2,Field sales,2025-12-06,0,0,0,0,0,0,,,,,
M003620,Karnataka,Other,Tier 3+,Field sales,2025-08-01,1,0,0,0,0,0,2025-08-02,,,,
M003621,Madhya Pradesh,Pharmacy,Tier 1,Organic QR,2026-06-29,1,0,0,0,0,0,2026-07-02,,,,
M003622,Karnataka,Fashion/Retail,Tier 3+,Field sales,2025-09-20,1,1,0,0,0,0,2025-09-21,2025-09-23,,,
M003623,Maharashtra,Pharmacy,Tier 1,Field sales,2025-10-29,1,1,1,1,0,0,2025-10-29,2025-11-02,2025-11-07,2025-11-23,
M003624,Uttar Pradesh,Services,Tier 2,Partner,2025-12-08,1,0,0,0,0,0,2025-12-08,,,,
M003625,Maharashtra,Other,Tier 2,Field sales,2026-04-30,0,0,0,0,0,0,,,,,
M003626,West Bengal,Services,Tier 2,Field sales,2026-03-29,1,1,1,1,1,0,2026-04-01,2026-04-01,2026-04-02,2026-04-24,
M003627,Rajasthan,Services,Tier 2,Organic QR,2026-04-08,1,1,0,0,0,0,2026-04-11,2026-04-08,,,
M003628,Rajasthan,Kirana/Grocery,Tier 1,Organic QR,2025-09-25,1,1,1,1,0,0,2025-09-25,2025-09-25,2025-10-03,2025-10-23,
M003629,Karnataka,Kirana/Grocery,Tier 1,Partner,2026-05-05,1,0,0,0,0,0,2026-05-05,,,,
M003630,Bihar,Pharmacy,Tier 3+,Field sales,2026-04-29,1,0,0,0,0,0,2026-05-01,,,,
M003631,Rajasthan,Food & Beverage,Tier 1,Partner,2025-12-17,1,0,0,0,0,0,2025-12-18,,,,
M003632,Maharashtra,Pharmacy,Tier 3+,Referral,2026-01-16,0,0,0,0,0,0,,,,,
M003633,West Bengal,Other,Tier 3+,Organic QR,2025-07-14,1,0,0,0,0,0,2025-07-15,,,,
M003634,Uttar Pradesh,Food & Beverage,Tier 1,Referral,2026-04-04,1,1,0,0,0,0,2026-04-07,2026-04-08,,,
M003635,Madhya Pradesh,Kirana/Grocery,Tier 3+,Organic QR,2026-06-16,1,1,1,0,0,0,2026-06-19,2026-06-18,2026-06-25,,
M003636,Karnataka,Services,Tier 3+,Field sales,2025-12-20,1,1,1,1,0,0,2025-12-22,2025-12-20,2025-12-27,2026-01-15,
M003637,Maharashtra,Kirana/Grocery,Tier 3+,Field sales,2026-01-14,1,1,1,1,1,0,2026-01-16,2026-01-16,2026-01-19,2026-02-11,
M003638,Bihar,Fashion/Retail,Tier 3+,Organic QR,2025-12-30,1,0,0,0,0,0,2025-12-30,,,,
M003639,Madhya Pradesh,Services,Tier 2,Online,2025-07-31,1,0,0,0,0,0,2025-07-31,,,,
M003640,Uttar Pradesh,Food & Beverage,Tier 3+,Field sales,2026-02-12,0,0,0,0,0,0,,,,,
M003641,Maharashtra,Services,Tier 1,Field sales,2026-03-21,0,0,0,0,0,0,,,,,
M003642,Madhya Pradesh,Services,Tier 1,Online,2026-06-04,1,1,1,1,0,0,2026-06-07,2026-06-06,2026-06-14,2026-07-02,
M003643,Karnataka,Food & Beverage,Tier 3+,Field sales,2026-06-05,0,0,0,0,0,0,,,,,
M003644,Telangana,Kirana/Grocery,Tier 1,Partner,2025-12-27,1,1,1,1,1,1,2025-12-27,2025-12-29,2026-01-04,2026-01-17,2026-01-11
M003645,Rajasthan,Food & Beverage,Tier 2,Field sales,2026-06-16,1,1,0,0,0,0,2026-06-18,2026-06-17,,,
M003646,Maharashtra,Other,Tier 2,Online,2026-01-09,0,0,0,0,0,0,,,,,
M003647,Maharashtra,Kirana/Grocery,Tier 2,Field sales,2026-02-20,0,0,0,0,0,0,,,,,
M003648,Maharashtra,Food & Beverage,Tier 3+,Partner,2026-02-05,1,1,0,0,0,0,2026-02-06,2026-02-07,,,
M003649,West Bengal,Kirana/Grocery,Tier 1,Organic QR,2026-06-30,1,0,0,0,0,0,2026-06-30,,,,
M003650,Telangana,Food & Beverage,Tier 1,Online,2026-03-27,1,1,1,1,0,0,2026-03-29,2026-03-28,2026-04-04,2026-04-25,
M003651,Rajasthan,Kirana/Grocery,Tier 2,Online,2025-08-13,1,1,1,1,1,1,2025-08-13,2025-08-17,2025-08-23,2025-09-10,2025-10-05
M003652,West Bengal,Pharmacy,Tier 3+,Referral,2025-07-27,1,0,0,0,0,0,2025-07-30,,,,
M003653,Rajasthan,Kirana/Grocery,Tier 3+,Field sales,2025-11-27,1,1,1,0,0,0,2025-11-27,2025-11-30,2025-11-30,,
M003654,Uttar Pradesh,Services,Tier 1,Organic QR,2026-01-05,1,1,0,0,0,0,2026-01-05,2026-01-10,,,
M003655,Uttar Pradesh,Kirana/Grocery,Tier 3+,Online,2026-03-02,1,1,1,0,0,0,2026-03-04,2026-03-08,2026-03-09,,
M003656,Telangana,Food & Beverage,Tier 2,Partner,2025-12-23,0,0,0,0,0,0,,,,,
M003657,Rajasthan,Kirana/Grocery,Tier 3+,Online,2026-01-04,0,0,0,0,0,0,,,,,
M003658,West Bengal,Pharmacy,Tier 1,Referral,2026-06-02,1,1,1,0,0,0,2026-06-03,2026-06-05,2026-06-11,,
M003659,Madhya Pradesh,Other,Tier 2,Field sales,2025-10-31,1,1,1,1,0,1,2025-11-01,2025-11-07,2025-11-06,2025-12-04,2026-01-25
M003660,Uttar Pradesh,Kirana/Grocery,Tier 2,Field sales,2025-12-28,1,1,0,0,0,0,2025-12-29,2026-01-04,,,
M003661,Telangana,Other,Tier 2,Field sales,2026-01-20,1,1,1,1,0,0,2026-01-22,2026-01-23,2026-01-24,2026-02-16,
M003662,West Bengal,Food & Beverage,Tier 1,Partner,2025-12-18,1,0,0,0,0,0,2025-12-20,,,,
M003663,Maharashtra,Services,Tier 2,Organic QR,2026-06-19,0,0,0,0,0,0,,,,,
M003664,Madhya Pradesh,Pharmacy,Tier 2,Field sales,2026-06-17,1,0,0,0,0,0,2026-06-20,,,,
M003665,Karnataka,Kirana/Grocery,Tier 2,Partner,2026-01-04,1,1,0,0,0,0,2026-01-04,2026-01-08,,,
M003666,Bihar,Food & Beverage,Tier 2,Field sales,2025-12-12,1,1,1,1,0,1,2025-12-13,2025-12-15,2025-12-19,2026-01-07,2026-01-23
M003667,Madhya Pradesh,Kirana/Grocery,Tier 1,Organic QR,2026-01-31,1,1,1,0,0,0,2026-02-02,2026-02-05,2026-02-09,,
M003668,Uttar Pradesh,Pharmacy,Tier 3+,Organic QR,2025-09-05,1,1,1,0,0,0,2025-09-08,2025-09-05,2025-09-12,,
M003669,Karnataka,Food & Beverage,Tier 2,Organic QR,2025-12-03,1,1,0,0,0,0,2025-12-05,2025-12-06,,,
M003670,Madhya Pradesh,Other,Tier 2,Field sales,2025-09-18,1,1,0,0,0,0,2025-09-21,2025-09-21,,,
M003671,Telangana,Kirana/Grocery,Tier 3+,Partner,2025-08-22,0,0,0,0,0,0,,,,,
M003672,Telangana,Other,Tier 2,Referral,2025-08-04,1,1,1,0,0,0,2025-08-06,2025-08-11,2025-08-14,,
M003673,Uttar Pradesh,Kirana/Grocery,Tier 1,Partner,2026-01-31,1,1,0,0,0,0,2026-02-02,2026-02-06,,,
M003674,Uttar Pradesh,Services,Tier 2,Online,2025-07-01,1,0,0,0,0,0,2025-07-03,,,,
M003675,Bihar,Food & Beverage,Tier 3+,Field sales,2026-02-21,1,1,1,1,1,0,2026-02-21,2026-02-25,2026-02-28,2026-03-15,
M003676,Maharashtra,Kirana/Grocery,Tier 1,Field sales,2025-12-05,1,1,1,1,0,0,2025-12-06,2025-12-09,2025-12-09,2025-12-27,
M003677,Uttar Pradesh,Kirana/Grocery,Tier 2,Field sales,2025-11-11,1,1,1,0,0,0,2025-11-14,2025-11-16,2025-11-15,,
M003678,West Bengal,Services,Tier 1,Partner,2026-04-07,0,0,0,0,0,0,,,,,
M003679,Maharashtra,Kirana/Grocery,Tier 3+,Field sales,2026-01-13,1,1,1,1,0,1,2026-01-16,2026-01-13,2026-01-16,2026-02-11,2026-01-26
M003680,Uttar Pradesh,Services,Tier 2,Online,2026-03-25,1,1,0,0,0,0,2026-03-25,2026-03-29,,,
M003681,Rajasthan,Other,Tier 3+,Organic QR,2026-03-16,1,0,0,0,0,0,2026-03-17,,,,
M003682,West Bengal,Food & Beverage,Tier 2,Referral,2025-07-12,1,1,1,1,1,0,2025-07-15,2025-07-15,2025-07-20,2025-08-07,
M003683,Rajasthan,Kirana/Grocery,Tier 1,Organic QR,2025-09-17,0,0,0,0,0,0,,,,,
M003684,Madhya Pradesh,Kirana/Grocery,Tier 2,Partner,2026-01-25,1,1,0,0,0,0,2026-01-28,2026-01-31,,,
M003685,Karnataka,Kirana/Grocery,Tier 3+,Organic QR,2026-06-22,1,0,0,0,0,0,2026-06-24,,,,
M003686,Telangana,Food & Beverage,Tier 1,Organic QR,2025-08-26,1,0,0,0,0,0,2025-08-28,,,,
M003687,West Bengal,Pharmacy,Tier 1,Referral,2025-08-08,1,1,0,0,0,0,2025-08-11,2025-08-13,,,
M003688,West Bengal,Kirana/Grocery,Tier 3+,Field sales,2026-06-09,1,1,1,0,0,0,2026-06-11,2026-06-15,2026-06-18,,
M003689,Uttar Pradesh,Kirana/Grocery,Tier 2,Online,2026-06-18,1,0,0,0,0,0,2026-06-21,,,,
M003690,Uttar Pradesh,Services,Tier 1,Partner,2025-08-31,0,0,0,0,0,0,,,,,
M003691,Uttar Pradesh,Food & Beverage,Tier 1,Partner,2025-11-24,1,1,1,0,0,0,2025-11-27,2025-11-24,2025-11-27,,
M003692,Maharashtra,Services,Tier 2,Field sales,2026-02-14,1,0,0,0,0,0,2026-02-15,,,,
M003693,West Bengal,Other,Tier 2,Field sales,2025-09-10,1,1,1,0,0,0,2025-09-13,2025-09-16,2025-09-19,,
M003694,Madhya Pradesh,Kirana/Grocery,Tier 2,Field sales,2025-10-28,1,0,0,0,0,0,2025-10-29,,,,
M003695,Uttar Pradesh,Services,Tier 2,Partner,2025-11-22,1,1,1,0,0,0,2025-11-22,2025-11-27,2025-11-30,,
M003696,Karnataka,Fashion/Retail,Tier 3+,Field sales,2026-02-20,1,1,1,0,0,0,2026-02-20,2026-02-20,2026-02-28,,
M003697,Telangana,Pharmacy,Tier 1,Online,2025-10-21,0,0,0,0,0,0,,,,,
M003698,Maharashtra,Pharmacy,Tier 2,Online,2025-11-28,1,1,0,0,0,0,2025-11-30,2025-12-03,,,
M003699,Bihar,Fashion/Retail,Tier 2,Field sales,2025-10-14,1,0,0,0,0,0,2025-10-17,,,,
M003700,Uttar Pradesh,Services,Tier 2,Partner,2026-04-04,1,1,0,0,0,0,2026-04-04,2026-04-08,,,
M003701,Karnataka,Services,Tier 2,Field sales,2025-08-25,1,0,0,0,0,0,2025-08-27,,,,
M003702,Rajasthan,Pharmacy,Tier 2,Field sales,2025-09-23,1,1,1,1,1,0,2025-09-23,2025-09-24,2025-09-29,2025-10-21,
M003703,West Bengal,Pharmacy,Tier 3+,Field sales,2025-09-30,1,0,0,0,0,0,2025-10-02,,,,
M003704,Maharashtra,Pharmacy,Tier 1,Referral,2026-05-27,1,1,1,1,1,0,2026-05-30,2026-05-31,2026-06-02,2026-06-20,
M003705,Uttar Pradesh,Food & Beverage,Tier 1,Online,2026-06-10,1,1,0,0,0,0,2026-06-12,2026-06-16,,,
M003706,Uttar Pradesh,Fashion/Retail,Tier 2,Field sales,2025-12-30,0,0,0,0,0,0,,,,,
M003707,Maharashtra,Kirana/Grocery,Tier 2,Field sales,2025-08-27,1,1,1,1,0,0,2025-08-30,2025-08-30,2025-08-30,2025-09-18,
M003708,Uttar Pradesh,Kirana/Grocery,Tier 1,Organic QR,2026-04-02,1,1,0,0,0,0,2026-04-05,2026-04-04,,,
M003709,Rajasthan,Food & Beverage,Tier 3+,Organic QR,2025-12-27,0,0,0,0,0,0,,,,,
M003710,Maharashtra,Kirana/Grocery,Tier 3+,Field sales,2026-05-07,1,0,0,0,0,0,2026-05-09,,,,
M003711,Maharashtra,Services,Tier 2,Referral,2025-11-09,1,1,1,1,1,0,2025-11-09,2025-11-11,2025-11-18,2025-12-14,
M003712,Madhya Pradesh,Kirana/Grocery,Tier 2,Online,2026-06-30,1,1,1,1,1,0,2026-07-01,2026-07-05,2026-07-08,2026-07-30,
M003713,Telangana,Services,Tier 1,Organic QR,2026-04-21,1,1,1,1,0,0,2026-04-21,2026-04-27,2026-04-29,2026-05-19,
M003714,Rajasthan,Services,Tier 2,Online,2025-09-20,1,0,0,0,0,0,2025-09-23,,,,
M003715,Rajasthan,Kirana/Grocery,Tier 2,Partner,2026-03-22,1,1,0,0,0,0,2026-03-22,2026-03-28,,,
M003716,Madhya Pradesh,Kirana/Grocery,Tier 3+,Organic QR,2025-10-13,1,1,1,1,1,1,2025-10-16,2025-10-15,2025-10-23,2025-11-09,2025-12-11
M003717,Bihar,Services,Tier 2,Referral,2025-11-05,1,1,1,0,0,0,2025-11-07,2025-11-08,2025-11-14,,
M003718,Madhya Pradesh,Pharmacy,Tier 1,Organic QR,2025-09-30,1,0,0,0,0,0,2025-10-03,,,,
M003719,Rajasthan,Food & Beverage,Tier 1,Organic QR,2026-03-07,1,1,0,0,0,0,2026-03-10,2026-03-11,,,
M003720,Uttar Pradesh,Kirana/Grocery,Tier 1,Field sales,2025-10-04,1,1,1,1,1,1,2025-10-07,2025-10-09,2025-10-08,2025-10-24,2025-12-02
M003721,Uttar Pradesh,Kirana/Grocery,Tier 3+,Partner,2026-02-19,1,1,1,1,1,0,2026-02-19,2026-02-22,2026-02-24,2026-03-25,
M003722,Telangana,Kirana/Grocery,Tier 3+,Field sales,2026-01-29,1,0,0,0,0,0,2026-01-31,,,,
M003723,Uttar Pradesh,Kirana/Grocery,Tier 3+,Field sales,2026-04-01,1,1,1,1,0,0,2026-04-04,2026-04-06,2026-04-06,2026-04-30,
M003724,Maharashtra,Other,Tier 3+,Organic QR,2026-06-28,1,0,0,0,0,0,2026-06-28,,,,
M003725,Uttar Pradesh,Kirana/Grocery,Tier 1,Organic QR,2025-07-04,1,0,0,0,0,0,2025-07-05,,,,
M003726,Uttar Pradesh,Kirana/Grocery,Tier 3+,Field sales,2026-06-27,1,1,1,1,0,0,2026-06-27,2026-07-01,2026-07-02,2026-07-25,
M003727,Maharashtra,Fashion/Retail,Tier 3+,Field sales,2025-08-09,1,1,0,0,0,0,2025-08-11,2025-08-09,,,
M003728,Karnataka,Services,Tier 1,Online,2026-01-09,1,0,0,0,0,0,2026-01-09,,,,
M003729,Bihar,Food & Beverage,Tier 2,Organic QR,2025-11-02,1,1,1,0,0,0,2025-11-02,2025-11-09,2025-11-05,,
M003730,Uttar Pradesh,Services,Tier 2,Field sales,2026-02-19,1,1,1,0,0,0,2026-02-20,2026-02-21,2026-02-26,,
M003731,Madhya Pradesh,Other,Tier 3+,Referral,2026-03-21,1,1,0,0,0,0,2026-03-24,2026-03-28,,,
M003732,Uttar Pradesh,Kirana/Grocery,Tier 1,Referral,2026-05-10,1,0,0,0,0,0,2026-05-10,,,,
M003733,Madhya Pradesh,Kirana/Grocery,Tier 3+,Field sales,2025-11-24,1,1,1,1,0,0,2025-11-27,2025-11-27,2025-11-28,2025-12-29,
M003734,Madhya Pradesh,Fashion/Retail,Tier 3+,Organic QR,2026-06-06,1,1,0,0,0,0,2026-06-08,2026-06-10,,,
M003735,Maharashtra,Fashion/Retail,Tier 3+,Field sales,2025-10-26,1,1,1,0,0,0,2025-10-29,2025-11-02,2025-11-03,,
M003736,West Bengal,Other,Tier 1,Organic QR,2025-09-13,1,1,0,0,0,0,2025-09-16,2025-09-14,,,
M003737,Maharashtra,Food & Beverage,Tier 1,Partner,2025-11-16,1,1,1,1,1,1,2025-11-18,2025-11-16,2025-11-26,2025-12-09,2025-12-02
M003738,Rajasthan,Other,Tier 2,Field sales,2026-01-09,1,1,1,0,0,0,2026-01-12,2026-01-10,2026-01-13,,
M003739,Madhya Pradesh,Food & Beverage,Tier 2,Organic QR,2026-03-01,1,0,0,0,0,0,2026-03-03,,,,
M003740,Telangana,Pharmacy,Tier 1,Field sales,2026-04-30,1,0,0,0,0,0,2026-04-30,,,,
M003741,Rajasthan,Fashion/Retail,Tier 3+,Organic QR,2025-09-21,1,1,1,0,0,0,2025-09-23,2025-09-27,2025-09-26,,
M003742,Telangana,Kirana/Grocery,Tier 1,Field sales,2025-10-19,1,1,1,1,1,0,2025-10-19,2025-10-19,2025-10-23,2025-11-11,
M003743,Maharashtra,Kirana/Grocery,Tier 2,Referral,2026-06-08,1,1,1,0,0,0,2026-06-08,2026-06-13,2026-06-17,,
M003744,Maharashtra,Services,Tier 3+,Organic QR,2025-12-08,1,1,0,0,0,0,2025-12-11,2025-12-11,,,
M003745,Maharashtra,Fashion/Retail,Tier 2,Field sales,2025-09-27,1,1,0,0,0,0,2025-09-30,2025-09-27,,,
M003746,Maharashtra,Kirana/Grocery,Tier 3+,Referral,2026-06-25,1,1,1,1,1,0,2026-06-28,2026-06-26,2026-07-04,2026-07-26,
M003747,Rajasthan,Fashion/Retail,Tier 2,Field sales,2025-12-11,1,1,1,1,0,1,2025-12-11,2025-12-17,2025-12-19,2026-01-14,2026-02-10
M003748,Uttar Pradesh,Food & Beverage,Tier 2,Organic QR,2026-06-25,0,0,0,0,0,0,,,,,
M003749,Uttar Pradesh,Food & Beverage,Tier 1,Organic QR,2026-06-01,0,0,0,0,0,0,,,,,
M003750,Bihar,Food & Beverage,Tier 2,Field sales,2026-05-27,1,1,1,1,1,0,2026-05-30,2026-05-30,2026-06-03,2026-06-22,
M003751,Maharashtra,Other,Tier 2,Field sales,2026-01-29,1,1,0,0,0,0,2026-01-29,2026-02-02,,,
M003752,Karnataka,Kirana/Grocery,Tier 3+,Field sales,2026-04-18,1,1,1,1,1,1,2026-04-21,2026-04-20,2026-04-25,2026-05-10,2026-06-05
M003753,Bihar,Services,Tier 3+,Partner,2026-06-16,1,1,1,1,0,0,2026-06-16,2026-06-20,2026-06-20,2026-07-19,
M003754,West Bengal,Kirana/Grocery,Tier 1,Partner,2025-10-07,1,1,0,0,0,0,2025-10-07,2025-10-07,,,
M003755,Uttar Pradesh,Other,Tier 1,Field sales,2025-07-14,1,1,1,1,1,0,2025-07-14,2025-07-21,2025-07-21,2025-08-05,
M003756,Maharashtra,Fashion/Retail,Tier 2,Field sales,2025-10-26,1,1,0,0,0,0,2025-10-29,2025-11-01,,,
M003757,Madhya Pradesh,Kirana/Grocery,Tier 2,Online,2026-02-18,1,1,0,0,0,0,2026-02-21,2026-02-22,,,
M003758,West Bengal,Kirana/Grocery,Tier 1,Field sales,2026-01-16,1,1,1,1,1,1,2026-01-16,2026-01-23,2026-01-21,2026-02-12,2026-02-08
M003759,Uttar Pradesh,Food & Beverage,Tier 1,Field sales,2025-07-30,1,1,0,0,0,0,2025-08-02,2025-08-06,,,
M003760,Karnataka,Food & Beverage,Tier 1,Partner,2026-01-21,0,0,0,0,0,0,,,,,
M003761,Maharashtra,Fashion/Retail,Tier 2,Field sales,2025-09-02,1,1,0,0,0,0,2025-09-03,2025-09-05,,,
M003762,Rajasthan,Services,Tier 1,Online,2026-01-01,1,1,1,0,0,0,2026-01-04,2026-01-08,2026-01-07,,
M003763,West Bengal,Food & Beverage,Tier 3+,Field sales,2026-01-27,1,1,1,1,1,0,2026-01-28,2026-01-29,2026-02-05,2026-02-22,
M003764,Rajasthan,Pharmacy,Tier 1,Referral,2026-02-18,1,1,0,0,0,0,2026-02-20,2026-02-24,,,
M003765,Telangana,Food & Beverage,Tier 2,Field sales,2025-11-28,1,1,0,0,0,0,2025-12-01,2025-11-28,,,
M003766,Rajasthan,Kirana/Grocery,Tier 2,Field sales,2025-11-27,1,1,0,0,0,0,2025-11-28,2025-11-29,,,
M003767,Madhya Pradesh,Kirana/Grocery,Tier 1,Field sales,2026-03-05,0,0,0,0,0,0,,,,,
M003768,Uttar Pradesh,Food & Beverage,Tier 3+,Online,2026-03-31,0,0,0,0,0,0,,,,,
M003769,Madhya Pradesh,Services,Tier 2,Organic QR,2026-04-21,1,1,1,0,0,0,2026-04-22,2026-04-21,2026-05-01,,
M003770,Uttar Pradesh,Kirana/Grocery,Tier 3+,Field sales,2025-10-30,1,1,0,0,0,0,2025-11-01,2025-11-05,,,
M003771,Telangana,Services,Tier 2,Online,2025-12-02,1,1,1,1,1,0,2025-12-02,2025-12-07,2025-12-06,2025-12-25,
M003772,Rajasthan,Kirana/Grocery,Tier 2,Field sales,2025-10-29,0,0,0,0,0,0,,,,,
M003773,Uttar Pradesh,Pharmacy,Tier 1,Field sales,2026-01-09,1,1,1,0,0,0,2026-01-10,2026-01-09,2026-01-17,,
M003774,West Bengal,Kirana/Grocery,Tier 2,Field sales,2025-08-16,1,1,0,0,0,0,2025-08-19,2025-08-20,,,
M003775,Uttar Pradesh,Food & Beverage,Tier 2,Referral,2025-12-04,1,1,1,1,0,1,2025-12-06,2025-12-05,2025-12-11,2026-01-08,2025-12-16
M003776,Uttar Pradesh,Kirana/Grocery,Tier 2,Field sales,2025-09-07,1,1,1,1,0,0,2025-09-08,2025-09-13,2025-09-17,2025-10-04,
M003777,Uttar Pradesh,Food & Beverage,Tier 1,Field sales,2026-01-11,1,0,0,0,0,0,2026-01-14,,,,
M003778,Uttar Pradesh,Kirana/Grocery,Tier 1,Online,2026-05-07,1,0,0,0,0,0,2026-05-10,,,,
M003779,Telangana,Food & Beverage,Tier 1,Partner,2026-06-25,1,1,1,1,1,0,2026-06-28,2026-06-26,2026-07-02,2026-07-24,
M003780,Bihar,Pharmacy,Tier 1,Field sales,2025-12-10,1,1,1,1,0,0,2025-12-13,2025-12-14,2025-12-16,2025-12-31,
M003781,Uttar Pradesh,Kirana/Grocery,Tier 2,Organic QR,2025-07-21,1,1,0,0,0,0,2025-07-21,2025-07-26,,,
M003782,Uttar Pradesh,Pharmacy,Tier 3+,Field sales,2025-09-22,1,0,0,0,0,0,2025-09-22,,,,
M003783,Rajasthan,Services,Tier 1,Organic QR,2025-08-08,1,1,1,1,0,0,2025-08-08,2025-08-09,2025-08-18,2025-09-10,
M003784,Maharashtra,Services,Tier 1,Field sales,2026-04-04,1,1,1,1,0,1,2026-04-05,2026-04-04,2026-04-14,2026-04-30,2026-06-01
M003785,Rajasthan,Services,Tier 1,Partner,2026-06-25,1,0,0,0,0,0,2026-06-26,,,,
M003786,Uttar Pradesh,Food & Beverage,Tier 1,Referral,2026-01-19,0,0,0,0,0,0,,,,,
M003787,Uttar Pradesh,Pharmacy,Tier 2,Field sales,2025-09-03,1,0,0,0,0,0,2025-09-03,,,,
M003788,Bihar,Fashion/Retail,Tier 1,Field sales,2025-07-08,0,0,0,0,0,0,,,,,
M003789,Bihar,Fashion/Retail,Tier 3+,Field sales,2026-06-22,0,0,0,0,0,0,,,,,
M003790,Madhya Pradesh,Kirana/Grocery,Tier 3+,Referral,2025-10-24,1,1,1,1,0,0,2025-10-24,2025-10-30,2025-11-02,2025-11-14,
M003791,Telangana,Services,Tier 2,Referral,2025-08-10,0,0,0,0,0,0,,,,,
M003792,Telangana,Kirana/Grocery,Tier 3+,Referral,2025-09-03,1,1,0,0,0,0,2025-09-05,2025-09-03,,,
M003793,Bihar,Services,Tier 2,Online,2025-10-02,1,0,0,0,0,0,2025-10-04,,,,
M003794,Rajasthan,Kirana/Grocery,Tier 3+,Referral,2026-02-25,1,1,1,0,0,0,2026-02-27,2026-03-04,2026-03-07,,
M003795,Rajasthan,Kirana/Grocery,Tier 1,Online,2026-05-22,1,0,0,0,0,0,2026-05-24,,,,
M003796,Uttar Pradesh,Services,Tier 3+,Partner,2025-10-09,1,0,0,0,0,0,2025-10-10,,,,
M003797,Bihar,Fashion/Retail,Tier 1,Field sales,2026-03-08,0,0,0,0,0,0,,,,,
M003798,Karnataka,Kirana/Grocery,Tier 2,Partner,2025-07-24,0,0,0,0,0,0,,,,,
M003799,Uttar Pradesh,Services,Tier 3+,Field sales,2025-07-04,1,1,1,1,1,0,2025-07-06,2025-07-05,2025-07-12,2025-08-02,
M003800,Maharashtra,Services,Tier 2,Field sales,2025-07-21,0,0,0,0,0,0,,,,,
M003801,Uttar Pradesh,Other,Tier 1,Field sales,2026-06-02,1,0,0,0,0,0,2026-06-04,,,,
M003802,Rajasthan,Services,Tier 1,Field sales,2026-01-29,1,1,1,1,1,0,2026-01-31,2026-02-04,2026-02-03,2026-02-27,
M003803,Uttar Pradesh,Kirana/Grocery,Tier 1,Partner,2026-04-20,1,1,1,1,0,1,2026-04-21,2026-04-24,2026-04-29,2026-05-19,2026-05-25
M003804,Telangana,Kirana/Grocery,Tier 2,Field sales,2025-07-08,1,1,1,0,0,0,2025-07-08,2025-07-15,2025-07-18,,
M003805,West Bengal,Services,Tier 2,Field sales,2025-07-09,1,0,0,0,0,0,2025-07-11,,,,
M003806,Bihar,Kirana/Grocery,Tier 2,Online,2026-05-06,1,1,1,0,0,0,2026-05-09,2026-05-09,2026-05-16,,
M003807,Uttar Pradesh,Other,Tier 3+,Organic QR,2025-08-07,1,1,1,0,0,0,2025-08-09,2025-08-14,2025-08-16,,
M003808,West Bengal,Other,Tier 1,Field sales,2025-08-26,1,1,0,0,0,0,2025-08-28,2025-08-29,,,
M003809,Uttar Pradesh,Other,Tier 3+,Field sales,2026-01-06,0,0,0,0,0,0,,,,,
M003810,Madhya Pradesh,Kirana/Grocery,Tier 2,Field sales,2026-02-07,1,0,0,0,0,0,2026-02-10,,,,
M003811,Maharashtra,Pharmacy,Tier 3+,Online,2025-09-22,1,1,1,0,0,0,2025-09-24,2025-09-25,2025-09-27,,
M003812,Karnataka,Services,Tier 3+,Field sales,2025-12-10,1,1,1,1,0,1,2025-12-11,2025-12-16,2025-12-19,2026-01-11,2026-01-06
M003813,Telangana,Kirana/Grocery,Tier 3+,Online,2026-03-04,1,0,0,0,0,0,2026-03-06,,,,
M003814,Maharashtra,Kirana/Grocery,Tier 1,Field sales,2025-12-09,1,1,0,0,0,0,2025-12-11,2025-12-15,,,
M003815,Uttar Pradesh,Kirana/Grocery,Tier 2,Referral,2025-11-17,0,0,0,0,0,0,,,,,
M003816,Karnataka,Food & Beverage,Tier 3+,Field sales,2025-07-27,1,1,1,1,0,0,2025-07-28,2025-07-27,2025-07-30,2025-08-22,
M003817,Rajasthan,Other,Tier 3+,Organic QR,2025-12-12,1,0,0,0,0,0,2025-12-13,,,,
M003818,Karnataka,Fashion/Retail,Tier 1,Field sales,2026-04-20,1,0,0,0,0,0,2026-04-21,,,,
M003819,Maharashtra,Kirana/Grocery,Tier 2,Field sales,2026-02-14,1,1,0,0,0,0,2026-02-15,2026-02-19,,,
M003820,West Bengal,Services,Tier 3+,Online,2026-05-22,0,0,0,0,0,0,,,,,
M003821,Rajasthan,Kirana/Grocery,Tier 1,Partner,2025-08-16,0,0,0,0,0,0,,,,,
M003822,West Bengal,Kirana/Grocery,Tier 2,Field sales,2025-07-05,0,0,0,0,0,0,,,,,
M003823,Uttar Pradesh,Kirana/Grocery,Tier 3+,Referral,2026-01-17,1,1,1,0,0,0,2026-01-19,2026-01-24,2026-01-25,,
M003824,Maharashtra,Services,Tier 2,Field sales,2025-09-04,1,1,1,0,0,0,2025-09-04,2025-09-07,2025-09-09,,
M003825,Uttar Pradesh,Services,Tier 1,Online,2026-02-02,1,1,1,1,1,0,2026-02-04,2026-02-06,2026-02-06,2026-02-27,
M003826,Uttar Pradesh,Fashion/Retail,Tier 2,Organic QR,2026-05-26,1,0,0,0,0,0,2026-05-27,,,,
M003827,Maharashtra,Fashion/Retail,Tier 2,Field sales,2025-11-01,1,1,1,1,1,1,2025-11-01,2025-11-04,2025-11-11,2025-11-23,2026-01-16
M003828,Madhya Pradesh,Kirana/Grocery,Tier 2,Field sales,2026-01-17,0,0,0,0,0,0,,,,,
M003829,Rajasthan,Pharmacy,Tier 2,Field sales,2026-03-06,1,0,0,0,0,0,2026-03-07,,,,
M003830,Bihar,Kirana/Grocery,Tier 2,Online,2025-08-24,0,0,0,0,0,0,,,,,
M003831,Uttar Pradesh,Food & Beverage,Tier 3+,Field sales,2026-05-24,1,1,1,0,0,0,2026-05-27,2026-05-31,2026-06-01,,
M003832,Rajasthan,Services,Tier 3+,Field sales,2025-09-13,1,1,1,1,1,0,2025-09-16,2025-09-18,2025-09-21,2025-10-18,
M003833,Karnataka,Kirana/Grocery,Tier 3+,Referral,2026-04-22,1,0,0,0,0,0,2026-04-25,,,,
M003834,West Bengal,Kirana/Grocery,Tier 2,Field sales,2026-02-26,1,1,0,0,0,0,2026-02-27,2026-03-04,,,
M003835,Uttar Pradesh,Kirana/Grocery,Tier 1,Field sales,2025-08-21,1,0,0,0,0,0,2025-08-23,,,,
M003836,Maharashtra,Kirana/Grocery,Tier 3+,Partner,2026-03-22,1,1,1,1,1,0,2026-03-25,2026-03-22,2026-03-29,2026-04-16,
M003837,Maharashtra,Other,Tier 1,Field sales,2025-09-10,1,1,1,1,0,0,2025-09-11,2025-09-11,2025-09-14,2025-10-15,
M003838,Rajasthan,Kirana/Grocery,Tier 2,Referral,2026-02-04,1,1,1,1,0,0,2026-02-04,2026-02-09,2026-02-11,2026-03-04,
M003839,West Bengal,Services,Tier 1,Organic QR,2026-06-16,0,0,0,0,0,0,,,,,
M003840,West Bengal,Other,Tier 2,Field sales,2026-06-13,0,0,0,0,0,0,,,,,
M003841,Bihar,Services,Tier 2,Organic QR,2026-05-15,1,1,0,0,0,0,2026-05-17,2026-05-15,,,
M003842,West Bengal,Food & Beverage,Tier 2,Field sales,2025-12-28,1,1,0,0,0,0,2025-12-30,2025-12-31,,,
M003843,Bihar,Other,Tier 2,Organic QR,2026-01-21,1,1,1,0,0,0,2026-01-21,2026-01-28,2026-01-26,,
M003844,Telangana,Kirana/Grocery,Tier 1,Organic QR,2025-10-18,1,1,1,1,0,1,2025-10-19,2025-10-21,2025-10-28,2025-11-22,2025-11-20
M003845,Rajasthan,Kirana/Grocery,Tier 1,Referral,2026-06-02,0,0,0,0,0,0,,,,,
M003846,Maharashtra,Services,Tier 2,Organic QR,2025-12-22,1,1,1,0,0,0,2025-12-25,2025-12-22,2025-12-29,,
M003847,Karnataka,Food & Beverage,Tier 3+,Referral,2026-04-08,1,1,0,0,0,0,2026-04-11,2026-04-11,,,
M003848,Uttar Pradesh,Fashion/Retail,Tier 3+,Field sales,2025-11-09,1,1,1,0,0,0,2025-11-12,2025-11-10,2025-11-18,,
M003849,Karnataka,Kirana/Grocery,Tier 3+,Online,2026-03-28,1,0,0,0,0,0,2026-03-29,,,,
M003850,West Bengal,Services,Tier 1,Field sales,2025-09-20,1,1,1,1,1,0,2025-09-23,2025-09-27,2025-09-24,2025-10-18,
M003851,West Bengal,Pharmacy,Tier 1,Referral,2026-03-25,1,1,1,1,1,0,2026-03-26,2026-03-30,2026-03-30,2026-04-29,
M003852,Telangana,Other,Tier 2,Organic QR,2025-07-17,1,1,1,0,0,0,2025-07-18,2025-07-24,2025-07-24,,
M003853,Bihar,Kirana/Grocery,Tier 2,Field sales,2025-08-08,0,0,0,0,0,0,,,,,
M003854,Uttar Pradesh,Kirana/Grocery,Tier 3+,Field sales,2025-11-06,1,1,1,0,0,0,2025-11-06,2025-11-09,2025-11-16,,
M003855,Maharashtra,Other,Tier 3+,Online,2025-12-23,1,1,0,0,0,0,2025-12-25,2025-12-30,,,
M003856,Telangana,Services,Tier 2,Referral,2026-03-17,1,1,0,0,0,0,2026-03-19,2026-03-23,,,
M003857,Karnataka,Kirana/Grocery,Tier 2,Partner,2025-11-09,1,1,1,1,1,0,2025-11-11,2025-11-14,2025-11-12,2025-12-12,
M003858,Telangana,Kirana/Grocery,Tier 3+,Field sales,2025-07-07,1,1,1,0,0,0,2025-07-10,2025-07-09,2025-07-10,,
M003859,Karnataka,Fashion/Retail,Tier 1,Organic QR,2025-10-27,1,1,1,1,1,0,2025-10-27,2025-11-02,2025-11-04,2025-11-16,
M003860,Maharashtra,Services,Tier 3+,Field sales,2025-12-08,1,1,1,1,1,1,2025-12-11,2025-12-15,2025-12-11,2025-12-28,2026-01-24
M003861,Karnataka,Services,Tier 3+,Partner,2026-01-15,1,1,1,0,0,0,2026-01-18,2026-01-16,2026-01-20,,
M003862,West Bengal,Fashion/Retail,Tier 1,Field sales,2026-02-21,1,1,1,0,0,0,2026-02-23,2026-02-27,2026-03-01,,
M003863,Maharashtra,Kirana/Grocery,Tier 3+,Referral,2025-09-29,1,1,1,0,0,0,2025-10-01,2025-10-03,2025-10-05,,
M003864,Telangana,Kirana/Grocery,Tier 3+,Partner,2026-02-08,1,1,1,0,0,0,2026-02-11,2026-02-11,2026-02-17,,
M003865,Uttar Pradesh,Services,Tier 3+,Organic QR,2026-02-16,1,0,0,0,0,0,2026-02-16,,,,
M003866,Telangana,Fashion/Retail,Tier 1,Partner,2026-04-10,1,1,0,0,0,0,2026-04-12,2026-04-12,,,
M003867,Uttar Pradesh,Kirana/Grocery,Tier 1,Field sales,2026-01-07,1,1,0,0,0,0,2026-01-09,2026-01-08,,,
M003868,Maharashtra,Pharmacy,Tier 2,Field sales,2026-04-22,1,1,0,0,0,0,2026-04-22,2026-04-23,,,
M003869,Rajasthan,Kirana/Grocery,Tier 1,Field sales,2025-09-19,1,1,1,1,0,1,2025-09-19,2025-09-20,2025-09-22,2025-10-11,2025-11-15
M003870,Uttar Pradesh,Kirana/Grocery,Tier 1,Field sales,2026-03-17,1,0,0,0,0,0,2026-03-17,,,,
M003871,Bihar,Other,Tier 2,Field sales,2025-07-17,1,1,1,0,0,0,2025-07-20,2025-07-22,2025-07-25,,
M003872,Uttar Pradesh,Kirana/Grocery,Tier 1,Partner,2025-08-07,1,1,0,0,0,0,2025-08-09,2025-08-09,,,
M003873,Uttar Pradesh,Kirana/Grocery,Tier 3+,Partner,2026-05-12,1,1,1,0,0,0,2026-05-15,2026-05-12,2026-05-20,,
M003874,Telangana,Fashion/Retail,Tier 2,Organic QR,2025-12-21,1,1,0,0,0,0,2025-12-24,2025-12-22,,,
M003875,Karnataka,Food & Beverage,Tier 1,Online,2026-02-12,1,1,1,0,0,0,2026-02-15,2026-02-18,2026-02-17,,
M003876,Uttar Pradesh,Food & Beverage,Tier 2,Online,2026-02-06,1,1,0,0,0,0,2026-02-08,2026-02-09,,,
M003877,Maharashtra,Fashion/Retail,Tier 1,Field sales,2026-03-11,1,1,0,0,0,0,2026-03-11,2026-03-18,,,
M003878,Telangana,Kirana/Grocery,Tier 1,Organic QR,2025-09-28,1,1,1,1,1,0,2025-09-28,2025-09-30,2025-10-06,2025-10-26,
M003879,Rajasthan,Services,Tier 2,Online,2025-09-04,1,1,1,1,0,0,2025-09-04,2025-09-06,2025-09-10,2025-09-26,
M003880,Maharashtra,Food & Beverage,Tier 2,Field sales,2025-07-16,1,1,1,1,1,0,2025-07-17,2025-07-19,2025-07-25,2025-08-07,
M003881,Maharashtra,Kirana/Grocery,Tier 2,Field sales,2026-05-12,1,1,1,0,0,0,2026-05-12,2026-05-13,2026-05-21,,
M003882,Rajasthan,Pharmacy,Tier 2,Online,2025-09-20,0,0,0,0,0,0,,,,,
M003883,Uttar Pradesh,Food & Beverage,Tier 2,Referral,2026-01-26,1,1,1,1,1,0,2026-01-26,2026-01-27,2026-02-03,2026-02-18,
M003884,Madhya Pradesh,Fashion/Retail,Tier 2,Referral,2025-12-14,1,1,1,1,0,0,2025-12-16,2025-12-20,2025-12-21,2026-01-17,
M003885,West Bengal,Other,Tier 2,Online,2025-08-29,1,0,0,0,0,0,2025-09-01,,,,
M003886,West Bengal,Fashion/Retail,Tier 3+,Field sales,2025-11-29,1,0,0,0,0,0,2025-11-30,,,,
M003887,Uttar Pradesh,Food & Beverage,Tier 2,Partner,2025-07-31,0,0,0,0,0,0,,,,,
M003888,Karnataka,Kirana/Grocery,Tier 1,Referral,2025-09-03,1,1,1,1,1,0,2025-09-03,2025-09-05,2025-09-11,2025-09-27,
M003889,Rajasthan,Other,Tier 2,Field sales,2025-08-20,0,0,0,0,0,0,,,,,
M003890,Rajasthan,Food & Beverage,Tier 3+,Field sales,2026-04-27,1,1,1,1,1,0,2026-04-27,2026-05-03,2026-05-01,2026-05-27,
M003891,Rajasthan,Pharmacy,Tier 1,Field sales,2026-01-24,1,1,1,1,1,0,2026-01-27,2026-01-26,2026-01-30,2026-02-18,
M003892,Telangana,Fashion/Retail,Tier 2,Partner,2026-06-03,1,1,0,0,0,0,2026-06-06,2026-06-09,,,
M003893,Maharashtra,Kirana/Grocery,Tier 3+,Partner,2025-12-07,1,1,1,0,0,0,2025-12-08,2025-12-08,2025-12-12,,
M003894,Karnataka,Kirana/Grocery,Tier 1,Online,2025-09-12,1,1,0,0,0,0,2025-09-13,2025-09-17,,,
M003895,Maharashtra,Services,Tier 3+,Field sales,2026-02-08,1,1,1,1,1,0,2026-02-10,2026-02-09,2026-02-11,2026-03-04,
M003896,Maharashtra,Services,Tier 2,Partner,2026-06-05,1,1,1,1,0,0,2026-06-06,2026-06-11,2026-06-14,2026-06-27,
M003897,West Bengal,Kirana/Grocery,Tier 3+,Field sales,2026-01-11,1,1,1,1,1,1,2026-01-13,2026-01-13,2026-01-19,2026-02-09,2026-03-30
M003898,Maharashtra,Services,Tier 3+,Online,2025-07-07,1,1,1,1,1,0,2025-07-09,2025-07-13,2025-07-12,2025-08-04,
M003899,Rajasthan,Fashion/Retail,Tier 3+,Organic QR,2025-10-19,0,0,0,0,0,0,,,,,
M003900,West Bengal,Food & Beverage,Tier 2,Partner,2026-06-03,1,0,0,0,0,0,2026-06-06,,,,
M003901,Telangana,Kirana/Grocery,Tier 3+,Field sales,2026-01-06,1,1,1,0,0,0,2026-01-07,2026-01-10,2026-01-09,,
M003902,Uttar Pradesh,Pharmacy,Tier 1,Field sales,2026-06-13,1,1,1,1,1,0,2026-06-15,2026-06-13,2026-06-23,2026-07-16,
M003903,Bihar,Fashion/Retail,Tier 1,Field sales,2026-01-02,0,0,0,0,0,0,,,,,
M003904,Telangana,Other,Tier 3+,Referral,2025-07-05,1,1,1,1,1,0,2025-07-06,2025-07-10,2025-07-13,2025-08-07,
M003905,Uttar Pradesh,Kirana/Grocery,Tier 2,Field sales,2026-05-15,1,1,1,1,1,1,2026-05-17,2026-05-22,2026-05-24,2026-06-06,2026-08-06
M003906,Madhya Pradesh,Fashion/Retail,Tier 3+,Referral,2026-04-05,1,1,1,1,1,0,2026-04-07,2026-04-06,2026-04-08,2026-05-04,
M003907,Bihar,Pharmacy,Tier 1,Field sales,2026-03-19,1,1,1,1,1,0,2026-03-20,2026-03-25,2026-03-29,2026-04-13,
M003908,Madhya Pradesh,Pharmacy,Tier 1,Organic QR,2026-06-20,1,1,0,0,0,0,2026-06-22,2026-06-22,,,
M003909,West Bengal,Food & Beverage,Tier 1,Field sales,2025-09-10,1,1,1,0,0,0,2025-09-10,2025-09-14,2025-09-13,,
M003910,Telangana,Kirana/Grocery,Tier 2,Field sales,2026-05-27,1,1,1,1,1,0,2026-05-30,2026-05-28,2026-06-06,2026-06-25,
M003911,Bihar,Services,Tier 1,Organic QR,2025-09-23,1,1,0,0,0,0,2025-09-25,2025-09-26,,,
M003912,Rajasthan,Kirana/Grocery,Tier 2,Field sales,2026-06-20,1,1,0,0,0,0,2026-06-21,2026-06-25,,,
M003913,Rajasthan,Kirana/Grocery,Tier 3+,Organic QR,2025-09-08,1,1,1,1,1,0,2025-09-09,2025-09-15,2025-09-15,2025-10-05,
M003914,Bihar,Other,Tier 3+,Partner,2026-01-17,1,1,0,0,0,0,2026-01-20,2026-01-19,,,
M003915,Bihar,Kirana/Grocery,Tier 3+,Field sales,2026-04-15,0,0,0,0,0,0,,,,,
M003916,West Bengal,Other,Tier 1,Organic QR,2025-07-29,0,0,0,0,0,0,,,,,
M003917,Telangana,Services,Tier 2,Partner,2025-07-25,1,1,1,0,0,0,2025-07-27,2025-07-25,2025-08-03,,
M003918,Rajasthan,Fashion/Retail,Tier 2,Field sales,2026-05-07,1,1,1,1,1,0,2026-05-10,2026-05-12,2026-05-17,2026-06-01,
M003919,Karnataka,Kirana/Grocery,Tier 1,Field sales,2025-07-23,0,0,0,0,0,0,,,,,
M003920,Rajasthan,Services,Tier 2,Field sales,2026-02-10,0,0,0,0,0,0,,,,,
M003921,Bihar,Services,Tier 3+,Field sales,2026-06-08,1,1,1,0,0,0,2026-06-11,2026-06-14,2026-06-18,,
M003922,Madhya Pradesh,Other,Tier 1,Field sales,2026-02-10,1,0,0,0,0,0,2026-02-11,,,,
M003923,Uttar Pradesh,Kirana/Grocery,Tier 3+,Organic QR,2025-12-23,0,0,0,0,0,0,,,,,
M003924,Uttar Pradesh,Kirana/Grocery,Tier 1,Field sales,2025-11-30,1,0,0,0,0,0,2025-12-01,,,,
M003925,Telangana,Other,Tier 1,Online,2026-02-18,1,1,1,0,0,0,2026-02-20,2026-02-20,2026-02-26,,
M003926,Maharashtra,Kirana/Grocery,Tier 1,Referral,2026-01-25,1,1,1,0,0,0,2026-01-25,2026-01-26,2026-01-28,,
M003927,Karnataka,Services,Tier 3+,Field sales,2025-12-31,1,1,0,0,0,0,2025-12-31,2026-01-01,,,
M003928,West Bengal,Kirana/Grocery,Tier 2,Organic QR,2025-08-26,1,1,1,1,0,1,2025-08-27,2025-08-30,2025-09-03,2025-09-18,2025-09-09
M003929,Telangana,Kirana/Grocery,Tier 3+,Field sales,2026-02-27,1,1,1,0,0,0,2026-03-02,2026-02-28,2026-03-06,,
M003930,West Bengal,Services,Tier 2,Field sales,2026-03-28,1,0,0,0,0,0,2026-03-29,,,,
M003931,Karnataka,Services,Tier 3+,Online,2026-03-16,1,0,0,0,0,0,2026-03-18,,,,
M003932,Bihar,Services,Tier 2,Organic QR,2025-07-28,1,1,1,0,0,0,2025-07-28,2025-07-31,2025-08-06,,
M003933,Uttar Pradesh,Food & Beverage,Tier 2,Field sales,2026-03-14,1,0,0,0,0,0,2026-03-16,,,,
M003934,Bihar,Pharmacy,Tier 3+,Online,2026-03-24,1,0,0,0,0,0,2026-03-25,,,,
M003935,Rajasthan,Other,Tier 3+,Online,2025-09-05,0,0,0,0,0,0,,,,,
M003936,Bihar,Kirana/Grocery,Tier 2,Organic QR,2026-05-06,1,1,0,0,0,0,2026-05-06,2026-05-08,,,
M003937,West Bengal,Food & Beverage,Tier 1,Partner,2026-01-08,1,1,1,1,1,1,2026-01-09,2026-01-08,2026-01-18,2026-02-04,2026-02-11
M003938,Uttar Pradesh,Food & Beverage,Tier 3+,Referral,2025-12-20,1,0,0,0,0,0,2025-12-23,,,,
M003939,Maharashtra,Pharmacy,Tier 1,Partner,2026-03-21,1,1,1,0,0,0,2026-03-21,2026-03-21,2026-03-27,,
M003940,Karnataka,Food & Beverage,Tier 3+,Organic QR,2026-01-03,1,1,1,1,0,0,2026-01-06,2026-01-04,2026-01-08,2026-01-25,
M003941,Bihar,Pharmacy,Tier 2,Referral,2026-01-15,1,1,1,0,0,0,2026-01-16,2026-01-20,2026-01-23,,
M003942,Uttar Pradesh,Food & Beverage,Tier 1,Organic QR,2025-10-22,1,1,1,1,0,0,2025-10-23,2025-10-24,2025-10-26,2025-11-18,
M003943,Uttar Pradesh,Services,Tier 1,Field sales,2026-06-04,1,1,1,1,1,1,2026-06-04,2026-06-06,2026-06-10,2026-06-27,2026-08-09
M003944,Rajasthan,Fashion/Retail,Tier 2,Field sales,2026-06-19,1,1,0,0,0,0,2026-06-19,2026-06-21,,,
M003945,Uttar Pradesh,Services,Tier 2,Field sales,2025-08-17,1,1,1,1,1,0,2025-08-20,2025-08-17,2025-08-25,2025-09-08,
M003946,Bihar,Food & Beverage,Tier 3+,Field sales,2026-03-25,1,1,1,1,0,0,2026-03-26,2026-03-26,2026-04-04,2026-04-19,
M003947,Bihar,Kirana/Grocery,Tier 2,Field sales,2025-07-09,1,1,1,1,1,0,2025-07-11,2025-07-15,2025-07-17,2025-08-10,
M003948,Bihar,Services,Tier 1,Organic QR,2025-11-12,1,1,1,0,0,0,2025-11-12,2025-11-15,2025-11-20,,
M003949,Bihar,Kirana/Grocery,Tier 2,Online,2026-06-20,0,0,0,0,0,0,,,,,
M003950,West Bengal,Fashion/Retail,Tier 3+,Field sales,2025-09-02,1,1,0,0,0,0,2025-09-02,2025-09-07,,,
M003951,Rajasthan,Food & Beverage,Tier 3+,Field sales,2025-11-15,1,1,1,0,0,0,2025-11-17,2025-11-19,2025-11-22,,
M003952,West Bengal,Kirana/Grocery,Tier 2,Referral,2025-09-19,0,0,0,0,0,0,,,,,
M003953,Maharashtra,Kirana/Grocery,Tier 3+,Organic QR,2026-03-23,0,0,0,0,0,0,,,,,
M003954,Rajasthan,Services,Tier 1,Referral,2025-12-17,0,0,0,0,0,0,,,,,
M003955,Bihar,Other,Tier 2,Organic QR,2026-02-02,1,1,1,1,1,0,2026-02-04,2026-02-02,2026-02-07,2026-03-06,
M003956,Uttar Pradesh,Food & Beverage,Tier 3+,Partner,2026-06-10,1,1,0,0,0,0,2026-06-12,2026-06-15,,,
M003957,Karnataka,Kirana/Grocery,Tier 2,Field sales,2026-01-07,1,1,1,1,1,1,2026-01-09,2026-01-10,2026-01-16,2026-02-10,2026-03-13
M003958,Uttar Pradesh,Food & Beverage,Tier 1,Field sales,2026-03-25,1,1,1,1,0,0,2026-03-26,2026-03-27,2026-03-30,2026-04-29,
M003959,Telangana,Other,Tier 2,Partner,2025-08-05,1,1,1,1,0,1,2025-08-07,2025-08-05,2025-08-09,2025-08-28,2025-08-19
M003960,West Bengal,Fashion/Retail,Tier 2,Field sales,2025-09-17,1,1,1,1,1,0,2025-09-20,2025-09-22,2025-09-25,2025-10-10,
M003961,Telangana,Kirana/Grocery,Tier 1,Field sales,2026-06-11,1,1,0,0,0,0,2026-06-13,2026-06-15,,,
M003962,Maharashtra,Services,Tier 1,Organic QR,2026-05-10,1,1,1,1,0,0,2026-05-13,2026-05-14,2026-05-20,2026-06-14,
M003963,Uttar Pradesh,Fashion/Retail,Tier 3+,Partner,2026-02-25,1,1,1,1,0,1,2026-02-28,2026-03-01,2026-03-03,2026-03-30,2026-03-30
M003964,Uttar Pradesh,Pharmacy,Tier 1,Organic QR,2025-11-16,1,0,0,0,0,0,2025-11-19,,,,
M003965,Maharashtra,Food & Beverage,Tier 2,Partner,2025-09-11,1,1,0,0,0,0,2025-09-14,2025-09-16,,,
M003966,Uttar Pradesh,Pharmacy,Tier 3+,Partner,2026-05-07,1,1,1,0,0,0,2026-05-09,2026-05-13,2026-05-12,,
M003967,Uttar Pradesh,Services,Tier 3+,Field sales,2026-04-13,1,1,1,1,0,1,2026-04-13,2026-04-20,2026-04-17,2026-05-13,2026-05-05
M003968,Maharashtra,Kirana/Grocery,Tier 2,Online,2025-09-27,1,1,1,1,1,0,2025-09-29,2025-10-04,2025-10-06,2025-10-24,
M003969,Rajasthan,Kirana/Grocery,Tier 2,Referral,2026-02-01,1,1,0,0,0,0,2026-02-03,2026-02-08,,,
M003970,Uttar Pradesh,Food & Beverage,Tier 1,Field sales,2026-02-11,1,1,1,1,0,0,2026-02-14,2026-02-18,2026-02-19,2026-03-07,
M003971,Bihar,Kirana/Grocery,Tier 2,Organic QR,2025-12-22,1,1,1,1,1,0,2025-12-23,2025-12-28,2025-12-26,2026-01-12,
M003972,Telangana,Food & Beverage,Tier 1,Field sales,2026-06-04,1,1,1,1,1,0,2026-06-07,2026-06-07,2026-06-11,2026-07-08,
M003973,Karnataka,Fashion/Retail,Tier 1,Online,2025-08-15,0,0,0,0,0,0,,,,,
M003974,West Bengal,Fashion/Retail,Tier 1,Organic QR,2025-10-03,1,0,0,0,0,0,2025-10-03,,,,
M003975,Uttar Pradesh,Kirana/Grocery,Tier 2,Organic QR,2025-08-04,1,1,1,0,0,0,2025-08-04,2025-08-09,2025-08-09,,
M003976,Maharashtra,Kirana/Grocery,Tier 1,Online,2026-03-10,1,1,0,0,0,0,2026-03-13,2026-03-14,,,
M003977,Madhya Pradesh,Services,Tier 1,Partner,2026-02-21,1,1,1,1,1,0,2026-02-21,2026-02-23,2026-02-24,2026-03-22,
M003978,Karnataka,Services,Tier 3+,Field sales,2026-06-26,1,1,1,1,1,0,2026-06-29,2026-06-26,2026-07-04,2026-07-16,
M003979,Madhya Pradesh,Kirana/Grocery,Tier 1,Partner,2026-01-14,1,1,1,1,1,0,2026-01-16,2026-01-15,2026-01-20,2026-02-09,
M003980,Bihar,Fashion/Retail,Tier 3+,Referral,2025-08-24,1,1,0,0,0,0,2025-08-26,2025-08-31,,,
M003981,West Bengal,Kirana/Grocery,Tier 2,Field sales,2025-12-12,1,1,1,1,1,1,2025-12-15,2025-12-17,2025-12-16,2026-01-13,2026-01-05
M003982,West Bengal,Kirana/Grocery,Tier 2,Organic QR,2025-08-02,1,1,0,0,0,0,2025-08-03,2025-08-08,,,
M003983,Karnataka,Pharmacy,Tier 1,Partner,2026-03-02,1,1,1,0,0,0,2026-03-03,2026-03-06,2026-03-10,,
M003984,Bihar,Services,Tier 1,Organic QR,2026-03-04,1,1,1,0,0,0,2026-03-04,2026-03-05,2026-03-08,,
M003985,Telangana,Food & Beverage,Tier 3+,Online,2026-05-10,1,1,1,0,0,0,2026-05-12,2026-05-14,2026-05-14,,
M003986,Rajasthan,Pharmacy,Tier 2,Organic QR,2025-11-02,1,1,1,1,1,0,2025-11-03,2025-11-09,2025-11-06,2025-11-26,
M003987,Rajasthan,Other,Tier 1,Partner,2025-10-22,1,1,1,0,0,0,2025-10-24,2025-10-27,2025-10-31,,
M003988,Maharashtra,Kirana/Grocery,Tier 2,Referral,2025-07-27,1,0,0,0,0,0,2025-07-29,,,,
M003989,Maharashtra,Services,Tier 2,Field sales,2025-11-29,1,0,0,0,0,0,2025-11-30,,,,
M003990,Maharashtra,Kirana/Grocery,Tier 1,Field sales,2025-12-21,1,0,0,0,0,0,2025-12-22,,,,
M003991,Maharashtra,Food & Beverage,Tier 2,Online,2026-04-02,1,1,1,1,1,1,2026-04-03,2026-04-04,2026-04-08,2026-05-06,2026-06-16
M003992,Karnataka,Food & Beverage,Tier 2,Partner,2026-04-02,1,0,0,0,0,0,2026-04-04,,,,
M003993,West Bengal,Food & Beverage,Tier 2,Organic QR,2025-08-21,1,1,0,0,0,0,2025-08-21,2025-08-26,,,
M003994,Uttar Pradesh,Kirana/Grocery,Tier 3+,Field sales,2025-10-13,1,1,0,0,0,0,2025-10-16,2025-10-18,,,
M003995,Madhya Pradesh,Fashion/Retail,Tier 2,Field sales,2026-01-03,1,1,0,0,0,0,2026-01-04,2026-01-04,,,
M003996,Madhya Pradesh,Food & Beverage,Tier 3+,Field sales,2025-10-31,1,1,0,0,0,0,2025-10-31,2025-11-03,,,
M003997,Bihar,Fashion/Retail,Tier 2,Organic QR,2025-07-10,1,0,0,0,0,0,2025-07-10,,,,
M003998,Uttar Pradesh,Food & Beverage,Tier 2,Organic QR,2026-05-05,1,1,0,0,0,0,2026-05-08,2026-05-12,,,
M003999,Madhya Pradesh,Fashion/Retail,Tier 2,Field sales,2026-03-24,1,1,0,0,0,0,2026-03-26,2026-03-28,,,
M004000,Bihar,Services,Tier 2,Partner,2026-01-06,1,1,1,1,1,0,2026-01-07,2026-01-13,2026-01-13,2026-01-31,
M004001,Bihar,Food & Beverage,Tier 1,Online,2025-10-24,0,0,0,0,0,0,,,,,
M004002,West Bengal,Pharmacy,Tier 3+,Online,2026-05-04,1,0,0,0,0,0,2026-05-06,,,,
M004003,Rajasthan,Fashion/Retail,Tier 3+,Referral,2025-07-13,0,0,0,0,0,0,,,,,
M004004,Uttar Pradesh,Food & Beverage,Tier 1,Organic QR,2025-12-10,1,1,1,0,0,0,2025-12-11,2025-12-15,2025-12-19,,
M004005,West Bengal,Food & Beverage,Tier 2,Organic QR,2026-04-19,1,1,1,1,0,0,2026-04-19,2026-04-20,2026-04-25,2026-05-22,
M004006,Uttar Pradesh,Services,Tier 3+,Organic QR,2026-06-13,1,1,1,1,1,1,2026-06-13,2026-06-17,2026-06-18,2026-07-11,2026-09-11
M004007,Madhya Pradesh,Services,Tier 3+,Field sales,2025-09-30,1,1,1,0,0,0,2025-09-30,2025-10-04,2025-10-10,,
M004008,Maharashtra,Food & Beverage,Tier 2,Online,2026-02-23,1,1,0,0,0,0,2026-02-23,2026-02-28,,,
M004009,Maharashtra,Pharmacy,Tier 1,Partner,2025-09-08,0,0,0,0,0,0,,,,,
M004010,Uttar Pradesh,Food & Beverage,Tier 2,Partner,2025-08-12,1,1,1,0,0,0,2025-08-14,2025-08-19,2025-08-19,,
M004011,Maharashtra,Food & Beverage,Tier 1,Field sales,2025-11-06,0,0,0,0,0,0,,,,,
M004012,West Bengal,Services,Tier 2,Field sales,2026-05-20,1,1,1,1,0,0,2026-05-22,2026-05-22,2026-05-28,2026-06-21,
M004013,Maharashtra,Other,Tier 2,Online,2026-03-09,1,1,0,0,0,0,2026-03-10,2026-03-14,,,
M004014,Bihar,Kirana/Grocery,Tier 2,Field sales,2025-12-26,1,1,0,0,0,0,2025-12-28,2026-01-01,,,
M004015,Karnataka,Kirana/Grocery,Tier 1,Field sales,2025-10-12,1,1,1,0,0,0,2025-10-13,2025-10-16,2025-10-17,,
M004016,West Bengal,Kirana/Grocery,Tier 2,Partner,2025-08-21,1,0,0,0,0,0,2025-08-24,,,,
M004017,Uttar Pradesh,Pharmacy,Tier 2,Partner,2025-10-07,1,1,1,0,0,0,2025-10-10,2025-10-07,2025-10-17,,
M004018,Maharashtra,Food & Beverage,Tier 1,Field sales,2025-08-25,1,0,0,0,0,0,2025-08-25,,,,
M004019,Maharashtra,Food & Beverage,Tier 1,Field sales,2025-09-07,1,1,0,0,0,0,2025-09-09,2025-09-14,,,
M004020,Uttar Pradesh,Kirana/Grocery,Tier 1,Referral,2026-03-08,1,1,1,1,1,0,2026-03-10,2026-03-09,2026-03-13,2026-04-04,
M004021,West Bengal,Other,Tier 3+,Online,2025-08-18,1,1,1,1,1,0,2025-08-20,2025-08-24,2025-08-28,2025-09-17,
M004022,West Bengal,Food & Beverage,Tier 2,Organic QR,2025-07-18,1,1,1,1,1,0,2025-07-20,2025-07-23,2025-07-25,2025-08-13,
M004023,Telangana,Services,Tier 2,Referral,2026-01-14,1,1,0,0,0,0,2026-01-14,2026-01-19,,,
M004024,Uttar Pradesh,Kirana/Grocery,Tier 2,Field sales,2025-10-13,1,1,0,0,0,0,2025-10-14,2025-10-19,,,
M004025,Maharashtra,Kirana/Grocery,Tier 3+,Partner,2025-12-13,1,1,1,1,0,0,2025-12-13,2025-12-16,2025-12-19,2026-01-05,
M004026,Uttar Pradesh,Kirana/Grocery,Tier 2,Organic QR,2025-08-21,0,0,0,0,0,0,,,,,
M004027,Rajasthan,Food & Beverage,Tier 1,Referral,2025-09-15,0,0,0,0,0,0,,,,,
M004028,Karnataka,Food & Beverage,Tier 1,Referral,2025-12-08,1,0,0,0,0,0,2025-12-08,,,,
M004029,Rajasthan,Kirana/Grocery,Tier 1,Field sales,2026-03-09,1,1,1,1,1,0,2026-03-11,2026-03-09,2026-03-17,2026-03-30,
M004030,West Bengal,Food & Beverage,Tier 3+,Field sales,2025-11-29,1,0,0,0,0,0,2025-12-01,,,,
M004031,Maharashtra,Kirana/Grocery,Tier 2,Referral,2026-01-14,0,0,0,0,0,0,,,,,
M004032,Karnataka,Food & Beverage,Tier 3+,Field sales,2026-01-07,1,0,0,0,0,0,2026-01-08,,,,
M004033,Karnataka,Kirana/Grocery,Tier 3+,Partner,2025-10-07,0,0,0,0,0,0,,,,,
M004034,Maharashtra,Kirana/Grocery,Tier 3+,Organic QR,2025-10-11,0,0,0,0,0,0,,,,,
M004035,Maharashtra,Kirana/Grocery,Tier 3+,Field sales,2025-12-03,1,1,0,0,0,0,2025-12-06,2025-12-09,,,
M004036,Rajasthan,Pharmacy,Tier 2,Partner,2025-07-12,1,1,1,1,1,0,2025-07-13,2025-07-16,2025-07-17,2025-08-08,
M004037,Maharashtra,Other,Tier 1,Organic QR,2026-03-08,1,1,1,1,0,0,2026-03-11,2026-03-14,2026-03-17,2026-04-05,
M004038,Bihar,Services,Tier 1,Online,2026-02-10,1,1,1,1,0,0,2026-02-11,2026-02-12,2026-02-19,2026-03-12,
M004039,West Bengal,Kirana/Grocery,Tier 2,Field sales,2025-10-20,1,1,1,1,1,0,2025-10-23,2025-10-21,2025-10-23,2025-11-23,
M004040,West Bengal,Other,Tier 3+,Field sales,2025-11-14,1,0,0,0,0,0,2025-11-17,,,,
M004041,Rajasthan,Other,Tier 2,Field sales,2025-10-28,1,1,1,1,1,0,2025-10-28,2025-10-29,2025-10-31,2025-12-02,
M004042,Karnataka,Food & Beverage,Tier 1,Field sales,2026-02-23,1,1,1,1,1,1,2026-02-26,2026-02-28,2026-02-26,2026-03-21,2026-03-06
M004043,Maharashtra,Kirana/Grocery,Tier 3+,Partner,2026-04-04,1,1,0,0,0,0,2026-04-06,2026-04-04,,,
M004044,Karnataka,Pharmacy,Tier 2,Field sales,2025-08-09,1,1,0,0,0,0,2025-08-12,2025-08-14,,,
M004045,West Bengal,Other,Tier 1,Field sales,2025-11-28,0,0,0,0,0,0,,,,,
M004046,West Bengal,Fashion/Retail,Tier 3+,Online,2025-07-06,1,1,1,1,0,0,2025-07-07,2025-07-07,2025-07-12,2025-07-27,
M004047,Uttar Pradesh,Services,Tier 2,Field sales,2025-12-13,1,1,1,0,0,0,2025-12-13,2025-12-14,2025-12-21,,
M004048,Telangana,Services,Tier 1,Field sales,2025-09-29,1,1,0,0,0,0,2025-09-30,2025-10-01,,,
M004049,Uttar Pradesh,Other,Tier 2,Online,2025-10-31,0,0,0,0,0,0,,,,,
M004050,Karnataka,Kirana/Grocery,Tier 2,Partner,2025-12-14,1,1,0,0,0,0,2025-12-14,2025-12-20,,,
M004051,West Bengal,Kirana/Grocery,Tier 2,Field sales,2025-10-27,1,1,1,0,0,0,2025-10-28,2025-10-27,2025-11-04,,
M004052,Karnataka,Fashion/Retail,Tier 1,Online,2025-11-21,1,1,1,1,1,0,2025-11-22,2025-11-27,2025-11-26,2025-12-19,
M004053,Telangana,Kirana/Grocery,Tier 2,Organic QR,2026-04-06,1,1,1,0,0,0,2026-04-08,2026-04-13,2026-04-15,,
M004054,Uttar Pradesh,Food & Beverage,Tier 2,Field sales,2026-04-22,1,0,0,0,0,0,2026-04-22,,,,
M004055,Maharashtra,Kirana/Grocery,Tier 1,Field sales,2025-07-03,1,1,1,1,1,1,2025-07-06,2025-07-04,2025-07-06,2025-08-06,2025-09-22
M004056,Uttar Pradesh,Kirana/Grocery,Tier 2,Online,2025-11-15,1,1,0,0,0,0,2025-11-15,2025-11-17,,,
M004057,Madhya Pradesh,Kirana/Grocery,Tier 2,Field sales,2026-05-06,1,1,1,1,1,0,2026-05-08,2026-05-11,2026-05-14,2026-06-05,
M004058,Maharashtra,Services,Tier 2,Referral,2026-01-10,0,0,0,0,0,0,,,,,
M004059,Rajasthan,Food & Beverage,Tier 2,Field sales,2025-09-13,1,1,1,1,1,1,2025-09-16,2025-09-16,2025-09-19,2025-10-11,2025-10-23
M004060,Uttar Pradesh,Services,Tier 1,Field sales,2026-02-02,0,0,0,0,0,0,,,,,
M004061,Maharashtra,Food & Beverage,Tier 2,Online,2025-08-22,1,0,0,0,0,0,2025-08-24,,,,
M004062,Maharashtra,Other,Tier 3+,Online,2025-07-08,1,0,0,0,0,0,2025-07-09,,,,
M004063,Karnataka,Services,Tier 2,Field sales,2026-02-16,1,0,0,0,0,0,2026-02-17,,,,
M004064,Maharashtra,Other,Tier 3+,Field sales,2026-01-05,1,1,1,1,1,0,2026-01-07,2026-01-06,2026-01-08,2026-01-31,
M004065,Telangana,Food & Beverage,Tier 2,Partner,2026-04-03,1,1,1,0,0,0,2026-04-04,2026-04-07,2026-04-12,,
M004066,Madhya Pradesh,Kirana/Grocery,Tier 2,Organic QR,2025-11-03,1,0,0,0,0,0,2025-11-06,,,,
M004067,Bihar,Fashion/Retail,Tier 2,Organic QR,2026-05-08,0,0,0,0,0,0,,,,,
M004068,West Bengal,Fashion/Retail,Tier 3+,Field sales,2025-12-01,0,0,0,0,0,0,,,,,
M004069,Uttar Pradesh,Kirana/Grocery,Tier 3+,Online,2026-03-27,1,0,0,0,0,0,2026-03-27,,,,
M004070,Bihar,Services,Tier 2,Field sales,2025-08-06,1,1,1,1,0,0,2025-08-09,2025-08-07,2025-08-14,2025-09-09,
M004071,Rajasthan,Services,Tier 2,Field sales,2025-08-05,0,0,0,0,0,0,,,,,
M004072,Karnataka,Kirana/Grocery,Tier 3+,Field sales,2026-04-12,1,1,1,1,1,0,2026-04-12,2026-04-12,2026-04-19,2026-05-14,
M004073,Telangana,Services,Tier 3+,Field sales,2026-05-01,1,1,1,1,1,1,2026-05-04,2026-05-02,2026-05-09,2026-06-03,2026-07-17
M004074,Uttar Pradesh,Kirana/Grocery,Tier 3+,Organic QR,2026-06-09,1,1,1,1,0,0,2026-06-10,2026-06-16,2026-06-14,2026-06-29,
M004075,Madhya Pradesh,Kirana/Grocery,Tier 1,Field sales,2025-10-27,1,1,1,1,1,0,2025-10-27,2025-11-01,2025-10-30,2025-11-20,
M004076,Uttar Pradesh,Fashion/Retail,Tier 1,Partner,2025-07-09,1,0,0,0,0,0,2025-07-12,,,,
M004077,Karnataka,Services,Tier 2,Field sales,2026-06-23,1,0,0,0,0,0,2026-06-23,,,,
M004078,West Bengal,Fashion/Retail,Tier 3+,Field sales,2026-02-05,1,1,1,1,0,0,2026-02-08,2026-02-11,2026-02-11,2026-02-26,
M004079,Maharashtra,Pharmacy,Tier 1,Online,2025-09-29,1,0,0,0,0,0,2025-10-01,,,,
M004080,West Bengal,Other,Tier 2,Organic QR,2026-04-05,1,1,1,1,0,0,2026-04-08,2026-04-12,2026-04-10,2026-05-03,
M004081,Madhya Pradesh,Food & Beverage,Tier 2,Field sales,2026-05-26,1,1,1,1,1,0,2026-05-28,2026-05-27,2026-06-03,2026-06-15,
M004082,Madhya Pradesh,Food & Beverage,Tier 1,Field sales,2025-10-12,1,0,0,0,0,0,2025-10-13,,,,
M004083,Madhya Pradesh,Kirana/Grocery,Tier 3+,Organic QR,2026-04-07,1,0,0,0,0,0,2026-04-08,,,,
M004084,Karnataka,Services,Tier 1,Referral,2026-04-14,1,1,0,0,0,0,2026-04-16,2026-04-18,,,
M004085,Rajasthan,Food & Beverage,Tier 3+,Partner,2025-12-31,1,1,1,1,1,0,2026-01-01,2026-01-02,2026-01-06,2026-02-02,
M004086,Bihar,Pharmacy,Tier 2,Referral,2026-02-16,1,1,1,0,0,0,2026-02-19,2026-02-18,2026-02-26,,
M004087,Bihar,Food & Beverage,Tier 2,Field sales,2025-10-07,1,1,0,0,0,0,2025-10-09,2025-10-09,,,
M004088,Karnataka,Kirana/Grocery,Tier 2,Online,2026-06-05,1,1,0,0,0,0,2026-06-05,2026-06-06,,,
M004089,Karnataka,Fashion/Retail,Tier 1,Field sales,2026-06-24,1,1,1,0,0,0,2026-06-24,2026-06-28,2026-07-02,,
M004090,Telangana,Fashion/Retail,Tier 2,Field sales,2026-06-24,1,0,0,0,0,0,2026-06-25,,,,
M004091,Uttar Pradesh,Food & Beverage,Tier 3+,Organic QR,2026-03-27,1,1,1,1,1,1,2026-03-27,2026-03-28,2026-04-04,2026-05-01,2026-06-20
M004092,Uttar Pradesh,Pharmacy,Tier 2,Field sales,2025-07-16,1,1,0,0,0,0,2025-07-17,2025-07-16,,,
M004093,Madhya Pradesh,Services,Tier 1,Organic QR,2025-11-11,1,1,0,0,0,0,2025-11-12,2025-11-12,,,
M004094,Bihar,Pharmacy,Tier 3+,Field sales,2025-12-10,1,1,1,0,0,0,2025-12-13,2025-12-14,2025-12-18,,
M004095,Rajasthan,Food & Beverage,Tier 1,Partner,2026-06-16,0,0,0,0,0,0,,,,,
M004096,Karnataka,Services,Tier 2,Referral,2026-01-16,1,1,1,0,0,0,2026-01-19,2026-01-20,2026-01-21,,
M004097,Uttar Pradesh,Kirana/Grocery,Tier 2,Partner,2026-01-12,1,1,1,1,1,0,2026-01-14,2026-01-18,2026-01-19,2026-02-14,
M004098,Telangana,Kirana/Grocery,Tier 2,Organic QR,2025-08-23,0,0,0,0,0,0,,,,,
M004099,Karnataka,Fashion/Retail,Tier 1,Field sales,2026-04-16,1,1,0,0,0,0,2026-04-19,2026-04-23,,,
M004100,Maharashtra,Food & Beverage,Tier 1,Referral,2025-10-31,1,1,1,1,1,0,2025-11-03,2025-11-01,2025-11-10,2025-11-21,
M004101,Telangana,Kirana/Grocery,Tier 1,Organic QR,2025-08-03,0,0,0,0,0,0,,,,,
M004102,Karnataka,Kirana/Grocery,Tier 2,Organic QR,2026-06-26,1,1,1,1,0,1,2026-06-29,2026-07-03,2026-07-06,2026-07-24,2026-08-12
M004103,Uttar Pradesh,Food & Beverage,Tier 2,Field sales,2025-09-08,1,1,1,1,0,1,2025-09-08,2025-09-10,2025-09-13,2025-10-10,2025-09-30
M004104,Maharashtra,Pharmacy,Tier 2,Field sales,2025-07-06,1,1,1,0,0,0,2025-07-07,2025-07-06,2025-07-14,,
M004105,Karnataka,Food & Beverage,Tier 1,Field sales,2025-07-29,0,0,0,0,0,0,,,,,
M004106,Maharashtra,Pharmacy,Tier 1,Partner,2025-12-13,1,1,1,1,0,0,2025-12-14,2025-12-19,2025-12-16,2026-01-08,
M004107,Rajasthan,Fashion/Retail,Tier 2,Referral,2025-08-07,1,1,1,1,1,1,2025-08-08,2025-08-08,2025-08-11,2025-08-28,2025-08-31
M004108,Uttar Pradesh,Food & Beverage,Tier 2,Online,2026-05-04,1,1,1,1,1,1,2026-05-06,2026-05-06,2026-05-10,2026-06-05,2026-07-29
M004109,Telangana,Fashion/Retail,Tier 3+,Organic QR,2026-01-04,1,1,1,1,0,0,2026-01-04,2026-01-09,2026-01-12,2026-01-31,
M004110,Maharashtra,Kirana/Grocery,Tier 1,Organic QR,2025-10-27,1,1,1,1,1,0,2025-10-27,2025-11-02,2025-10-31,2025-11-29,
M004111,West Bengal,Food & Beverage,Tier 1,Referral,2025-07-02,1,0,0,0,0,0,2025-07-02,,,,
M004112,Rajasthan,Kirana/Grocery,Tier 2,Field sales,2025-12-23,1,1,1,1,1,1,2025-12-26,2025-12-28,2025-12-27,2026-01-20,2026-03-05
M004113,Rajasthan,Kirana/Grocery,Tier 2,Organic QR,2025-08-25,0,0,0,0,0,0,,,,,
M004114,Uttar Pradesh,Kirana/Grocery,Tier 2,Partner,2026-06-22,1,1,1,0,0,0,2026-06-25,2026-06-23,2026-06-30,,
M004115,Madhya Pradesh,Kirana/Grocery,Tier 1,Field sales,2025-10-15,0,0,0,0,0,0,,,,,
M004116,West Bengal,Fashion/Retail,Tier 1,Field sales,2025-12-21,1,1,0,0,0,0,2025-12-23,2025-12-22,,,
M004117,Uttar Pradesh,Services,Tier 2,Field sales,2025-07-07,1,1,1,1,1,0,2025-07-08,2025-07-11,2025-07-11,2025-08-01,
M004118,Bihar,Other,Tier 1,Organic QR,2025-08-17,1,1,1,1,1,1,2025-08-19,2025-08-24,2025-08-20,2025-09-18,2025-09-11
M004119,Karnataka,Services,Tier 2,Field sales,2025-09-14,1,1,1,1,0,0,2025-09-16,2025-09-15,2025-09-22,2025-10-16,
M004120,Rajasthan,Services,Tier 1,Field sales,2025-07-19,1,1,1,0,0,0,2025-07-19,2025-07-23,2025-07-26,,
M004121,Uttar Pradesh,Kirana/Grocery,Tier 1,Field sales,2026-03-22,1,0,0,0,0,0,2026-03-22,,,,
M004122,Maharashtra,Services,Tier 1,Referral,2026-06-11,0,0,0,0,0,0,,,,,
M004123,West Bengal,Food & Beverage,Tier 3+,Online,2026-06-25,1,1,1,1,0,0,2026-06-28,2026-07-02,2026-07-02,2026-07-17,
M004124,Madhya Pradesh,Other,Tier 1,Online,2025-10-06,1,1,1,1,1,0,2025-10-09,2025-10-10,2025-10-13,2025-10-30,
M004125,Karnataka,Other,Tier 1,Referral,2026-04-14,1,1,1,1,0,0,2026-04-17,2026-04-16,2026-04-24,2026-05-14,
M004126,West Bengal,Kirana/Grocery,Tier 3+,Field sales,2025-12-31,1,0,0,0,0,0,2026-01-01,,,,
M004127,Telangana,Services,Tier 1,Field sales,2025-07-17,1,1,1,1,1,1,2025-07-20,2025-07-23,2025-07-27,2025-08-20,2025-10-04
M004128,Uttar Pradesh,Services,Tier 1,Organic QR,2025-08-03,0,0,0,0,0,0,,,,,
M004129,Madhya Pradesh,Services,Tier 1,Organic QR,2026-01-16,1,0,0,0,0,0,2026-01-18,,,,
M004130,Telangana,Kirana/Grocery,Tier 2,Partner,2025-12-02,1,1,1,0,0,0,2025-12-04,2025-12-03,2025-12-09,,
M004131,Uttar Pradesh,Services,Tier 2,Field sales,2025-07-04,1,1,0,0,0,0,2025-07-04,2025-07-07,,,
M004132,Rajasthan,Fashion/Retail,Tier 3+,Online,2026-06-05,1,1,1,1,1,1,2026-06-07,2026-06-06,2026-06-13,2026-07-08,2026-07-06
M004133,Maharashtra,Food & Beverage,Tier 3+,Field sales,2026-03-24,1,1,1,0,0,0,2026-03-24,2026-03-29,2026-03-31,,
M004134,Uttar Pradesh,Services,Tier 2,Organic QR,2025-12-31,1,1,1,1,0,0,2026-01-02,2026-01-07,2026-01-05,2026-01-22,
M004135,Telangana,Kirana/Grocery,Tier 1,Online,2026-06-26,1,1,1,1,0,1,2026-06-27,2026-07-03,2026-06-30,2026-07-31,2026-07-12
M004136,Rajasthan,Other,Tier 3+,Organic QR,2026-06-20,1,1,0,0,0,0,2026-06-20,2026-06-20,,,
M004137,Maharashtra,Kirana/Grocery,Tier 3+,Referral,2026-06-21,1,1,0,0,0,0,2026-06-22,2026-06-28,,,
M004138,Karnataka,Kirana/Grocery,Tier 3+,Partner,2025-10-03,0,0,0,0,0,0,,,,,
M004139,Bihar,Kirana/Grocery,Tier 1,Referral,2026-05-18,1,1,0,0,0,0,2026-05-21,2026-05-22,,,
M004140,Maharashtra,Fashion/Retail,Tier 2,Referral,2026-01-01,1,1,1,0,0,0,2026-01-04,2026-01-01,2026-01-09,,
M004141,Uttar Pradesh,Pharmacy,Tier 3+,Organic QR,2026-03-23,1,1,0,0,0,0,2026-03-23,2026-03-24,,,
M004142,Bihar,Kirana/Grocery,Tier 3+,Field sales,2026-05-10,1,1,0,0,0,0,2026-05-12,2026-05-10,,,
M004143,Bihar,Kirana/Grocery,Tier 1,Referral,2025-08-29,1,0,0,0,0,0,2025-08-30,,,,
M004144,Maharashtra,Pharmacy,Tier 3+,Organic QR,2025-12-11,1,1,1,0,0,0,2025-12-12,2025-12-14,2025-12-20,,
M004145,Madhya Pradesh,Food & Beverage,Tier 2,Partner,2025-08-17,1,1,1,0,0,0,2025-08-20,2025-08-22,2025-08-25,,
M004146,Bihar,Kirana/Grocery,Tier 3+,Organic QR,2025-10-11,1,1,0,0,0,0,2025-10-13,2025-10-14,,,
M004147,Telangana,Other,Tier 2,Field sales,2025-11-28,1,0,0,0,0,0,2025-11-30,,,,
M004148,Bihar,Kirana/Grocery,Tier 3+,Organic QR,2026-05-09,1,1,1,0,0,0,2026-05-12,2026-05-09,2026-05-14,,
M004149,Bihar,Services,Tier 2,Online,2026-05-11,1,0,0,0,0,0,2026-05-13,,,,
M004150,Rajasthan,Kirana/Grocery,Tier 1,Field sales,2025-11-20,1,1,0,0,0,0,2025-11-21,2025-11-22,,,
M004151,Uttar Pradesh,Pharmacy,Tier 2,Field sales,2025-10-29,1,0,0,0,0,0,2025-10-30,,,,
M004152,Bihar,Fashion/Retail,Tier 3+,Field sales,2026-01-10,1,1,1,1,0,0,2026-01-12,2026-01-15,2026-01-17,2026-02-06,
M004153,West Bengal,Food & Beverage,Tier 1,Organic QR,2026-05-29,1,0,0,0,0,0,2026-06-01,,,,
M004154,Uttar Pradesh,Services,Tier 2,Field sales,2026-06-22,1,1,0,0,0,0,2026-06-25,2026-06-25,,,
M004155,Madhya Pradesh,Other,Tier 3+,Partner,2025-09-21,1,1,1,1,0,0,2025-09-23,2025-09-27,2025-09-27,2025-10-26,
M004156,Bihar,Fashion/Retail,Tier 3+,Field sales,2025-09-07,1,1,1,0,0,0,2025-09-08,2025-09-13,2025-09-17,,
M004157,Madhya Pradesh,Food & Beverage,Tier 2,Field sales,2026-03-15,1,1,1,1,1,0,2026-03-17,2026-03-15,2026-03-22,2026-04-07,
M004158,West Bengal,Food & Beverage,Tier 3+,Field sales,2025-10-19,1,1,1,0,0,0,2025-10-22,2025-10-24,2025-10-25,,
M004159,Karnataka,Fashion/Retail,Tier 1,Field sales,2025-09-11,1,1,1,1,1,0,2025-09-11,2025-09-11,2025-09-21,2025-10-15,
M004160,Maharashtra,Kirana/Grocery,Tier 2,Referral,2025-07-12,1,0,0,0,0,0,2025-07-14,,,,
M004161,Rajasthan,Kirana/Grocery,Tier 2,Online,2025-11-25,1,1,0,0,0,0,2025-11-26,2025-11-25,,,
M004162,Uttar Pradesh,Kirana/Grocery,Tier 3+,Referral,2025-11-21,1,1,1,0,0,0,2025-11-23,2025-11-25,2025-11-25,,
M004163,Uttar Pradesh,Fashion/Retail,Tier 1,Online,2026-01-22,0,0,0,0,0,0,,,,,
M004164,Madhya Pradesh,Kirana/Grocery,Tier 1,Field sales,2025-09-12,1,1,1,0,0,0,2025-09-13,2025-09-19,2025-09-17,,
M004165,West Bengal,Kirana/Grocery,Tier 2,Online,2026-03-18,1,1,1,1,0,0,2026-03-19,2026-03-25,2026-03-22,2026-04-15,
M004166,Uttar Pradesh,Services,Tier 2,Organic QR,2026-03-06,1,1,1,1,0,0,2026-03-07,2026-03-12,2026-03-14,2026-03-31,
M004167,Bihar,Kirana/Grocery,Tier 3+,Referral,2025-12-16,1,1,1,0,0,0,2025-12-19,2025-12-20,2025-12-24,,
M004168,Karnataka,Food & Beverage,Tier 2,Partner,2025-09-05,1,0,0,0,0,0,2025-09-06,,,,
M004169,Uttar Pradesh,Food & Beverage,Tier 3+,Field sales,2026-01-02,0,0,0,0,0,0,,,,,
M004170,Maharashtra,Kirana/Grocery,Tier 2,Field sales,2026-03-04,1,1,1,1,1,0,2026-03-07,2026-03-09,2026-03-12,2026-03-29,
M004171,Uttar Pradesh,Other,Tier 3+,Field sales,2025-11-14,1,1,1,0,0,0,2025-11-17,2025-11-21,2025-11-24,,
M004172,Uttar Pradesh,Kirana/Grocery,Tier 3+,Organic QR,2025-10-05,1,1,1,0,0,0,2025-10-07,2025-10-12,2025-10-08,,
M004173,Bihar,Fashion/Retail,Tier 1,Organic QR,2026-01-01,1,0,0,0,0,0,2026-01-02,,,,
M004174,Rajasthan,Food & Beverage,Tier 1,Online,2025-11-07,1,1,1,1,1,0,2025-11-09,2025-11-12,2025-11-11,2025-11-30,
M004175,Telangana,Kirana/Grocery,Tier 3+,Field sales,2025-11-24,1,0,0,0,0,0,2025-11-24,,,,
M004176,Maharashtra,Kirana/Grocery,Tier 1,Organic QR,2025-11-05,1,1,1,0,0,0,2025-11-06,2025-11-06,2025-11-11,,
M004177,Maharashtra,Services,Tier 2,Organic QR,2025-10-19,1,1,1,1,1,0,2025-10-22,2025-10-21,2025-10-23,2025-11-23,
M004178,West Bengal,Food & Beverage,Tier 1,Field sales,2026-03-19,0,0,0,0,0,0,,,,,
M004179,West Bengal,Kirana/Grocery,Tier 3+,Field sales,2025-12-15,0,0,0,0,0,0,,,,,
M004180,Telangana,Other,Tier 1,Organic QR,2025-12-18,1,1,1,0,0,0,2025-12-20,2025-12-20,2025-12-21,,
M004181,Karnataka,Food & Beverage,Tier 2,Organic QR,2026-02-24,1,1,0,0,0,0,2026-02-27,2026-02-25,,,
M004182,Uttar Pradesh,Other,Tier 2,Field sales,2025-11-09,1,1,1,1,0,0,2025-11-11,2025-11-16,2025-11-13,2025-12-05,
M004183,Bihar,Kirana/Grocery,Tier 1,Field sales,2025-08-06,1,1,1,0,0,0,2025-08-08,2025-08-10,2025-08-10,,
M004184,Telangana,Kirana/Grocery,Tier 2,Field sales,2026-05-08,0,0,0,0,0,0,,,,,
M004185,Maharashtra,Services,Tier 3+,Referral,2025-07-21,1,1,1,1,1,0,2025-07-23,2025-07-24,2025-07-31,2025-08-20,
M004186,Uttar Pradesh,Kirana/Grocery,Tier 2,Referral,2026-01-25,1,1,1,0,0,0,2026-01-27,2026-01-27,2026-01-28,,
M004187,Karnataka,Kirana/Grocery,Tier 3+,Field sales,2025-10-06,1,1,1,1,0,0,2025-10-07,2025-10-12,2025-10-10,2025-10-29,
M004188,Telangana,Kirana/Grocery,Tier 3+,Partner,2025-09-17,1,1,0,0,0,0,2025-09-17,2025-09-18,,,
M004189,Maharashtra,Kirana/Grocery,Tier 2,Online,2025-07-16,1,1,1,1,0,0,2025-07-16,2025-07-21,2025-07-21,2025-08-10,
M004190,Rajasthan,Pharmacy,Tier 2,Field sales,2026-05-25,1,1,0,0,0,0,2026-05-27,2026-05-28,,,
M004191,Uttar Pradesh,Kirana/Grocery,Tier 3+,Field sales,2025-12-04,1,0,0,0,0,0,2025-12-07,,,,
M004192,Karnataka,Other,Tier 2,Field sales,2025-11-03,1,0,0,0,0,0,2025-11-06,,,,
M004193,Uttar Pradesh,Kirana/Grocery,Tier 2,Field sales,2026-03-28,1,1,1,1,0,0,2026-03-31,2026-03-28,2026-04-05,2026-05-01,
M004194,Uttar Pradesh,Food & Beverage,Tier 3+,Referral,2025-07-15,0,0,0,0,0,0,,,,,
M004195,Madhya Pradesh,Food & Beverage,Tier 3+,Referral,2026-01-23,1,1,1,1,0,0,2026-01-24,2026-01-27,2026-01-31,2026-02-12,
M004196,West Bengal,Services,Tier 2,Organic QR,2025-12-28,1,1,1,1,0,0,2025-12-29,2025-12-28,2026-01-06,2026-01-24,
M004197,Maharashtra,Fashion/Retail,Tier 1,Field sales,2026-01-19,1,1,1,1,1,1,2026-01-22,2026-01-26,2026-01-23,2026-02-17,2026-03-21
M004198,West Bengal,Fashion/Retail,Tier 2,Referral,2025-08-15,1,0,0,0,0,0,2025-08-16,,,,
M004199,Bihar,Kirana/Grocery,Tier 3+,Field sales,2026-06-13,1,0,0,0,0,0,2026-06-15,,,,
M004200,Bihar,Food & Beverage,Tier 2,Field sales,2025-09-26,1,0,0,0,0,0,2025-09-29,,,,
M004201,Telangana,Fashion/Retail,Tier 3+,Field sales,2026-03-05,1,1,0,0,0,0,2026-03-05,2026-03-06,,,
M004202,Telangana,Kirana/Grocery,Tier 2,Online,2026-03-30,1,1,1,1,1,0,2026-04-02,2026-04-06,2026-04-08,2026-04-23,
M004203,Maharashtra,Services,Tier 1,Partner,2025-11-03,0,0,0,0,0,0,,,,,
M004204,West Bengal,Kirana/Grocery,Tier 2,Partner,2025-08-17,1,1,1,0,0,0,2025-08-17,2025-08-22,2025-08-23,,
M004205,Rajasthan,Food & Beverage,Tier 2,Partner,2025-10-17,1,1,1,0,0,0,2025-10-19,2025-10-22,2025-10-26,,
M004206,Uttar Pradesh,Food & Beverage,Tier 3+,Field sales,2026-04-21,1,1,0,0,0,0,2026-04-21,2026-04-21,,,
M004207,Uttar Pradesh,Food & Beverage,Tier 1,Organic QR,2026-05-27,1,0,0,0,0,0,2026-05-30,,,,
M004208,Maharashtra,Other,Tier 3+,Referral,2026-06-07,1,1,1,1,0,1,2026-06-10,2026-06-08,2026-06-14,2026-07-06,2026-07-31
M004209,Maharashtra,Services,Tier 1,Online,2025-09-21,1,1,1,1,0,0,2025-09-23,2025-09-21,2025-09-27,2025-10-25,
M004210,Rajasthan,Other,Tier 3+,Organic QR,2026-02-07,1,1,1,1,1,1,2026-02-10,2026-02-10,2026-02-11,2026-03-04,2026-02-17
M004211,Uttar Pradesh,Pharmacy,Tier 3+,Field sales,2025-08-25,0,0,0,0,0,0,,,,,
M004212,Madhya Pradesh,Food & Beverage,Tier 1,Online,2026-03-17,1,0,0,0,0,0,2026-03-19,,,,
M004213,Rajasthan,Services,Tier 3+,Organic QR,2025-11-29,1,1,1,1,0,1,2025-11-29,2025-12-01,2025-12-02,2025-12-23,2026-01-22
M004214,Rajasthan,Food & Beverage,Tier 2,Field sales,2026-03-18,1,1,0,0,0,0,2026-03-19,2026-03-18,,,
M004215,Madhya Pradesh,Fashion/Retail,Tier 2,Field sales,2026-03-08,1,1,0,0,0,0,2026-03-09,2026-03-10,,,
M004216,Maharashtra,Kirana/Grocery,Tier 3+,Field sales,2026-06-28,0,0,0,0,0,0,,,,,
M004217,Bihar,Other,Tier 3+,Partner,2025-12-26,1,0,0,0,0,0,2025-12-29,,,,
M004218,Bihar,Services,Tier 2,Partner,2025-11-02,1,0,0,0,0,0,2025-11-05,,,,
M004219,Karnataka,Services,Tier 3+,Field sales,2026-01-09,0,0,0,0,0,0,,,,,
M004220,Karnataka,Services,Tier 2,Field sales,2025-08-29,0,0,0,0,0,0,,,,,
M004221,Karnataka,Services,Tier 1,Organic QR,2025-08-10,1,1,1,0,0,0,2025-08-13,2025-08-14,2025-08-15,,
M004222,Karnataka,Services,Tier 1,Organic QR,2026-01-06,0,0,0,0,0,0,,,,,
M004223,Uttar Pradesh,Services,Tier 2,Field sales,2026-04-28,1,1,1,0,0,0,2026-04-30,2026-05-02,2026-05-02,,
M004224,Maharashtra,Kirana/Grocery,Tier 2,Field sales,2026-01-11,1,1,1,0,0,0,2026-01-11,2026-01-16,2026-01-18,,
M004225,Rajasthan,Services,Tier 1,Online,2026-04-12,1,0,0,0,0,0,2026-04-15,,,,
M004226,Maharashtra,Food & Beverage,Tier 2,Online,2025-09-03,1,1,1,1,1,0,2025-09-04,2025-09-09,2025-09-11,2025-09-26,
M004227,Maharashtra,Services,Tier 1,Field sales,2025-12-12,1,1,1,1,1,1,2025-12-12,2025-12-15,2025-12-20,2026-01-08,2026-02-17
M004228,Telangana,Services,Tier 2,Partner,2026-02-09,1,1,1,1,0,0,2026-02-12,2026-02-16,2026-02-18,2026-03-15,
M004229,Karnataka,Kirana/Grocery,Tier 3+,Online,2025-11-04,1,0,0,0,0,0,2025-11-04,,,,
M004230,West Bengal,Pharmacy,Tier 1,Field sales,2025-07-06,0,0,0,0,0,0,,,,,
M004231,Telangana,Food & Beverage,Tier 3+,Online,2025-07-27,0,0,0,0,0,0,,,,,
M004232,Karnataka,Services,Tier 3+,Organic QR,2026-06-04,0,0,0,0,0,0,,,,,
M004233,Karnataka,Pharmacy,Tier 2,Organic QR,2026-02-06,1,1,1,1,1,1,2026-02-08,2026-02-07,2026-02-12,2026-03-05,2026-03-17
M004234,Telangana,Services,Tier 3+,Organic QR,2025-10-05,0,0,0,0,0,0,,,,,
M004235,Rajasthan,Pharmacy,Tier 3+,Field sales,2025-10-03,1,0,0,0,0,0,2025-10-04,,,,
M004236,Madhya Pradesh,Kirana/Grocery,Tier 1,Referral,2025-07-15,1,1,1,1,0,1,2025-07-18,2025-07-19,2025-07-19,2025-08-14,2025-10-06
M004237,Telangana,Kirana/Grocery,Tier 2,Partner,2026-06-10,1,1,0,0,0,0,2026-06-12,2026-06-17,,,
M004238,Rajasthan,Services,Tier 1,Field sales,2025-08-09,1,1,0,0,0,0,2025-08-09,2025-08-09,,,
M004239,Uttar Pradesh,Kirana/Grocery,Tier 2,Organic QR,2026-04-04,1,1,1,1,1,0,2026-04-07,2026-04-04,2026-04-09,2026-05-07,
M004240,Madhya Pradesh,Kirana/Grocery,Tier 2,Online,2025-09-26,1,1,1,1,0,0,2025-09-26,2025-09-30,2025-10-01,2025-10-17,
M004241,Uttar Pradesh,Kirana/Grocery,Tier 3+,Online,2025-10-31,0,0,0,0,0,0,,,,,
M004242,Karnataka,Food & Beverage,Tier 3+,Partner,2025-10-08,1,1,1,1,1,0,2025-10-11,2025-10-13,2025-10-17,2025-11-04,
M004243,Bihar,Other,Tier 3+,Field sales,2026-04-27,1,1,1,1,1,0,2026-04-29,2026-04-28,2026-05-05,2026-06-01,
M004244,Madhya Pradesh,Kirana/Grocery,Tier 3+,Field sales,2025-07-12,1,1,1,1,1,0,2025-07-13,2025-07-17,2025-07-21,2025-08-06,
M004245,Uttar Pradesh,Kirana/Grocery,Tier 2,Field sales,2025-11-06,1,1,1,1,1,0,2025-11-07,2025-11-06,2025-11-11,2025-11-30,
M004246,West Bengal,Other,Tier 1,Referral,2025-10-10,0,0,0,0,0,0,,,,,
M004247,Madhya Pradesh,Other,Tier 1,Referral,2025-10-08,1,1,0,0,0,0,2025-10-09,2025-10-12,,,
M004248,Karnataka,Kirana/Grocery,Tier 2,Online,2025-09-09,1,1,1,1,1,0,2025-09-12,2025-09-10,2025-09-14,2025-09-30,
M004249,Madhya Pradesh,Fashion/Retail,Tier 3+,Field sales,2026-05-30,1,1,1,1,1,0,2026-06-02,2026-05-31,2026-06-08,2026-06-21,
M004250,Rajasthan,Kirana/Grocery,Tier 1,Online,2025-11-16,1,1,1,0,0,0,2025-11-19,2025-11-23,2025-11-24,,
M004251,Uttar Pradesh,Pharmacy,Tier 2,Online,2025-11-30,1,1,1,1,1,0,2025-12-02,2025-12-06,2025-12-03,2025-12-28,
M004252,Uttar Pradesh,Kirana/Grocery,Tier 1,Partner,2025-11-18,1,1,0,0,0,0,2025-11-21,2025-11-20,,,
M004253,Madhya Pradesh,Food & Beverage,Tier 2,Online,2026-06-23,1,1,0,0,0,0,2026-06-24,2026-06-27,,,
M004254,Rajasthan,Kirana/Grocery,Tier 2,Organic QR,2025-11-01,1,1,1,1,1,0,2025-11-02,2025-11-08,2025-11-08,2025-12-03,
M004255,Uttar Pradesh,Pharmacy,Tier 1,Field sales,2025-11-02,1,0,0,0,0,0,2025-11-03,,,,
M004256,Maharashtra,Kirana/Grocery,Tier 1,Field sales,2025-10-28,1,1,0,0,0,0,2025-10-31,2025-11-02,,,
M004257,Uttar Pradesh,Food & Beverage,Tier 2,Field sales,2025-10-28,1,1,1,0,0,0,2025-10-30,2025-11-02,2025-10-31,,
M004258,West Bengal,Pharmacy,Tier 2,Field sales,2025-08-02,1,1,1,0,0,0,2025-08-04,2025-08-07,2025-08-05,,
M004259,Bihar,Kirana/Grocery,Tier 3+,Partner,2026-02-06,1,0,0,0,0,0,2026-02-06,,,,
M004260,Maharashtra,Other,Tier 1,Field sales,2025-07-10,1,1,1,1,1,1,2025-07-11,2025-07-14,2025-07-13,2025-08-09,2025-08-20
M004261,West Bengal,Food & Beverage,Tier 2,Field sales,2025-09-21,1,1,0,0,0,0,2025-09-22,2025-09-21,,,
M004262,Madhya Pradesh,Kirana/Grocery,Tier 2,Field sales,2025-09-12,1,1,0,0,0,0,2025-09-14,2025-09-12,,,
M004263,Uttar Pradesh,Kirana/Grocery,Tier 2,Partner,2025-10-15,1,1,1,1,1,0,2025-10-18,2025-10-18,2025-10-18,2025-11-12,
M004264,Maharashtra,Food & Beverage,Tier 2,Online,2026-04-03,1,1,1,1,0,0,2026-04-03,2026-04-07,2026-04-09,2026-04-27,
M004265,Uttar Pradesh,Kirana/Grocery,Tier 1,Organic QR,2026-02-04,1,1,0,0,0,0,2026-02-06,2026-02-10,,,
M004266,Maharashtra,Services,Tier 3+,Referral,2026-06-27,1,1,0,0,0,0,2026-06-29,2026-06-27,,,
M004267,Telangana,Services,Tier 3+,Online,2025-11-06,1,1,0,0,0,0,2025-11-06,2025-11-09,,,
M004268,Rajasthan,Food & Beverage,Tier 2,Partner,2026-06-04,0,0,0,0,0,0,,,,,
M004269,West Bengal,Food & Beverage,Tier 2,Partner,2025-07-17,1,0,0,0,0,0,2025-07-17,,,,
M004270,Telangana,Fashion/Retail,Tier 1,Partner,2026-01-01,1,1,1,1,0,1,2026-01-02,2026-01-03,2026-01-04,2026-01-29,2026-02-08
M004271,Madhya Pradesh,Food & Beverage,Tier 1,Online,2026-04-18,1,1,1,1,1,0,2026-04-20,2026-04-23,2026-04-25,2026-05-18,
M004272,West Bengal,Services,Tier 1,Field sales,2026-01-11,1,1,1,1,0,0,2026-01-12,2026-01-15,2026-01-15,2026-02-03,
M004273,Maharashtra,Other,Tier 3+,Referral,2026-06-06,0,0,0,0,0,0,,,,,
M004274,Karnataka,Kirana/Grocery,Tier 1,Organic QR,2025-10-23,1,0,0,0,0,0,2025-10-25,,,,
M004275,Bihar,Services,Tier 1,Field sales,2025-07-13,1,1,0,0,0,0,2025-07-13,2025-07-16,,,
M004276,Bihar,Other,Tier 1,Partner,2026-04-09,1,1,1,0,0,0,2026-04-10,2026-04-14,2026-04-13,,
M004277,Uttar Pradesh,Services,Tier 1,Referral,2025-07-25,1,0,0,0,0,0,2025-07-25,,,,
M004278,Rajasthan,Other,Tier 2,Online,2026-04-06,1,0,0,0,0,0,2026-04-06,,,,
M004279,Rajasthan,Food & Beverage,Tier 2,Online,2026-03-25,1,1,1,1,1,0,2026-03-27,2026-03-31,2026-03-28,2026-04-21,
M004280,Bihar,Services,Tier 2,Partner,2026-05-05,1,1,0,0,0,0,2026-05-05,2026-05-10,,,
M004281,Bihar,Food & Beverage,Tier 2,Organic QR,2025-12-22,1,1,0,0,0,0,2025-12-23,2025-12-28,,,
M004282,Maharashtra,Kirana/Grocery,Tier 2,Online,2026-05-23,1,0,0,0,0,0,2026-05-25,,,,
M004283,Maharashtra,Other,Tier 3+,Field sales,2025-08-31,1,1,1,1,1,0,2025-09-02,2025-09-04,2025-09-05,2025-09-29,
M004284,Maharashtra,Kirana/Grocery,Tier 1,Field sales,2025-12-06,1,0,0,0,0,0,2025-12-08,,,,
M004285,West Bengal,Other,Tier 1,Organic QR,2025-08-14,0,0,0,0,0,0,,,,,
M004286,West Bengal,Services,Tier 3+,Organic QR,2026-04-06,1,0,0,0,0,0,2026-04-08,,,,
M004287,Madhya Pradesh,Other,Tier 2,Partner,2026-03-18,1,1,1,0,0,0,2026-03-21,2026-03-24,2026-03-21,,
M004288,Maharashtra,Other,Tier 2,Referral,2026-04-21,1,0,0,0,0,0,2026-04-24,,,,
M004289,Uttar Pradesh,Services,Tier 1,Field sales,2026-04-05,1,0,0,0,0,0,2026-04-06,,,,
M004290,Karnataka,Other,Tier 1,Referral,2025-10-21,0,0,0,0,0,0,,,,,
M004291,Telangana,Pharmacy,Tier 1,Partner,2025-07-25,1,0,0,0,0,0,2025-07-27,,,,
M004292,Karnataka,Services,Tier 3+,Online,2026-06-05,0,0,0,0,0,0,,,,,
M004293,Madhya Pradesh,Services,Tier 2,Field sales,2025-12-27,1,1,1,0,0,0,2025-12-27,2026-01-01,2026-01-03,,
M004294,Maharashtra,Kirana/Grocery,Tier 1,Partner,2025-08-04,1,1,1,1,1,0,2025-08-07,2025-08-09,2025-08-10,2025-08-24,
M004295,Rajasthan,Kirana/Grocery,Tier 1,Referral,2026-06-04,1,0,0,0,0,0,2026-06-06,,,,
M004296,West Bengal,Kirana/Grocery,Tier 1,Organic QR,2026-06-28,1,1,0,0,0,0,2026-07-01,2026-07-01,,,
M004297,Bihar,Food & Beverage,Tier 1,Field sales,2025-12-10,1,1,1,1,1,0,2025-12-10,2025-12-14,2025-12-20,2026-01-09,
M004298,Maharashtra,Kirana/Grocery,Tier 2,Field sales,2026-04-08,1,1,1,1,1,0,2026-04-09,2026-04-13,2026-04-16,2026-04-28,
M004299,West Bengal,Services,Tier 2,Field sales,2025-07-14,1,0,0,0,0,0,2025-07-16,,,,
M004300,Rajasthan,Services,Tier 3+,Organic QR,2025-08-04,1,1,1,1,1,1,2025-08-04,2025-08-10,2025-08-10,2025-08-30,2025-10-08
M004301,Uttar Pradesh,Services,Tier 3+,Partner,2025-10-09,1,1,1,1,1,0,2025-10-10,2025-10-14,2025-10-15,2025-10-29,
M004302,Rajasthan,Other,Tier 3+,Organic QR,2026-02-25,1,1,0,0,0,0,2026-02-26,2026-02-28,,,
M004303,Madhya Pradesh,Other,Tier 3+,Partner,2025-08-18,1,0,0,0,0,0,2025-08-20,,,,
M004304,Uttar Pradesh,Other,Tier 3+,Field sales,2025-07-13,1,1,1,0,0,0,2025-07-15,2025-07-13,2025-07-16,,
M004305,Uttar Pradesh,Services,Tier 3+,Field sales,2026-03-02,0,0,0,0,0,0,,,,,
M004306,Uttar Pradesh,Kirana/Grocery,Tier 1,Referral,2026-04-08,1,1,1,0,0,0,2026-04-10,2026-04-15,2026-04-15,,
M004307,Maharashtra,Other,Tier 1,Referral,2026-03-27,1,1,1,1,1,0,2026-03-28,2026-03-29,2026-04-03,2026-04-20,
M004308,Madhya Pradesh,Kirana/Grocery,Tier 1,Partner,2026-04-18,1,1,1,1,1,0,2026-04-18,2026-04-24,2026-04-23,2026-05-14,
M004309,Maharashtra,Kirana/Grocery,Tier 2,Partner,2026-04-20,1,1,1,1,1,0,2026-04-20,2026-04-20,2026-04-25,2026-05-12,
M004310,Uttar Pradesh,Food & Beverage,Tier 2,Online,2026-02-05,0,0,0,0,0,0,,,,,
M004311,Uttar Pradesh,Services,Tier 1,Online,2026-01-06,1,1,1,1,1,0,2026-01-09,2026-01-08,2026-01-14,2026-02-08,
M004312,Karnataka,Pharmacy,Tier 3+,Partner,2026-05-09,1,1,1,0,0,0,2026-05-09,2026-05-09,2026-05-17,,
M004313,Uttar Pradesh,Kirana/Grocery,Tier 3+,Field sales,2025-11-05,1,0,0,0,0,0,2025-11-08,,,,
M004314,Rajasthan,Fashion/Retail,Tier 2,Field sales,2025-08-05,1,1,1,1,1,0,2025-08-06,2025-08-08,2025-08-10,2025-09-08,
M004315,Telangana,Kirana/Grocery,Tier 2,Partner,2026-04-01,1,1,0,0,0,0,2026-04-03,2026-04-01,,,
M004316,Maharashtra,Kirana/Grocery,Tier 1,Organic QR,2025-10-09,1,1,1,1,1,1,2025-10-09,2025-10-16,2025-10-18,2025-11-03,2025-12-07
M004317,Madhya Pradesh,Food & Beverage,Tier 2,Field sales,2026-06-23,1,1,1,0,0,0,2026-06-26,2026-06-26,2026-06-28,,
M004318,West Bengal,Food & Beverage,Tier 1,Field sales,2025-11-29,1,1,1,1,1,0,2025-12-02,2025-12-01,2025-12-05,2025-12-27,
M004319,Uttar Pradesh,Pharmacy,Tier 2,Online,2026-05-07,1,1,1,1,1,0,2026-05-10,2026-05-09,2026-05-17,2026-06-06,
M004320,Telangana,Kirana/Grocery,Tier 1,Field sales,2025-07-16,1,0,0,0,0,0,2025-07-16,,,,
M004321,Maharashtra,Kirana/Grocery,Tier 1,Referral,2026-02-26,1,0,0,0,0,0,2026-03-01,,,,
M004322,Maharashtra,Kirana/Grocery,Tier 2,Online,2025-12-11,1,1,1,0,0,0,2025-12-11,2025-12-11,2025-12-19,,
M004323,Uttar Pradesh,Fashion/Retail,Tier 2,Partner,2025-12-16,1,1,1,1,1,0,2025-12-18,2025-12-17,2025-12-22,2026-01-12,
M004324,West Bengal,Other,Tier 2,Field sales,2025-10-05,0,0,0,0,0,0,,,,,
M004325,Bihar,Services,Tier 3+,Referral,2026-06-20,1,0,0,0,0,0,2026-06-23,,,,
M004326,Telangana,Services,Tier 1,Partner,2025-11-21,0,0,0,0,0,0,,,,,
M004327,West Bengal,Other,Tier 3+,Field sales,2026-05-07,1,1,0,0,0,0,2026-05-09,2026-05-07,,,
M004328,Uttar Pradesh,Kirana/Grocery,Tier 1,Partner,2025-12-03,0,0,0,0,0,0,,,,,
M004329,Karnataka,Kirana/Grocery,Tier 1,Field sales,2025-07-18,1,1,1,1,0,0,2025-07-21,2025-07-18,2025-07-25,2025-08-20,
M004330,Uttar Pradesh,Services,Tier 3+,Partner,2026-05-17,1,1,1,1,0,0,2026-05-17,2026-05-23,2026-05-23,2026-06-19,
M004331,Karnataka,Kirana/Grocery,Tier 3+,Online,2025-09-06,1,0,0,0,0,0,2025-09-09,,,,
M004332,West Bengal,Food & Beverage,Tier 2,Organic QR,2025-10-07,1,1,0,0,0,0,2025-10-09,2025-10-12,,,
M004333,Telangana,Food & Beverage,Tier 3+,Online,2026-05-11,0,0,0,0,0,0,,,,,
M004334,Rajasthan,Food & Beverage,Tier 2,Organic QR,2026-05-23,1,1,1,1,1,0,2026-05-26,2026-05-25,2026-05-27,2026-06-20,
M004335,Uttar Pradesh,Food & Beverage,Tier 3+,Online,2026-05-31,1,1,1,1,1,0,2026-05-31,2026-06-02,2026-06-03,2026-06-30,
M004336,West Bengal,Food & Beverage,Tier 1,Referral,2025-12-03,1,1,1,1,1,0,2025-12-04,2025-12-04,2025-12-12,2026-01-06,
M004337,Rajasthan,Kirana/Grocery,Tier 3+,Field sales,2026-04-03,1,1,1,1,0,0,2026-04-06,2026-04-05,2026-04-13,2026-05-06,
M004338,Uttar Pradesh,Fashion/Retail,Tier 3+,Online,2025-10-28,1,1,1,1,0,1,2025-10-28,2025-10-30,2025-11-07,2025-11-21,2026-01-21
M004339,Maharashtra,Pharmacy,Tier 3+,Online,2026-03-28,1,1,0,0,0,0,2026-03-28,2026-04-03,,,
M004340,West Bengal,Kirana/Grocery,Tier 3+,Field sales,2025-12-31,1,1,1,1,1,0,2026-01-03,2026-01-04,2026-01-05,2026-02-03,
M004341,Uttar Pradesh,Kirana/Grocery,Tier 2,Referral,2025-07-19,1,1,0,0,0,0,2025-07-22,2025-07-19,,,
M004342,Karnataka,Kirana/Grocery,Tier 2,Field sales,2025-11-30,1,0,0,0,0,0,2025-12-01,,,,
M004343,Madhya Pradesh,Kirana/Grocery,Tier 2,Field sales,2025-12-18,1,0,0,0,0,0,2025-12-18,,,,
M004344,Maharashtra,Kirana/Grocery,Tier 3+,Field sales,2025-10-02,1,1,1,0,0,0,2025-10-02,2025-10-05,2025-10-08,,
M004345,Telangana,Kirana/Grocery,Tier 2,Organic QR,2025-11-14,1,1,0,0,0,0,2025-11-17,2025-11-15,,,
M004346,Uttar Pradesh,Fashion/Retail,Tier 2,Field sales,2025-12-31,1,1,1,0,0,0,2026-01-03,2026-01-01,2026-01-08,,
M004347,Telangana,Fashion/Retail,Tier 3+,Field sales,2025-07-19,1,1,1,0,0,0,2025-07-21,2025-07-24,2025-07-24,,
M004348,Uttar Pradesh,Fashion/Retail,Tier 1,Online,2025-08-25,1,1,0,0,0,0,2025-08-25,2025-08-28,,,
M004349,Karnataka,Services,Tier 3+,Organic QR,2026-04-06,0,0,0,0,0,0,,,,,
M004350,Maharashtra,Pharmacy,Tier 3+,Referral,2025-11-06,1,1,1,1,0,1,2025-11-07,2025-11-07,2025-11-14,2025-12-04,2025-12-14
M004351,Maharashtra,Pharmacy,Tier 1,Field sales,2026-02-08,1,1,1,0,0,0,2026-02-08,2026-02-13,2026-02-14,,
M004352,Maharashtra,Fashion/Retail,Tier 1,Field sales,2026-01-23,1,0,0,0,0,0,2026-01-25,,,,
M004353,West Bengal,Pharmacy,Tier 3+,Referral,2026-01-18,1,1,0,0,0,0,2026-01-20,2026-01-21,,,
M004354,Uttar Pradesh,Pharmacy,Tier 1,Field sales,2025-11-28,1,1,1,1,1,0,2025-12-01,2025-12-01,2025-12-08,2026-01-02,
M004355,Uttar Pradesh,Fashion/Retail,Tier 3+,Organic QR,2025-12-24,0,0,0,0,0,0,,,,,
M004356,Uttar Pradesh,Services,Tier 1,Online,2026-04-27,1,1,1,1,0,0,2026-04-27,2026-04-27,2026-05-06,2026-05-25,
M004357,Bihar,Kirana/Grocery,Tier 1,Field sales,2026-06-18,1,1,1,1,1,0,2026-06-20,2026-06-22,2026-06-28,2026-07-23,
M004358,Maharashtra,Kirana/Grocery,Tier 1,Organic QR,2025-10-02,1,1,1,1,1,1,2025-10-02,2025-10-04,2025-10-11,2025-10-24,2025-10-21
M004359,Karnataka,Food & Beverage,Tier 3+,Partner,2026-03-02,1,1,1,1,1,0,2026-03-02,2026-03-07,2026-03-06,2026-04-03,
M004360,Rajasthan,Kirana/Grocery,Tier 2,Field sales,2026-06-19,1,1,1,1,0,0,2026-06-21,2026-06-21,2026-06-28,2026-07-16,
M004361,Uttar Pradesh,Kirana/Grocery,Tier 3+,Partner,2025-07-03,1,1,0,0,0,0,2025-07-05,2025-07-08,,,
M004362,Bihar,Kirana/Grocery,Tier 3+,Organic QR,2026-04-13,1,0,0,0,0,0,2026-04-14,,,,
M004363,West Bengal,Food & Beverage,Tier 2,Field sales,2025-12-29,1,1,1,1,0,1,2025-12-30,2026-01-02,2026-01-01,2026-01-20,2026-03-05
M004364,Madhya Pradesh,Other,Tier 1,Organic QR,2026-06-19,1,1,1,1,1,0,2026-06-22,2026-06-20,2026-06-27,2026-07-19,
M004365,Karnataka,Food & Beverage,Tier 1,Organic QR,2026-01-28,0,0,0,0,0,0,,,,,
M004366,Maharashtra,Kirana/Grocery,Tier 3+,Partner,2026-05-02,0,0,0,0,0,0,,,,,
M004367,Maharashtra,Food & Beverage,Tier 1,Online,2025-08-30,1,1,1,0,0,0,2025-08-31,2025-08-30,2025-09-09,,
M004368,Madhya Pradesh,Food & Beverage,Tier 3+,Referral,2025-08-21,1,1,1,1,0,1,2025-08-21,2025-08-24,2025-08-30,2025-09-18,2025-11-16
M004369,West Bengal,Pharmacy,Tier 3+,Organic QR,2026-06-04,1,1,1,1,0,0,2026-06-04,2026-06-06,2026-06-09,2026-06-25,
M004370,West Bengal,Services,Tier 2,Online,2026-01-09,1,1,0,0,0,0,2026-01-10,2026-01-16,,,
M004371,Karnataka,Kirana/Grocery,Tier 2,Referral,2026-01-20,1,1,1,1,1,1,2026-01-22,2026-01-20,2026-01-28,2026-02-11,2026-03-13
M004372,Madhya Pradesh,Services,Tier 3+,Field sales,2025-09-01,1,1,1,1,1,0,2025-09-04,2025-09-02,2025-09-10,2025-10-01,
M004373,Uttar Pradesh,Kirana/Grocery,Tier 3+,Field sales,2025-09-21,1,1,1,1,1,0,2025-09-23,2025-09-24,2025-09-24,2025-10-26,
M004374,Madhya Pradesh,Pharmacy,Tier 2,Field sales,2026-04-25,1,0,0,0,0,0,2026-04-25,,,,
M004375,Uttar Pradesh,Other,Tier 2,Field sales,2025-10-19,1,0,0,0,0,0,2025-10-19,,,,
M004376,Maharashtra,Other,Tier 2,Organic QR,2026-01-30,0,0,0,0,0,0,,,,,
M004377,Maharashtra,Kirana/Grocery,Tier 2,Field sales,2025-10-24,0,0,0,0,0,0,,,,,
M004378,West Bengal,Pharmacy,Tier 3+,Online,2025-10-05,1,1,1,0,0,0,2025-10-08,2025-10-12,2025-10-11,,
M004379,Uttar Pradesh,Fashion/Retail,Tier 2,Organic QR,2025-08-30,1,0,0,0,0,0,2025-08-30,,,,
M004380,Telangana,Fashion/Retail,Tier 3+,Field sales,2026-06-05,1,1,1,1,0,0,2026-06-08,2026-06-08,2026-06-09,2026-07-03,
M004381,Telangana,Kirana/Grocery,Tier 1,Online,2026-06-09,1,1,1,1,0,0,2026-06-12,2026-06-12,2026-06-14,2026-07-05,
M004382,Telangana,Food & Beverage,Tier 3+,Organic QR,2025-08-12,0,0,0,0,0,0,,,,,
M004383,West Bengal,Kirana/Grocery,Tier 2,Field sales,2025-11-06,1,1,0,0,0,0,2025-11-06,2025-11-13,,,
M004384,Maharashtra,Kirana/Grocery,Tier 3+,Field sales,2026-01-22,1,1,1,1,1,0,2026-01-24,2026-01-26,2026-02-01,2026-02-16,
M004385,Maharashtra,Services,Tier 1,Partner,2025-11-17,1,1,1,1,0,0,2025-11-19,2025-11-23,2025-11-21,2025-12-18,
M004386,Madhya Pradesh,Food & Beverage,Tier 3+,Organic QR,2026-03-21,1,1,0,0,0,0,2026-03-21,2026-03-23,,,
M004387,Uttar Pradesh,Kirana/Grocery,Tier 2,Partner,2025-10-03,1,0,0,0,0,0,2025-10-03,,,,
M004388,Maharashtra,Fashion/Retail,Tier 2,Referral,2025-07-22,1,1,1,1,1,1,2025-07-22,2025-07-23,2025-07-30,2025-08-17,2025-09-17
M004389,Maharashtra,Services,Tier 1,Partner,2025-10-31,1,1,1,0,0,0,2025-11-03,2025-11-05,2025-11-10,,
M004390,Karnataka,Other,Tier 1,Online,2026-02-04,1,1,1,1,0,1,2026-02-04,2026-02-06,2026-02-13,2026-03-04,2026-03-26
M004391,Karnataka,Fashion/Retail,Tier 1,Partner,2025-09-04,1,1,1,1,0,0,2025-09-07,2025-09-05,2025-09-07,2025-10-07,
M004392,Maharashtra,Fashion/Retail,Tier 1,Partner,2026-04-24,1,1,1,0,0,0,2026-04-26,2026-04-28,2026-05-04,,
M004393,Karnataka,Fashion/Retail,Tier 2,Field sales,2025-07-05,1,1,1,1,1,1,2025-07-06,2025-07-11,2025-07-12,2025-08-06,2025-08-13
M004394,Bihar,Kirana/Grocery,Tier 2,Organic QR,2025-07-25,1,1,1,0,0,0,2025-07-26,2025-08-01,2025-08-04,,
M004395,Madhya Pradesh,Kirana/Grocery,Tier 2,Organic QR,2026-01-02,1,1,1,1,0,1,2026-01-05,2026-01-03,2026-01-10,2026-02-06,2026-01-16
M004396,West Bengal,Other,Tier 3+,Organic QR,2026-01-03,1,1,1,1,1,0,2026-01-04,2026-01-10,2026-01-12,2026-02-03,
M004397,Uttar Pradesh,Kirana/Grocery,Tier 2,Organic QR,2025-10-16,1,1,0,0,0,0,2025-10-17,2025-10-17,,,
M004398,Telangana,Food & Beverage,Tier 1,Partner,2025-10-03,1,1,1,1,1,0,2025-10-06,2025-10-08,2025-10-09,2025-10-28,
M004399,West Bengal,Services,Tier 3+,Organic QR,2025-07-26,1,0,0,0,0,0,2025-07-28,,,,
M004400,Bihar,Kirana/Grocery,Tier 2,Organic QR,2026-02-27,1,1,0,0,0,0,2026-03-01,2026-02-27,,,
M004401,Uttar Pradesh,Kirana/Grocery,Tier 2,Organic QR,2025-11-16,0,0,0,0,0,0,,,,,
M004402,Karnataka,Food & Beverage,Tier 3+,Online,2025-08-13,1,1,1,0,0,0,2025-08-13,2025-08-17,2025-08-17,,
M004403,Telangana,Food & Beverage,Tier 3+,Field sales,2025-11-23,1,1,0,0,0,0,2025-11-26,2025-11-29,,,
M004404,Uttar Pradesh,Pharmacy,Tier 2,Partner,2026-06-08,1,1,1,0,0,0,2026-06-08,2026-06-09,2026-06-13,,
M004405,Uttar Pradesh,Kirana/Grocery,Tier 2,Partner,2025-10-04,0,0,0,0,0,0,,,,,
M004406,Maharashtra,Food & Beverage,Tier 3+,Organic QR,2026-05-23,1,1,1,1,1,0,2026-05-26,2026-05-29,2026-05-30,2026-06-13,
M004407,West Bengal,Kirana/Grocery,Tier 3+,Referral,2025-10-03,1,1,0,0,0,0,2025-10-04,2025-10-03,,,
M004408,Uttar Pradesh,Services,Tier 1,Online,2025-09-06,1,1,1,1,1,1,2025-09-06,2025-09-09,2025-09-10,2025-10-03,2025-12-05
M004409,Rajasthan,Kirana/Grocery,Tier 2,Referral,2025-10-04,1,1,1,1,0,1,2025-10-05,2025-10-05,2025-10-07,2025-10-29,2025-12-06
M004410,Karnataka,Kirana/Grocery,Tier 3+,Online,2025-10-26,1,0,0,0,0,0,2025-10-27,,,,
M004411,Bihar,Fashion/Retail,Tier 3+,Organic QR,2025-08-14,1,1,1,1,0,1,2025-08-14,2025-08-14,2025-08-18,2025-09-10,2025-10-27
M004412,Bihar,Kirana/Grocery,Tier 1,Online,2026-01-31,1,1,1,1,1,0,2026-02-03,2026-02-02,2026-02-09,2026-03-07,
M004413,Maharashtra,Pharmacy,Tier 2,Online,2025-10-30,1,1,1,1,1,1,2025-11-01,2025-11-06,2025-11-09,2025-11-29,2025-12-19
M004414,Rajasthan,Kirana/Grocery,Tier 2,Referral,2026-03-20,1,1,0,0,0,0,2026-03-20,2026-03-27,,,
M004415,Rajasthan,Kirana/Grocery,Tier 1,Referral,2025-12-27,1,0,0,0,0,0,2025-12-30,,,,
M004416,Madhya Pradesh,Kirana/Grocery,Tier 2,Partner,2025-12-09,1,1,1,1,1,1,2025-12-10,2025-12-10,2025-12-18,2025-12-31,2026-01-19
M004417,Karnataka,Fashion/Retail,Tier 2,Organic QR,2025-12-19,0,0,0,0,0,0,,,,,
M004418,Madhya Pradesh,Food & Beverage,Tier 1,Organic QR,2025-08-27,1,1,1,1,0,1,2025-08-30,2025-08-31,2025-09-02,2025-09-19,2025-10-01
M004419,Uttar Pradesh,Kirana/Grocery,Tier 2,Organic QR,2026-03-18,1,1,1,1,1,0,2026-03-18,2026-03-19,2026-03-25,2026-04-09,
M004420,Maharashtra,Services,Tier 3+,Partner,2025-08-08,1,1,1,1,0,0,2025-08-09,2025-08-15,2025-08-11,2025-09-02,
M004421,Maharashtra,Food & Beverage,Tier 3+,Field sales,2026-03-21,1,1,1,1,0,0,2026-03-23,2026-03-22,2026-03-28,2026-04-25,
M004422,Karnataka,Fashion/Retail,Tier 3+,Partner,2026-06-30,0,0,0,0,0,0,,,,,
M004423,Karnataka,Other,Tier 3+,Organic QR,2026-04-05,1,1,1,0,0,0,2026-04-06,2026-04-12,2026-04-11,,
M004424,Uttar Pradesh,Services,Tier 3+,Field sales,2025-12-14,1,0,0,0,0,0,2025-12-14,,,,
M004425,Bihar,Food & Beverage,Tier 2,Field sales,2025-10-23,1,1,0,0,0,0,2025-10-26,2025-10-25,,,
M004426,Karnataka,Food & Beverage,Tier 1,Field sales,2026-05-15,1,1,1,1,1,1,2026-05-17,2026-05-16,2026-05-21,2026-06-06,2026-06-11
M004427,West Bengal,Other,Tier 3+,Partner,2025-10-02,0,0,0,0,0,0,,,,,
M004428,Maharashtra,Food & Beverage,Tier 2,Field sales,2025-12-24,1,0,0,0,0,0,2025-12-26,,,,
M004429,Rajasthan,Kirana/Grocery,Tier 2,Field sales,2026-04-08,0,0,0,0,0,0,,,,,
M004430,West Bengal,Other,Tier 3+,Field sales,2026-06-02,1,1,1,1,0,0,2026-06-02,2026-06-09,2026-06-09,2026-07-03,
M004431,Madhya Pradesh,Other,Tier 2,Field sales,2026-06-02,1,0,0,0,0,0,2026-06-03,,,,
M004432,Rajasthan,Food & Beverage,Tier 3+,Field sales,2025-08-02,1,1,1,1,1,0,2025-08-05,2025-08-03,2025-08-08,2025-08-22,
M004433,Bihar,Food & Beverage,Tier 2,Field sales,2026-05-24,0,0,0,0,0,0,,,,,
M004434,Maharashtra,Pharmacy,Tier 1,Partner,2025-08-11,1,1,0,0,0,0,2025-08-12,2025-08-16,,,
M004435,Maharashtra,Fashion/Retail,Tier 3+,Partner,2026-01-30,1,1,1,1,1,1,2026-01-30,2026-02-04,2026-02-06,2026-02-20,2026-03-19
M004436,Uttar Pradesh,Services,Tier 3+,Online,2026-06-05,1,1,1,1,1,0,2026-06-08,2026-06-07,2026-06-14,2026-06-27,
M004437,Maharashtra,Food & Beverage,Tier 2,Field sales,2026-02-25,1,1,1,1,1,0,2026-02-26,2026-03-02,2026-02-28,2026-03-23,
M004438,Telangana,Food & Beverage,Tier 2,Field sales,2026-06-11,1,1,1,0,0,0,2026-06-12,2026-06-17,2026-06-21,,
M004439,Karnataka,Food & Beverage,Tier 1,Field sales,2025-11-03,1,1,1,1,1,1,2025-11-03,2025-11-07,2025-11-08,2025-11-23,2025-11-23
M004440,West Bengal,Kirana/Grocery,Tier 1,Partner,2025-10-23,0,0,0,0,0,0,,,,,
M004441,West Bengal,Fashion/Retail,Tier 1,Field sales,2025-10-28,1,1,1,1,0,0,2025-10-29,2025-11-03,2025-11-05,2025-11-17,
M004442,Madhya Pradesh,Kirana/Grocery,Tier 1,Field sales,2025-11-07,0,0,0,0,0,0,,,,,
M004443,Bihar,Food & Beverage,Tier 2,Organic QR,2026-03-07,1,1,1,1,1,1,2026-03-10,2026-03-09,2026-03-15,2026-03-30,2026-04-12
M004444,Maharashtra,Fashion/Retail,Tier 2,Field sales,2025-12-13,1,1,1,1,0,1,2025-12-16,2025-12-14,2025-12-23,2026-01-14,2026-03-10
M004445,Maharashtra,Food & Beverage,Tier 1,Organic QR,2026-03-27,1,1,1,0,0,0,2026-03-30,2026-03-30,2026-04-06,,
M004446,Rajasthan,Kirana/Grocery,Tier 2,Partner,2025-11-29,1,1,1,1,1,0,2025-12-01,2025-11-30,2025-12-03,2025-12-24,
M004447,Rajasthan,Other,Tier 1,Referral,2025-10-21,1,1,1,1,1,0,2025-10-23,2025-10-21,2025-10-28,2025-11-11,
M004448,Telangana,Kirana/Grocery,Tier 1,Organic QR,2025-09-08,1,1,1,1,0,1,2025-09-11,2025-09-09,2025-09-18,2025-09-29,2025-10-09
M004449,Uttar Pradesh,Fashion/Retail,Tier 3+,Field sales,2026-01-18,1,0,0,0,0,0,2026-01-18,,,,
M004450,Uttar Pradesh,Kirana/Grocery,Tier 3+,Organic QR,2026-05-24,1,1,1,1,0,0,2026-05-25,2026-05-24,2026-05-27,2026-06-14,
M004451,Karnataka,Food & Beverage,Tier 3+,Field sales,2026-05-10,1,1,1,1,1,0,2026-05-10,2026-05-12,2026-05-18,2026-06-14,
M004452,Telangana,Services,Tier 1,Field sales,2025-10-01,1,0,0,0,0,0,2025-10-04,,,,
M004453,Uttar Pradesh,Food & Beverage,Tier 3+,Organic QR,2025-12-22,1,1,1,0,0,0,2025-12-24,2025-12-24,2025-12-31,,
M004454,Rajasthan,Services,Tier 1,Field sales,2026-03-15,0,0,0,0,0,0,,,,,
M004455,West Bengal,Kirana/Grocery,Tier 2,Field sales,2026-02-09,1,1,1,1,1,1,2026-02-12,2026-02-09,2026-02-15,2026-03-07,2026-03-14
M004456,Uttar Pradesh,Services,Tier 3+,Partner,2025-07-25,0,0,0,0,0,0,,,,,
M004457,Bihar,Kirana/Grocery,Tier 2,Referral,2026-02-01,0,0,0,0,0,0,,,,,
M004458,Madhya Pradesh,Fashion/Retail,Tier 3+,Field sales,2025-07-15,0,0,0,0,0,0,,,,,
M004459,Maharashtra,Services,Tier 3+,Organic QR,2025-08-12,1,1,1,1,0,0,2025-08-14,2025-08-17,2025-08-18,2025-09-03,
M004460,Rajasthan,Food & Beverage,Tier 1,Online,2026-02-24,1,1,1,0,0,0,2026-02-26,2026-02-27,2026-03-02,,
M004461,Uttar Pradesh,Kirana/Grocery,Tier 1,Field sales,2025-08-07,1,1,0,0,0,0,2025-08-09,2025-08-09,,,
M004462,Uttar Pradesh,Services,Tier 3+,Partner,2025-11-01,1,1,1,1,0,0,2025-11-04,2025-11-02,2025-11-09,2025-11-23,
M004463,Maharashtra,Services,Tier 2,Field sales,2026-01-31,1,1,1,1,0,0,2026-02-03,2026-02-03,2026-02-04,2026-03-05,
M004464,West Bengal,Kirana/Grocery,Tier 1,Online,2026-02-25,1,0,0,0,0,0,2026-02-26,,,,
M004465,West Bengal,Pharmacy,Tier 1,Field sales,2025-12-10,1,1,0,0,0,0,2025-12-12,2025-12-16,,,
M004466,Maharashtra,Kirana/Grocery,Tier 3+,Field sales,2025-08-04,1,1,1,0,0,0,2025-08-06,2025-08-04,2025-08-08,,
M004467,Karnataka,Kirana/Grocery,Tier 1,Online,2026-04-18,1,1,1,1,0,0,2026-04-18,2026-04-20,2026-04-21,2026-05-21,
M004468,Karnataka,Pharmacy,Tier 3+,Partner,2026-06-12,0,0,0,0,0,0,,,,,
M004469,Madhya Pradesh,Kirana/Grocery,Tier 2,Field sales,2026-05-21,1,1,1,0,0,0,2026-05-23,2026-05-24,2026-05-30,,
M004470,Rajasthan,Kirana/Grocery,Tier 1,Referral,2026-03-31,1,1,0,0,0,0,2026-04-01,2026-04-05,,,
M004471,Maharashtra,Services,Tier 2,Online,2025-11-24,1,1,1,1,0,1,2025-11-27,2025-11-30,2025-12-03,2025-12-25,2025-12-13
M004472,Madhya Pradesh,Pharmacy,Tier 3+,Organic QR,2026-05-16,0,0,0,0,0,0,,,,,
M004473,Telangana,Kirana/Grocery,Tier 2,Field sales,2025-12-26,1,1,1,1,0,0,2025-12-29,2025-12-31,2025-12-31,2026-01-23,
M004474,Uttar Pradesh,Kirana/Grocery,Tier 1,Field sales,2025-08-19,0,0,0,0,0,0,,,,,
M004475,Uttar Pradesh,Food & Beverage,Tier 1,Online,2026-05-07,1,1,1,1,0,0,2026-05-09,2026-05-11,2026-05-14,2026-06-08,
M004476,Uttar Pradesh,Services,Tier 3+,Field sales,2025-10-25,1,1,1,0,0,0,2025-10-25,2025-10-31,2025-11-02,,
M004477,Uttar Pradesh,Food & Beverage,Tier 2,Field sales,2026-06-08,1,0,0,0,0,0,2026-06-11,,,,
M004478,Karnataka,Services,Tier 2,Field sales,2025-11-12,1,1,1,0,0,0,2025-11-13,2025-11-17,2025-11-16,,
M004479,Uttar Pradesh,Pharmacy,Tier 1,Field sales,2026-05-14,0,0,0,0,0,0,,,,,
M004480,West Bengal,Other,Tier 2,Organic QR,2026-01-13,1,1,1,1,1,0,2026-01-14,2026-01-16,2026-01-19,2026-02-09,
M004481,Uttar Pradesh,Food & Beverage,Tier 3+,Organic QR,2025-12-18,1,1,0,0,0,0,2025-12-20,2025-12-23,,,
M004482,West Bengal,Kirana/Grocery,Tier 1,Field sales,2025-10-17,1,1,1,1,1,0,2025-10-19,2025-10-20,2025-10-22,2025-11-09,
M004483,Uttar Pradesh,Kirana/Grocery,Tier 3+,Field sales,2026-05-02,0,0,0,0,0,0,,,,,
M004484,Bihar,Kirana/Grocery,Tier 3+,Field sales,2025-07-23,1,1,1,1,1,1,2025-07-26,2025-07-30,2025-07-28,2025-08-18,2025-10-13
M004485,Karnataka,Food & Beverage,Tier 1,Field sales,2025-12-19,0,0,0,0,0,0,,,,,
M004486,Madhya Pradesh,Fashion/Retail,Tier 3+,Field sales,2025-11-12,1,1,0,0,0,0,2025-11-13,2025-11-14,,,
M004487,Karnataka,Food & Beverage,Tier 2,Partner,2026-01-15,1,1,1,0,0,0,2026-01-17,2026-01-20,2026-01-23,,
M004488,Maharashtra,Kirana/Grocery,Tier 2,Field sales,2025-10-01,1,0,0,0,0,0,2025-10-04,,,,
M004489,Maharashtra,Services,Tier 1,Field sales,2026-02-28,1,0,0,0,0,0,2026-03-02,,,,
M004490,Maharashtra,Other,Tier 3+,Organic QR,2025-11-18,0,0,0,0,0,0,,,,,
M004491,West Bengal,Kirana/Grocery,Tier 2,Partner,2025-09-07,1,1,1,1,1,0,2025-09-09,2025-09-07,2025-09-11,2025-10-12,
M004492,West Bengal,Fashion/Retail,Tier 3+,Partner,2025-09-10,0,0,0,0,0,0,,,,,
M004493,Bihar,Fashion/Retail,Tier 1,Online,2026-03-12,0,0,0,0,0,0,,,,,
M004494,Maharashtra,Food & Beverage,Tier 1,Field sales,2025-10-04,1,1,0,0,0,0,2025-10-07,2025-10-09,,,
M004495,West Bengal,Services,Tier 3+,Field sales,2025-10-21,1,1,1,1,1,0,2025-10-24,2025-10-22,2025-10-25,2025-11-16,
M004496,Bihar,Food & Beverage,Tier 2,Field sales,2026-02-14,1,0,0,0,0,0,2026-02-16,,,,
M004497,Telangana,Kirana/Grocery,Tier 1,Field sales,2025-10-29,1,1,1,0,0,0,2025-11-01,2025-11-02,2025-11-07,,
M004498,Uttar Pradesh,Food & Beverage,Tier 3+,Online,2025-11-19,1,1,1,0,0,0,2025-11-20,2025-11-20,2025-11-23,,
M004499,Rajasthan,Kirana/Grocery,Tier 1,Organic QR,2025-09-28,1,1,1,0,0,0,2025-09-30,2025-09-28,2025-10-04,,
M004500,Maharashtra,Pharmacy,Tier 3+,Referral,2025-11-04,1,0,0,0,0,0,2025-11-04,,,,
M004501,Uttar Pradesh,Fashion/Retail,Tier 3+,Online,2026-03-10,1,1,1,1,0,0,2026-03-10,2026-03-15,2026-03-18,2026-04-02,
M004502,Bihar,Food & Beverage,Tier 1,Referral,2026-01-11,0,0,0,0,0,0,,,,,
M004503,Karnataka,Services,Tier 2,Organic QR,2026-06-30,1,1,1,1,1,0,2026-07-01,2026-07-05,2026-07-06,2026-07-29,
M004504,Uttar Pradesh,Kirana/Grocery,Tier 3+,Online,2026-04-08,1,1,1,1,0,1,2026-04-10,2026-04-14,2026-04-14,2026-04-28,2026-05-05
M004505,Uttar Pradesh,Kirana/Grocery,Tier 3+,Organic QR,2025-07-07,1,1,1,1,0,0,2025-07-08,2025-07-13,2025-07-10,2025-08-04,
M004506,Bihar,Services,Tier 2,Field sales,2025-11-16,1,0,0,0,0,0,2025-11-18,,,,
M004507,West Bengal,Kirana/Grocery,Tier 2,Organic QR,2025-10-14,1,1,1,1,0,0,2025-10-15,2025-10-17,2025-10-20,2025-11-05,
M004508,Madhya Pradesh,Fashion/Retail,Tier 2,Online,2026-01-31,1,1,0,0,0,0,2026-01-31,2026-02-07,,,
M004509,Rajasthan,Kirana/Grocery,Tier 1,Referral,2025-10-05,0,0,0,0,0,0,,,,,
M004510,Rajasthan,Fashion/Retail,Tier 2,Organic QR,2026-06-18,1,1,1,1,1,0,2026-06-20,2026-06-24,2026-06-22,2026-07-08,
M004511,Rajasthan,Food & Beverage,Tier 2,Online,2025-10-18,1,0,0,0,0,0,2025-10-18,,,,
M004512,Uttar Pradesh,Food & Beverage,Tier 2,Organic QR,2026-01-07,1,1,1,1,1,0,2026-01-08,2026-01-07,2026-01-11,2026-02-01,
M004513,Maharashtra,Pharmacy,Tier 2,Partner,2025-08-14,1,0,0,0,0,0,2025-08-17,,,,
M004514,Bihar,Services,Tier 3+,Field sales,2026-05-29,1,1,1,1,1,0,2026-05-29,2026-05-31,2026-06-03,2026-06-29,
M004515,Bihar,Kirana/Grocery,Tier 1,Field sales,2026-05-29,1,0,0,0,0,0,2026-05-30,,,,
M004516,Uttar Pradesh,Fashion/Retail,Tier 1,Field sales,2026-04-16,1,1,1,1,0,1,2026-04-18,2026-04-21,2026-04-24,2026-05-07,2026-06-30
M004517,Madhya Pradesh,Food & Beverage,Tier 1,Online,2025-11-06,1,0,0,0,0,0,2025-11-09,,,,
M004518,Rajasthan,Kirana/Grocery,Tier 1,Online,2025-07-22,1,1,1,1,1,0,2025-07-23,2025-07-27,2025-07-25,2025-08-12,
M004519,Telangana,Food & Beverage,Tier 3+,Field sales,2026-03-17,1,1,1,1,1,0,2026-03-18,2026-03-23,2026-03-20,2026-04-18,
M004520,Maharashtra,Services,Tier 2,Field sales,2025-12-04,1,1,1,0,0,0,2025-12-04,2025-12-08,2025-12-11,,
M004521,Maharashtra,Services,Tier 1,Field sales,2026-06-27,1,1,0,0,0,0,2026-06-30,2026-06-30,,,
M004522,Telangana,Fashion/Retail,Tier 3+,Referral,2026-03-12,1,1,1,1,0,0,2026-03-12,2026-03-13,2026-03-19,2026-04-15,
M004523,Uttar Pradesh,Services,Tier 1,Organic QR,2026-01-13,0,0,0,0,0,0,,,,,
M004524,Maharashtra,Kirana/Grocery,Tier 2,Organic QR,2026-06-26,1,1,0,0,0,0,2026-06-28,2026-07-03,,,
M004525,Karnataka,Kirana/Grocery,Tier 3+,Field sales,2026-04-19,0,0,0,0,0,0,,,,,
M004526,Karnataka,Kirana/Grocery,Tier 3+,Field sales,2025-12-15,1,1,1,1,1,0,2025-12-18,2025-12-18,2025-12-19,2026-01-12,
M004527,Madhya Pradesh,Pharmacy,Tier 1,Online,2025-07-07,1,1,0,0,0,0,2025-07-09,2025-07-13,,,
M004528,Bihar,Kirana/Grocery,Tier 3+,Organic QR,2025-08-03,1,1,0,0,0,0,2025-08-05,2025-08-10,,,
M004529,Uttar Pradesh,Services,Tier 2,Field sales,2025-12-09,1,1,0,0,0,0,2025-12-11,2025-12-14,,,
M004530,Maharashtra,Services,Tier 2,Field sales,2026-01-22,0,0,0,0,0,0,,,,,
M004531,Maharashtra,Fashion/Retail,Tier 1,Field sales,2025-07-12,1,1,1,1,1,0,2025-07-13,2025-07-13,2025-07-15,2025-08-08,
M004532,Maharashtra,Kirana/Grocery,Tier 3+,Field sales,2025-08-16,1,1,0,0,0,0,2025-08-18,2025-08-20,,,
M004533,Uttar Pradesh,Kirana/Grocery,Tier 2,Field sales,2026-03-15,1,1,1,1,0,0,2026-03-18,2026-03-18,2026-03-23,2026-04-18,
M004534,Maharashtra,Other,Tier 3+,Partner,2026-04-01,1,1,0,0,0,0,2026-04-03,2026-04-05,,,
M004535,Telangana,Services,Tier 3+,Field sales,2025-07-11,1,1,1,1,0,1,2025-07-11,2025-07-13,2025-07-21,2025-08-04,2025-07-31
M004536,West Bengal,Food & Beverage,Tier 3+,Organic QR,2026-01-02,1,0,0,0,0,0,2026-01-02,,,,
M004537,Uttar Pradesh,Pharmacy,Tier 3+,Organic QR,2025-07-30,0,0,0,0,0,0,,,,,
M004538,Madhya Pradesh,Other,Tier 1,Field sales,2026-03-22,1,1,1,0,0,0,2026-03-24,2026-03-23,2026-03-30,,
M004539,Maharashtra,Kirana/Grocery,Tier 1,Organic QR,2026-05-01,1,1,1,1,0,0,2026-05-02,2026-05-06,2026-05-05,2026-05-30,
M004540,Karnataka,Other,Tier 2,Online,2026-05-14,1,1,0,0,0,0,2026-05-15,2026-05-21,,,
M004541,West Bengal,Kirana/Grocery,Tier 1,Field sales,2026-02-04,1,1,0,0,0,0,2026-02-07,2026-02-04,,,
M004542,Uttar Pradesh,Other,Tier 3+,Referral,2026-02-15,1,0,0,0,0,0,2026-02-15,,,,
M004543,Rajasthan,Kirana/Grocery,Tier 3+,Field sales,2026-06-04,1,1,0,0,0,0,2026-06-07,2026-06-05,,,
M004544,West Bengal,Kirana/Grocery,Tier 2,Field sales,2026-02-09,0,0,0,0,0,0,,,,,
M004545,Uttar Pradesh,Kirana/Grocery,Tier 1,Field sales,2025-12-10,1,1,1,1,0,1,2025-12-12,2025-12-13,2025-12-16,2025-12-30,2026-01-14
M004546,Telangana,Fashion/Retail,Tier 3+,Partner,2026-04-02,1,0,0,0,0,0,2026-04-05,,,,
M004547,Uttar Pradesh,Other,Tier 2,Organic QR,2026-02-01,1,0,0,0,0,0,2026-02-02,,,,
M004548,Maharashtra,Kirana/Grocery,Tier 2,Referral,2026-05-04,1,0,0,0,0,0,2026-05-07,,,,
M004549,Maharashtra,Food & Beverage,Tier 2,Field sales,2026-01-08,1,1,1,0,0,0,2026-01-08,2026-01-13,2026-01-17,,
M004550,Maharashtra,Kirana/Grocery,Tier 1,Partner,2026-05-14,1,1,1,1,0,1,2026-05-17,2026-05-16,2026-05-18,2026-06-04,2026-05-24
M004551,West Bengal,Kirana/Grocery,Tier 3+,Field sales,2025-07-17,1,1,1,0,0,0,2025-07-17,2025-07-21,2025-07-20,,
M004552,Rajasthan,Fashion/Retail,Tier 1,Field sales,2025-07-14,1,1,1,1,0,0,2025-07-17,2025-07-16,2025-07-23,2025-08-08,
M004553,Karnataka,Kirana/Grocery,Tier 2,Partner,2025-08-06,0,0,0,0,0,0,,,,,
M004554,Karnataka,Other,Tier 1,Field sales,2026-01-20,0,0,0,0,0,0,,,,,
M004555,Bihar,Other,Tier 1,Field sales,2026-03-16,1,1,1,1,1,1,2026-03-18,2026-03-18,2026-03-24,2026-04-13,2026-05-16
M004556,West Bengal,Kirana/Grocery,Tier 1,Organic QR,2025-09-17,0,0,0,0,0,0,,,,,
M004557,Karnataka,Services,Tier 1,Partner,2025-08-26,1,1,1,1,0,1,2025-08-29,2025-08-29,2025-09-05,2025-09-15,2025-11-03
M004558,Telangana,Other,Tier 3+,Partner,2026-05-11,1,1,0,0,0,0,2026-05-14,2026-05-14,,,
M004559,Madhya Pradesh,Fashion/Retail,Tier 3+,Field sales,2026-03-31,1,1,1,1,0,0,2026-03-31,2026-04-02,2026-04-06,2026-04-21,
M004560,West Bengal,Pharmacy,Tier 1,Field sales,2026-02-22,1,1,0,0,0,0,2026-02-23,2026-02-23,,,
M004561,West Bengal,Kirana/Grocery,Tier 1,Field sales,2025-12-26,1,1,0,0,0,0,2025-12-28,2025-12-30,,,
M004562,Karnataka,Kirana/Grocery,Tier 3+,Field sales,2025-12-01,1,0,0,0,0,0,2025-12-01,,,,
M004563,Maharashtra,Fashion/Retail,Tier 1,Field sales,2025-07-08,1,1,1,0,0,0,2025-07-08,2025-07-14,2025-07-16,,
M004564,Uttar Pradesh,Food & Beverage,Tier 2,Field sales,2025-09-07,1,0,0,0,0,0,2025-09-09,,,,
M004565,Karnataka,Services,Tier 1,Organic QR,2026-05-24,1,1,1,0,0,0,2026-05-24,2026-05-26,2026-05-30,,
M004566,West Bengal,Pharmacy,Tier 2,Organic QR,2025-11-01,0,0,0,0,0,0,,,,,
M004567,Maharashtra,Food & Beverage,Tier 3+,Field sales,2026-03-15,1,0,0,0,0,0,2026-03-16,,,,
M004568,Rajasthan,Kirana/Grocery,Tier 1,Field sales,2026-03-14,1,0,0,0,0,0,2026-03-16,,,,
M004569,West Bengal,Food & Beverage,Tier 3+,Field sales,2025-10-21,1,1,0,0,0,0,2025-10-24,2025-10-23,,,
M004570,West Bengal,Fashion/Retail,Tier 3+,Field sales,2025-09-13,0,0,0,0,0,0,,,,,
M004571,Rajasthan,Food & Beverage,Tier 3+,Referral,2026-03-10,1,1,1,1,1,1,2026-03-13,2026-03-17,2026-03-18,2026-04-01,2026-05-30
M004572,West Bengal,Kirana/Grocery,Tier 3+,Field sales,2025-08-04,1,1,1,0,0,0,2025-08-04,2025-08-06,2025-08-12,,
M004573,Maharashtra,Other,Tier 3+,Field sales,2025-12-28,1,1,0,0,0,0,2025-12-28,2025-12-31,,,
M004574,Telangana,Pharmacy,Tier 2,Online,2026-05-21,1,1,1,0,0,0,2026-05-21,2026-05-23,2026-05-25,,
M004575,Maharashtra,Services,Tier 3+,Organic QR,2026-03-17,1,1,1,1,1,0,2026-03-20,2026-03-18,2026-03-26,2026-04-21,
M004576,West Bengal,Fashion/Retail,Tier 1,Field sales,2026-04-05,0,0,0,0,0,0,,,,,
M004577,West Bengal,Food & Beverage,Tier 3+,Referral,2025-07-31,1,0,0,0,0,0,2025-07-31,,,,
M004578,Maharashtra,Other,Tier 2,Partner,2025-09-11,1,1,1,1,0,1,2025-09-12,2025-09-14,2025-09-17,2025-10-05,2025-09-28
M004579,Maharashtra,Fashion/Retail,Tier 1,Online,2025-10-09,0,0,0,0,0,0,,,,,
M004580,Telangana,Kirana/Grocery,Tier 1,Online,2025-10-15,1,1,1,1,1,1,2025-10-15,2025-10-17,2025-10-21,2025-11-14,2025-12-31
M004581,Karnataka,Food & Beverage,Tier 1,Partner,2025-09-09,1,1,1,1,1,0,2025-09-12,2025-09-11,2025-09-12,2025-10-13,
M004582,Madhya Pradesh,Kirana/Grocery,Tier 2,Field sales,2026-06-20,1,1,1,0,0,0,2026-06-23,2026-06-26,2026-06-25,,
M004583,Maharashtra,Services,Tier 1,Organic QR,2025-08-30,1,0,0,0,0,0,2025-09-01,,,,
M004584,Madhya Pradesh,Services,Tier 1,Field sales,2026-03-16,1,1,1,0,0,0,2026-03-19,2026-03-23,2026-03-19,,
M004585,Uttar Pradesh,Services,Tier 1,Organic QR,2026-01-31,1,1,1,0,0,0,2026-02-02,2026-01-31,2026-02-10,,
M004586,Telangana,Other,Tier 2,Online,2026-02-08,1,1,1,1,0,0,2026-02-10,2026-02-09,2026-02-14,2026-03-05,
M004587,Maharashtra,Food & Beverage,Tier 1,Field sales,2025-09-17,0,0,0,0,0,0,,,,,
M004588,West Bengal,Fashion/Retail,Tier 1,Online,2025-10-21,1,0,0,0,0,0,2025-10-22,,,,
M004589,Rajasthan,Services,Tier 1,Organic QR,2026-02-07,1,0,0,0,0,0,2026-02-10,,,,
M004590,Uttar Pradesh,Services,Tier 2,Field sales,2025-10-18,1,1,0,0,0,0,2025-10-19,2025-10-21,,,
M004591,Telangana,Kirana/Grocery,Tier 1,Online,2026-03-11,0,0,0,0,0,0,,,,,
M004592,West Bengal,Services,Tier 3+,Organic QR,2025-07-15,1,1,0,0,0,0,2025-07-15,2025-07-19,,,
M004593,Madhya Pradesh,Services,Tier 1,Organic QR,2025-07-27,1,1,1,1,1,1,2025-07-29,2025-08-03,2025-07-31,2025-08-18,2025-09-06
M004594,Madhya Pradesh,Kirana/Grocery,Tier 1,Organic QR,2026-03-23,0,0,0,0,0,0,,,,,
M004595,Rajasthan,Fashion/Retail,Tier 2,Field sales,2026-02-11,1,1,1,1,1,1,2026-02-11,2026-02-17,2026-02-16,2026-03-12,2026-03-01
M004596,West Bengal,Food & Beverage,Tier 3+,Field sales,2025-07-16,0,0,0,0,0,0,,,,,
M004597,Karnataka,Food & Beverage,Tier 2,Partner,2026-05-25,1,0,0,0,0,0,2026-05-27,,,,
M004598,Bihar,Fashion/Retail,Tier 1,Online,2025-07-02,1,1,1,1,0,1,2025-07-04,2025-07-02,2025-07-10,2025-07-27,2025-09-02
M004599,Uttar Pradesh,Food & Beverage,Tier 2,Partner,2026-06-14,1,1,1,0,0,0,2026-06-15,2026-06-19,2026-06-22,,
M004600,Rajasthan,Services,Tier 2,Referral,2026-03-24,0,0,0,0,0,0,,,,,
M004601,West Bengal,Services,Tier 2,Referral,2026-06-26,1,1,0,0,0,0,2026-06-26,2026-07-03,,,
M004602,West Bengal,Kirana/Grocery,Tier 3+,Field sales,2026-06-12,1,1,1,1,1,1,2026-06-13,2026-06-13,2026-06-19,2026-07-14,2026-07-19
M004603,Uttar Pradesh,Food & Beverage,Tier 3+,Referral,2025-10-23,1,1,1,0,0,0,2025-10-25,2025-10-25,2025-11-02,,
M004604,Uttar Pradesh,Kirana/Grocery,Tier 2,Referral,2026-04-03,1,1,1,0,0,0,2026-04-05,2026-04-05,2026-04-13,,
M004605,West Bengal,Kirana/Grocery,Tier 1,Field sales,2025-09-15,1,1,1,1,1,0,2025-09-15,2025-09-16,2025-09-21,2025-10-20,
M004606,West Bengal,Services,Tier 2,Organic QR,2025-12-20,1,1,1,1,0,0,2025-12-20,2025-12-23,2025-12-28,2026-01-24,
M004607,Bihar,Kirana/Grocery,Tier 3+,Partner,2025-09-26,1,1,0,0,0,0,2025-09-29,2025-10-02,,,
M004608,Maharashtra,Other,Tier 3+,Online,2025-12-25,1,1,0,0,0,0,2025-12-25,2025-12-25,,,
M004609,Telangana,Food & Beverage,Tier 1,Online,2026-05-15,1,1,1,1,0,1,2026-05-18,2026-05-18,2026-05-19,2026-06-10,2026-07-21
M004610,West Bengal,Kirana/Grocery,Tier 1,Organic QR,2025-12-07,1,1,0,0,0,0,2025-12-07,2025-12-14,,,
M004611,Bihar,Other,Tier 1,Referral,2025-08-03,1,1,0,0,0,0,2025-08-04,2025-08-03,,,
M004612,Bihar,Food & Beverage,Tier 3+,Organic QR,2025-10-27,1,1,1,0,0,0,2025-10-30,2025-11-02,2025-10-30,,
M004613,Rajasthan,Services,Tier 2,Online,2026-04-14,1,1,0,0,0,0,2026-04-14,2026-04-19,,,
M004614,Uttar Pradesh,Pharmacy,Tier 2,Partner,2026-01-07,1,1,0,0,0,0,2026-01-10,2026-01-08,,,
M004615,Uttar Pradesh,Fashion/Retail,Tier 2,Online,2026-01-21,1,1,0,0,0,0,2026-01-21,2026-01-27,,,
M004616,Madhya Pradesh,Kirana/Grocery,Tier 1,Online,2025-12-05,1,1,1,1,1,0,2025-12-05,2025-12-06,2025-12-09,2026-01-04,
M004617,Karnataka,Kirana/Grocery,Tier 3+,Field sales,2025-10-15,1,1,1,1,1,0,2025-10-16,2025-10-18,2025-10-21,2025-11-11,
M004618,Bihar,Other,Tier 2,Online,2026-02-04,1,1,1,1,1,0,2026-02-06,2026-02-11,2026-02-10,2026-03-06,
M004619,Bihar,Kirana/Grocery,Tier 1,Partner,2026-02-17,1,1,1,0,0,0,2026-02-19,2026-02-22,2026-02-27,,
M004620,Madhya Pradesh,Pharmacy,Tier 3+,Field sales,2026-05-24,1,1,1,1,1,0,2026-05-25,2026-05-27,2026-05-30,2026-06-17,
M004621,Telangana,Services,Tier 2,Field sales,2026-02-11,1,0,0,0,0,0,2026-02-13,,,,
M004622,Bihar,Services,Tier 3+,Partner,2026-06-29,1,1,1,1,1,1,2026-07-01,2026-06-29,2026-07-05,2026-07-25,2026-08-10
M004623,Maharashtra,Fashion/Retail,Tier 3+,Field sales,2026-04-28,1,1,1,1,1,0,2026-05-01,2026-04-28,2026-05-05,2026-05-19,
M004624,Maharashtra,Other,Tier 1,Field sales,2025-07-29,1,1,0,0,0,0,2025-07-30,2025-07-29,,,
M004625,Uttar Pradesh,Kirana/Grocery,Tier 1,Organic QR,2025-11-21,1,1,1,1,1,0,2025-11-24,2025-11-21,2025-11-24,2025-12-14,
M004626,Maharashtra,Services,Tier 1,Field sales,2025-11-18,1,1,1,1,1,1,2025-11-19,2025-11-19,2025-11-28,2025-12-11,2025-12-04
M004627,West Bengal,Pharmacy,Tier 3+,Organic QR,2025-07-02,0,0,0,0,0,0,,,,,
M004628,West Bengal,Food & Beverage,Tier 3+,Referral,2025-09-04,1,0,0,0,0,0,2025-09-07,,,,
M004629,Maharashtra,Other,Tier 2,Field sales,2026-04-05,1,0,0,0,0,0,2026-04-07,,,,
M004630,Madhya Pradesh,Food & Beverage,Tier 3+,Partner,2025-11-06,0,0,0,0,0,0,,,,,
M004631,Uttar Pradesh,Kirana/Grocery,Tier 3+,Field sales,2025-08-23,1,0,0,0,0,0,2025-08-24,,,,
M004632,Bihar,Fashion/Retail,Tier 3+,Online,2025-10-13,1,1,1,1,1,0,2025-10-14,2025-10-17,2025-10-18,2025-11-07,
M004633,West Bengal,Other,Tier 2,Organic QR,2025-10-09,1,1,0,0,0,0,2025-10-11,2025-10-16,,,
M004634,Uttar Pradesh,Kirana/Grocery,Tier 1,Referral,2025-09-02,1,0,0,0,0,0,2025-09-02,,,,
M004635,Maharashtra,Pharmacy,Tier 3+,Partner,2025-08-06,1,1,1,0,0,0,2025-08-07,2025-08-12,2025-08-16,,
M004636,Maharashtra,Kirana/Grocery,Tier 3+,Online,2026-04-05,1,1,1,1,0,1,2026-04-07,2026-04-06,2026-04-13,2026-04-27,2026-06-21
M004637,Uttar Pradesh,Kirana/Grocery,Tier 3+,Organic QR,2026-04-27,1,0,0,0,0,0,2026-04-28,,,,
M004638,West Bengal,Kirana/Grocery,Tier 3+,Organic QR,2025-12-29,0,0,0,0,0,0,,,,,
M004639,Uttar Pradesh,Fashion/Retail,Tier 2,Field sales,2026-02-10,1,1,1,1,1,0,2026-02-10,2026-02-16,2026-02-18,2026-03-12,
M004640,Telangana,Kirana/Grocery,Tier 2,Organic QR,2026-06-01,1,0,0,0,0,0,2026-06-03,,,,
M004641,Maharashtra,Kirana/Grocery,Tier 1,Organic QR,2026-05-04,1,0,0,0,0,0,2026-05-07,,,,
M004642,West Bengal,Pharmacy,Tier 2,Partner,2025-07-12,1,1,1,1,0,0,2025-07-13,2025-07-19,2025-07-22,2025-08-16,
M004643,Telangana,Food & Beverage,Tier 1,Field sales,2026-06-13,0,0,0,0,0,0,,,,,
M004644,Bihar,Kirana/Grocery,Tier 1,Organic QR,2025-07-25,1,1,0,0,0,0,2025-07-26,2025-07-29,,,
M004645,Bihar,Kirana/Grocery,Tier 1,Organic QR,2025-07-10,1,0,0,0,0,0,2025-07-12,,,,
M004646,Karnataka,Fashion/Retail,Tier 2,Organic QR,2025-11-25,1,1,1,1,0,0,2025-11-25,2025-11-27,2025-11-29,2025-12-28,
M004647,Maharashtra,Services,Tier 3+,Partner,2026-03-30,1,1,1,1,1,0,2026-04-02,2026-04-01,2026-04-07,2026-05-01,
M004648,Uttar Pradesh,Pharmacy,Tier 1,Field sales,2025-07-30,1,0,0,0,0,0,2025-07-31,,,,
M004649,Telangana,Kirana/Grocery,Tier 2,Organic QR,2025-10-15,1,1,1,0,0,0,2025-10-18,2025-10-18,2025-10-19,,
M004650,Bihar,Food & Beverage,Tier 1,Organic QR,2025-10-04,1,1,1,1,1,0,2025-10-05,2025-10-05,2025-10-14,2025-11-03,
M004651,Madhya Pradesh,Fashion/Retail,Tier 2,Referral,2025-11-23,1,1,0,0,0,0,2025-11-23,2025-11-28,,,
M004652,Karnataka,Kirana/Grocery,Tier 1,Referral,2026-06-25,0,0,0,0,0,0,,,,,
M004653,Uttar Pradesh,Kirana/Grocery,Tier 2,Field sales,2025-10-29,1,1,0,0,0,0,2025-10-31,2025-11-03,,,
M004654,Maharashtra,Food & Beverage,Tier 3+,Field sales,2025-09-15,1,0,0,0,0,0,2025-09-16,,,,
M004655,Karnataka,Food & Beverage,Tier 2,Partner,2025-08-14,0,0,0,0,0,0,,,,,
M004656,Bihar,Kirana/Grocery,Tier 2,Referral,2025-09-11,1,1,1,1,1,0,2025-09-13,2025-09-12,2025-09-16,2025-10-06,
M004657,Madhya Pradesh,Other,Tier 3+,Field sales,2025-08-18,1,1,1,1,0,1,2025-08-20,2025-08-18,2025-08-23,2025-09-22,2025-11-07
M004658,Bihar,Food & Beverage,Tier 1,Organic QR,2026-01-26,0,0,0,0,0,0,,,,,
M004659,Maharashtra,Services,Tier 2,Field sales,2025-12-01,1,1,1,0,0,0,2025-12-03,2025-12-02,2025-12-09,,
M004660,Uttar Pradesh,Kirana/Grocery,Tier 1,Referral,2025-12-29,1,1,1,0,0,0,2026-01-01,2026-01-01,2026-01-04,,
M004661,Uttar Pradesh,Services,Tier 2,Field sales,2026-04-30,1,1,1,0,0,0,2026-05-01,2026-05-02,2026-05-09,,
M004662,West Bengal,Services,Tier 3+,Referral,2026-01-28,0,0,0,0,0,0,,,,,
M004663,Rajasthan,Other,Tier 2,Partner,2025-08-26,1,1,1,1,1,1,2025-08-29,2025-08-30,2025-09-01,2025-09-24,2025-10-21
M004664,West Bengal,Food & Beverage,Tier 2,Referral,2025-11-15,1,1,1,0,0,0,2025-11-18,2025-11-18,2025-11-23,,
M004665,Maharashtra,Fashion/Retail,Tier 1,Online,2025-10-23,1,1,1,1,1,0,2025-10-24,2025-10-26,2025-10-27,2025-11-22,
M004666,Uttar Pradesh,Food & Beverage,Tier 1,Organic QR,2026-04-28,1,1,0,0,0,0,2026-04-28,2026-04-30,,,
M004667,Bihar,Services,Tier 3+,Partner,2025-10-21,1,1,1,1,0,0,2025-10-21,2025-10-26,2025-10-30,2025-11-11,
M004668,Telangana,Other,Tier 1,Partner,2025-08-20,0,0,0,0,0,0,,,,,
M004669,Rajasthan,Services,Tier 3+,Referral,2026-03-26,1,1,1,0,0,0,2026-03-27,2026-03-26,2026-03-29,,
M004670,Uttar Pradesh,Pharmacy,Tier 1,Organic QR,2025-12-04,0,0,0,0,0,0,,,,,
M004671,West Bengal,Fashion/Retail,Tier 1,Field sales,2025-08-04,1,1,1,0,0,0,2025-08-04,2025-08-06,2025-08-08,,
M004672,Maharashtra,Other,Tier 1,Online,2026-03-09,1,1,1,1,1,0,2026-03-12,2026-03-11,2026-03-18,2026-04-08,
M004673,West Bengal,Kirana/Grocery,Tier 3+,Field sales,2025-09-15,1,1,0,0,0,0,2025-09-16,2025-09-21,,,
M004674,Uttar Pradesh,Kirana/Grocery,Tier 1,Online,2026-05-13,1,1,1,0,0,0,2026-05-14,2026-05-19,2026-05-21,,
M004675,Uttar Pradesh,Services,Tier 3+,Field sales,2026-04-30,1,1,1,0,0,0,2026-05-02,2026-05-06,2026-05-04,,
M004676,Uttar Pradesh,Other,Tier 1,Organic QR,2025-11-12,1,1,1,1,1,0,2025-11-15,2025-11-16,2025-11-17,2025-12-05,
M004677,Karnataka,Services,Tier 2,Online,2026-01-19,1,1,0,0,0,0,2026-01-21,2026-01-26,,,
M004678,West Bengal,Food & Beverage,Tier 2,Partner,2026-01-24,1,1,0,0,0,0,2026-01-26,2026-01-31,,,
M004679,West Bengal,Services,Tier 2,Organic QR,2026-02-24,1,1,1,1,0,0,2026-02-26,2026-03-03,2026-03-01,2026-03-16,
M004680,West Bengal,Kirana/Grocery,Tier 1,Field sales,2025-07-26,1,1,1,1,1,1,2025-07-27,2025-07-28,2025-08-03,2025-08-29,2025-08-12
M004681,West Bengal,Kirana/Grocery,Tier 1,Field sales,2025-10-27,0,0,0,0,0,0,,,,,
M004682,Rajasthan,Kirana/Grocery,Tier 3+,Field sales,2025-09-01,1,0,0,0,0,0,2025-09-01,,,,
M004683,Uttar Pradesh,Kirana/Grocery,Tier 2,Organic QR,2026-03-12,1,1,1,0,0,0,2026-03-14,2026-03-14,2026-03-17,,
M004684,Madhya Pradesh,Pharmacy,Tier 1,Organic QR,2025-07-26,1,1,0,0,0,0,2025-07-27,2025-07-28,,,
M004685,Maharashtra,Food & Beverage,Tier 2,Field sales,2026-01-05,1,1,1,1,1,0,2026-01-08,2026-01-10,2026-01-08,2026-02-03,
M004686,Madhya Pradesh,Kirana/Grocery,Tier 1,Organic QR,2026-03-23,1,1,1,1,1,0,2026-03-23,2026-03-26,2026-03-29,2026-04-12,
M004687,Uttar Pradesh,Services,Tier 2,Online,2026-06-12,0,0,0,0,0,0,,,,,
M004688,Rajasthan,Food & Beverage,Tier 2,Referral,2025-10-14,0,0,0,0,0,0,,,,,
M004689,Telangana,Food & Beverage,Tier 1,Organic QR,2025-07-03,1,1,1,1,1,1,2025-07-06,2025-07-08,2025-07-10,2025-07-24,2025-08-21
M004690,Telangana,Food & Beverage,Tier 2,Online,2026-03-22,1,0,0,0,0,0,2026-03-24,,,,
M004691,Maharashtra,Kirana/Grocery,Tier 2,Organic QR,2025-07-01,1,1,0,0,0,0,2025-07-01,2025-07-01,,,
M004692,Uttar Pradesh,Pharmacy,Tier 3+,Field sales,2025-07-25,0,0,0,0,0,0,,,,,
M004693,Uttar Pradesh,Kirana/Grocery,Tier 3+,Organic QR,2026-06-27,1,1,1,1,1,0,2026-06-29,2026-06-28,2026-07-03,2026-07-29,
M004694,Karnataka,Kirana/Grocery,Tier 2,Online,2026-05-11,1,0,0,0,0,0,2026-05-14,,,,
M004695,Karnataka,Kirana/Grocery,Tier 3+,Field sales,2026-03-16,0,0,0,0,0,0,,,,,
M004696,Rajasthan,Food & Beverage,Tier 1,Field sales,2026-05-01,1,1,1,1,1,0,2026-05-03,2026-05-03,2026-05-11,2026-05-29,
M004697,Telangana,Kirana/Grocery,Tier 2,Online,2025-07-28,1,1,1,1,1,0,2025-07-28,2025-08-04,2025-08-05,2025-08-19,
M004698,Madhya Pradesh,Food & Beverage,Tier 1,Partner,2025-08-02,1,0,0,0,0,0,2025-08-04,,,,
M004699,Maharashtra,Kirana/Grocery,Tier 1,Referral,2025-10-18,1,1,1,1,1,1,2025-10-18,2025-10-20,2025-10-23,2025-11-16,2025-12-08
M004700,Uttar Pradesh,Kirana/Grocery,Tier 2,Partner,2025-07-09,1,1,1,1,1,1,2025-07-09,2025-07-11,2025-07-17,2025-08-12,2025-09-19
M004701,Maharashtra,Fashion/Retail,Tier 1,Partner,2026-05-21,1,1,1,1,0,0,2026-05-22,2026-05-25,2026-05-30,2026-06-20,
M004702,Uttar Pradesh,Food & Beverage,Tier 2,Field sales,2025-07-21,1,1,1,1,0,0,2025-07-21,2025-07-28,2025-07-31,2025-08-23,
M004703,Uttar Pradesh,Kirana/Grocery,Tier 2,Referral,2026-01-15,1,1,0,0,0,0,2026-01-17,2026-01-16,,,
M004704,Rajasthan,Services,Tier 1,Field sales,2026-05-08,1,0,0,0,0,0,2026-05-08,,,,
M004705,Uttar Pradesh,Kirana/Grocery,Tier 2,Field sales,2026-03-26,1,0,0,0,0,0,2026-03-27,,,,
M004706,Uttar Pradesh,Fashion/Retail,Tier 2,Online,2025-09-24,1,1,1,0,0,0,2025-09-26,2025-09-26,2025-09-27,,
M004707,Karnataka,Kirana/Grocery,Tier 3+,Field sales,2025-12-19,1,1,1,1,1,0,2025-12-22,2025-12-26,2025-12-24,2026-01-21,
M004708,Uttar Pradesh,Food & Beverage,Tier 3+,Field sales,2026-01-17,1,1,1,1,1,1,2026-01-17,2026-01-24,2026-01-25,2026-02-21,2026-04-03
M004709,Telangana,Other,Tier 2,Field sales,2026-04-07,1,0,0,0,0,0,2026-04-08,,,,
M004710,Rajasthan,Kirana/Grocery,Tier 3+,Referral,2025-12-03,1,0,0,0,0,0,2025-12-04,,,,
M004711,Uttar Pradesh,Kirana/Grocery,Tier 2,Online,2025-10-13,1,0,0,0,0,0,2025-10-13,,,,
M004712,Bihar,Services,Tier 1,Field sales,2026-04-17,1,1,1,0,0,0,2026-04-17,2026-04-24,2026-04-20,,
M004713,Uttar Pradesh,Other,Tier 2,Organic QR,2026-05-20,1,1,1,1,1,0,2026-05-21,2026-05-22,2026-05-26,2026-06-16,
M004714,Karnataka,Food & Beverage,Tier 1,Partner,2025-12-26,1,1,0,0,0,0,2025-12-27,2025-12-30,,,
M004715,Karnataka,Services,Tier 1,Partner,2025-07-11,1,1,1,0,0,0,2025-07-13,2025-07-17,2025-07-18,,
M004716,Maharashtra,Kirana/Grocery,Tier 1,Field sales,2025-12-30,1,1,0,0,0,0,2026-01-02,2026-01-02,,,
M004717,Uttar Pradesh,Services,Tier 3+,Field sales,2026-05-21,1,1,1,1,0,0,2026-05-22,2026-05-28,2026-05-24,2026-06-25,
M004718,Madhya Pradesh,Kirana/Grocery,Tier 3+,Organic QR,2026-06-27,1,1,1,0,0,0,2026-06-27,2026-07-02,2026-06-30,,
M004719,Bihar,Services,Tier 3+,Field sales,2025-11-24,1,1,1,1,1,1,2025-11-27,2025-11-25,2025-12-02,2025-12-21,2026-02-18
M004720,Uttar Pradesh,Kirana/Grocery,Tier 1,Referral,2025-08-24,1,1,0,0,0,0,2025-08-25,2025-08-25,,,
M004721,Karnataka,Services,Tier 2,Field sales,2026-01-25,1,1,1,1,0,0,2026-01-25,2026-01-29,2026-01-31,2026-02-19,
M004722,Madhya Pradesh,Kirana/Grocery,Tier 3+,Referral,2026-04-30,1,1,1,0,0,0,2026-05-03,2026-05-04,2026-05-04,,
M004723,Maharashtra,Pharmacy,Tier 1,Partner,2026-06-10,0,0,0,0,0,0,,,,,
M004724,Uttar Pradesh,Pharmacy,Tier 2,Partner,2025-07-19,1,1,1,1,0,1,2025-07-21,2025-07-26,2025-07-22,2025-08-16,2025-09-04
M004725,Madhya Pradesh,Fashion/Retail,Tier 1,Referral,2025-10-15,1,1,1,0,0,0,2025-10-18,2025-10-17,2025-10-21,,
M004726,Uttar Pradesh,Other,Tier 2,Field sales,2025-12-22,1,1,1,0,0,0,2025-12-25,2025-12-27,2026-01-01,,
M004727,Maharashtra,Food & Beverage,Tier 2,Field sales,2025-08-05,1,1,1,1,0,0,2025-08-07,2025-08-12,2025-08-09,2025-09-07,
M004728,Karnataka,Pharmacy,Tier 1,Organic QR,2026-05-20,1,0,0,0,0,0,2026-05-23,,,,
M004729,Rajasthan,Kirana/Grocery,Tier 1,Referral,2025-08-10,1,1,1,0,0,0,2025-08-10,2025-08-15,2025-08-16,,
M004730,Maharashtra,Other,Tier 3+,Referral,2026-02-28,1,1,1,0,0,0,2026-03-02,2026-03-03,2026-03-03,,
M004731,Rajasthan,Services,Tier 2,Organic QR,2026-06-01,1,0,0,0,0,0,2026-06-01,,,,
M004732,Uttar Pradesh,Food & Beverage,Tier 1,Referral,2026-03-08,0,0,0,0,0,0,,,,,
M004733,Telangana,Food & Beverage,Tier 1,Field sales,2026-04-05,1,1,1,0,0,0,2026-04-05,2026-04-12,2026-04-11,,
M004734,Karnataka,Pharmacy,Tier 3+,Field sales,2025-10-05,1,1,1,0,0,0,2025-10-08,2025-10-09,2025-10-08,,
M004735,Madhya Pradesh,Fashion/Retail,Tier 2,Field sales,2026-04-29,1,1,0,0,0,0,2026-04-29,2026-05-02,,,
M004736,Uttar Pradesh,Fashion/Retail,Tier 2,Online,2025-11-30,1,0,0,0,0,0,2025-11-30,,,,
M004737,Bihar,Services,Tier 2,Organic QR,2025-07-23,1,0,0,0,0,0,2025-07-24,,,,
M004738,Uttar Pradesh,Food & Beverage,Tier 3+,Organic QR,2025-11-11,1,1,1,1,0,1,2025-11-12,2025-11-17,2025-11-15,2025-12-06,2026-01-20
M004739,Maharashtra,Other,Tier 2,Partner,2025-11-05,0,0,0,0,0,0,,,,,
M004740,Uttar Pradesh,Services,Tier 1,Field sales,2026-01-07,1,1,1,1,0,0,2026-01-10,2026-01-08,2026-01-15,2026-02-03,
M004741,Uttar Pradesh,Services,Tier 2,Field sales,2025-10-05,1,1,0,0,0,0,2025-10-07,2025-10-11,,,
M004742,Uttar Pradesh,Services,Tier 3+,Field sales,2025-12-16,0,0,0,0,0,0,,,,,
M004743,Madhya Pradesh,Services,Tier 1,Field sales,2025-12-04,1,1,1,0,0,0,2025-12-04,2025-12-05,2025-12-10,,
M004744,West Bengal,Pharmacy,Tier 1,Organic QR,2025-10-28,1,1,1,1,0,0,2025-10-28,2025-10-29,2025-11-01,2025-11-21,
M004745,Madhya Pradesh,Services,Tier 1,Field sales,2026-03-12,1,1,1,0,0,0,2026-03-15,2026-03-12,2026-03-16,,
M004746,Rajasthan,Fashion/Retail,Tier 2,Referral,2025-10-20,0,0,0,0,0,0,,,,,
M004747,Uttar Pradesh,Fashion/Retail,Tier 2,Referral,2026-04-06,1,0,0,0,0,0,2026-04-09,,,,
M004748,Rajasthan,Food & Beverage,Tier 2,Online,2025-09-30,1,0,0,0,0,0,2025-10-03,,,,
M004749,Karnataka,Kirana/Grocery,Tier 1,Field sales,2026-05-12,1,0,0,0,0,0,2026-05-13,,,,
M004750,Madhya Pradesh,Services,Tier 3+,Organic QR,2025-11-11,1,0,0,0,0,0,2025-11-14,,,,
M004751,Madhya Pradesh,Services,Tier 1,Field sales,2025-07-15,0,0,0,0,0,0,,,,,
M004752,Karnataka,Services,Tier 3+,Field sales,2025-08-24,1,1,1,0,0,0,2025-08-25,2025-08-28,2025-08-29,,
M004753,West Bengal,Other,Tier 1,Partner,2026-04-21,1,1,1,1,1,0,2026-04-21,2026-04-22,2026-04-30,2026-05-16,
M004754,Madhya Pradesh,Kirana/Grocery,Tier 3+,Organic QR,2026-05-15,1,0,0,0,0,0,2026-05-18,,,,
M004755,Uttar Pradesh,Kirana/Grocery,Tier 2,Partner,2025-09-16,1,1,1,0,0,0,2025-09-16,2025-09-22,2025-09-20,,
M004756,West Bengal,Fashion/Retail,Tier 2,Referral,2026-02-05,1,1,1,1,1,1,2026-02-05,2026-02-05,2026-02-10,2026-02-26,2026-05-06
M004757,Maharashtra,Other,Tier 1,Field sales,2026-01-26,1,1,1,1,1,1,2026-01-27,2026-01-29,2026-01-30,2026-02-28,2026-03-03
M004758,Maharashtra,Food & Beverage,Tier 1,Online,2025-08-18,1,1,0,0,0,0,2025-08-21,2025-08-21,,,
M004759,Telangana,Kirana/Grocery,Tier 3+,Field sales,2025-12-12,1,1,1,1,0,0,2025-12-14,2025-12-12,2025-12-19,2026-01-14,
M004760,Uttar Pradesh,Food & Beverage,Tier 2,Online,2026-03-11,0,0,0,0,0,0,,,,,
M004761,Telangana,Food & Beverage,Tier 3+,Partner,2026-06-19,1,0,0,0,0,0,2026-06-19,,,,
M004762,West Bengal,Services,Tier 2,Field sales,2026-05-06,1,1,1,1,0,1,2026-05-09,2026-05-13,2026-05-09,2026-06-10,2026-07-12
M004763,Karnataka,Kirana/Grocery,Tier 2,Organic QR,2025-08-05,1,1,0,0,0,0,2025-08-07,2025-08-11,,,
M004764,Karnataka,Food & Beverage,Tier 3+,Field sales,2025-09-25,1,0,0,0,0,0,2025-09-28,,,,
M004765,Rajasthan,Services,Tier 2,Referral,2025-12-07,0,0,0,0,0,0,,,,,
M004766,Maharashtra,Services,Tier 3+,Field sales,2025-08-24,1,1,0,0,0,0,2025-08-26,2025-08-31,,,
M004767,Bihar,Services,Tier 2,Referral,2026-01-25,1,0,0,0,0,0,2026-01-26,,,,
M004768,Telangana,Food & Beverage,Tier 2,Field sales,2025-07-04,1,1,1,0,0,0,2025-07-04,2025-07-11,2025-07-08,,
M004769,West Bengal,Food & Beverage,Tier 3+,Online,2025-08-11,1,1,1,0,0,0,2025-08-14,2025-08-11,2025-08-17,,
M004770,Bihar,Food & Beverage,Tier 1,Field sales,2025-07-18,1,1,1,1,0,0,2025-07-18,2025-07-19,2025-07-26,2025-08-07,
M004771,Maharashtra,Other,Tier 1,Partner,2025-10-16,1,0,0,0,0,0,2025-10-19,,,,
M004772,Maharashtra,Food & Beverage,Tier 1,Referral,2026-04-05,1,1,0,0,0,0,2026-04-08,2026-04-12,,,
M004773,Maharashtra,Services,Tier 2,Field sales,2025-09-03,1,1,0,0,0,0,2025-09-04,2025-09-04,,,
M004774,West Bengal,Services,Tier 2,Field sales,2026-06-26,1,1,0,0,0,0,2026-06-28,2026-07-01,,,
M004775,Bihar,Fashion/Retail,Tier 1,Organic QR,2025-10-07,1,0,0,0,0,0,2025-10-08,,,,
M004776,Uttar Pradesh,Food & Beverage,Tier 1,Partner,2025-07-17,0,0,0,0,0,0,,,,,
M004777,Karnataka,Food & Beverage,Tier 1,Referral,2025-10-31,1,1,1,0,0,0,2025-10-31,2025-11-01,2025-11-09,,
M004778,Madhya Pradesh,Fashion/Retail,Tier 1,Field sales,2026-03-31,1,1,0,0,0,0,2026-04-03,2026-04-05,,,
M004779,Karnataka,Kirana/Grocery,Tier 1,Online,2025-08-08,1,0,0,0,0,0,2025-08-11,,,,
M004780,Bihar,Services,Tier 1,Online,2025-07-27,0,0,0,0,0,0,,,,,
M004781,Bihar,Food & Beverage,Tier 3+,Referral,2026-05-07,0,0,0,0,0,0,,,,,
M004782,Karnataka,Other,Tier 3+,Field sales,2026-02-02,1,1,1,1,0,0,2026-02-05,2026-02-08,2026-02-10,2026-02-23,
M004783,Uttar Pradesh,Pharmacy,Tier 1,Field sales,2025-11-03,1,0,0,0,0,0,2025-11-05,,,,
M004784,Karnataka,Kirana/Grocery,Tier 1,Online,2026-04-02,1,1,0,0,0,0,2026-04-05,2026-04-03,,,
M004785,Telangana,Fashion/Retail,Tier 1,Partner,2026-05-05,0,0,0,0,0,0,,,,,
M004786,West Bengal,Pharmacy,Tier 2,Partner,2025-11-09,1,1,1,1,1,0,2025-11-09,2025-11-16,2025-11-12,2025-12-14,
M004787,Bihar,Services,Tier 2,Online,2026-01-21,1,1,1,0,0,0,2026-01-23,2026-01-23,2026-01-28,,
M004788,Madhya Pradesh,Kirana/Grocery,Tier 3+,Field sales,2025-07-04,1,1,1,1,0,1,2025-07-07,2025-07-07,2025-07-08,2025-08-06,2025-09-28
M004789,Uttar Pradesh,Kirana/Grocery,Tier 3+,Referral,2025-10-20,1,0,0,0,0,0,2025-10-21,,,,
M004790,Karnataka,Services,Tier 2,Partner,2026-02-03,1,1,1,0,0,0,2026-02-04,2026-02-10,2026-02-10,,
M004791,Bihar,Food & Beverage,Tier 1,Referral,2025-09-10,1,1,1,1,0,0,2025-09-13,2025-09-17,2025-09-20,2025-10-04,
M004792,Uttar Pradesh,Fashion/Retail,Tier 2,Referral,2026-06-27,1,1,1,1,1,0,2026-06-28,2026-07-02,2026-06-30,2026-07-24,
M004793,Maharashtra,Kirana/Grocery,Tier 3+,Organic QR,2026-06-20,1,1,1,1,1,0,2026-06-20,2026-06-20,2026-06-30,2026-07-21,
M004794,Uttar Pradesh,Services,Tier 1,Field sales,2025-10-03,1,1,0,0,0,0,2025-10-04,2025-10-05,,,
M004795,Rajasthan,Kirana/Grocery,Tier 3+,Online,2025-11-22,1,1,1,0,0,0,2025-11-25,2025-11-25,2025-12-02,,
M004796,Bihar,Services,Tier 1,Referral,2025-09-08,0,0,0,0,0,0,,,,,
M004797,Karnataka,Kirana/Grocery,Tier 3+,Field sales,2025-12-31,1,0,0,0,0,0,2026-01-01,,,,
M004798,Madhya Pradesh,Food & Beverage,Tier 1,Online,2025-08-15,1,1,1,1,0,0,2025-08-15,2025-08-22,2025-08-25,2025-09-10,
M004799,Telangana,Kirana/Grocery,Tier 2,Field sales,2025-11-20,1,1,0,0,0,0,2025-11-21,2025-11-20,,,
M004800,Karnataka,Services,Tier 1,Field sales,2026-01-19,1,1,1,0,0,0,2026-01-20,2026-01-26,2026-01-22,,
M004801,Karnataka,Food & Beverage,Tier 2,Online,2026-02-09,1,0,0,0,0,0,2026-02-12,,,,
M004802,Madhya Pradesh,Fashion/Retail,Tier 2,Partner,2026-02-03,1,1,1,1,1,0,2026-02-05,2026-02-10,2026-02-11,2026-03-06,
M004803,Telangana,Kirana/Grocery,Tier 2,Online,2025-09-19,0,0,0,0,0,0,,,,,
M004804,Uttar Pradesh,Services,Tier 2,Online,2026-04-16,1,1,0,0,0,0,2026-04-19,2026-04-17,,,
M004805,Karnataka,Services,Tier 1,Organic QR,2026-03-10,1,1,1,1,1,1,2026-03-10,2026-03-11,2026-03-15,2026-04-11,2026-04-16
M004806,Bihar,Kirana/Grocery,Tier 3+,Field sales,2026-04-01,1,1,0,0,0,0,2026-04-04,2026-04-08,,,
M004807,Madhya Pradesh,Kirana/Grocery,Tier 1,Referral,2025-12-18,0,0,0,0,0,0,,,,,
M004808,Telangana,Food & Beverage,Tier 2,Organic QR,2026-05-22,1,1,1,0,0,0,2026-05-23,2026-05-29,2026-05-25,,
M004809,West Bengal,Services,Tier 1,Organic QR,2025-11-20,1,1,1,1,1,0,2025-11-20,2025-11-23,2025-11-23,2025-12-16,
M004810,Maharashtra,Other,Tier 2,Organic QR,2026-04-21,0,0,0,0,0,0,,,,,
M004811,Maharashtra,Kirana/Grocery,Tier 2,Field sales,2025-09-13,1,1,1,0,0,0,2025-09-14,2025-09-19,2025-09-17,,
M004812,Rajasthan,Pharmacy,Tier 3+,Field sales,2025-09-29,1,1,1,1,1,0,2025-10-01,2025-10-06,2025-10-05,2025-10-19,
M004813,Bihar,Pharmacy,Tier 2,Partner,2026-01-09,1,1,1,1,1,0,2026-01-09,2026-01-16,2026-01-13,2026-02-04,
M004814,Karnataka,Services,Tier 1,Referral,2026-01-19,0,0,0,0,0,0,,,,,
M004815,Uttar Pradesh,Services,Tier 3+,Organic QR,2026-03-30,1,0,0,0,0,0,2026-04-02,,,,
M004816,Telangana,Other,Tier 1,Field sales,2025-10-17,1,1,1,1,1,0,2025-10-17,2025-10-19,2025-10-20,2025-11-21,
M004817,Uttar Pradesh,Services,Tier 1,Organic QR,2026-05-15,1,1,1,1,1,0,2026-05-18,2026-05-19,2026-05-20,2026-06-13,
M004818,Rajasthan,Fashion/Retail,Tier 2,Referral,2025-10-29,1,1,1,1,0,1,2025-10-29,2025-10-29,2025-11-04,2025-11-19,2025-11-19
M004819,West Bengal,Kirana/Grocery,Tier 3+,Field sales,2026-01-11,0,0,0,0,0,0,,,,,
M004820,Uttar Pradesh,Fashion/Retail,Tier 3+,Organic QR,2026-06-06,1,1,1,1,0,0,2026-06-09,2026-06-10,2026-06-11,2026-06-27,
M004821,Rajasthan,Other,Tier 3+,Partner,2026-01-13,1,0,0,0,0,0,2026-01-16,,,,
M004822,Uttar Pradesh,Other,Tier 1,Organic QR,2026-03-06,1,1,1,1,0,1,2026-03-06,2026-03-06,2026-03-14,2026-04-10,2026-03-22
M004823,Telangana,Food & Beverage,Tier 1,Partner,2026-05-28,1,1,1,1,1,0,2026-05-29,2026-05-29,2026-06-01,2026-06-17,
M004824,Karnataka,Fashion/Retail,Tier 3+,Online,2026-06-21,1,0,0,0,0,0,2026-06-21,,,,
M004825,West Bengal,Kirana/Grocery,Tier 1,Field sales,2025-12-30,1,1,1,1,1,1,2025-12-30,2026-01-02,2026-01-04,2026-01-19,2026-01-29
M004826,Karnataka,Pharmacy,Tier 2,Field sales,2025-11-30,1,1,1,0,0,0,2025-12-01,2025-11-30,2025-12-04,,
M004827,Madhya Pradesh,Food & Beverage,Tier 3+,Field sales,2025-09-10,1,1,1,0,0,0,2025-09-10,2025-09-12,2025-09-14,,
M004828,Maharashtra,Services,Tier 1,Partner,2026-01-13,1,1,0,0,0,0,2026-01-16,2026-01-18,,,
M004829,Madhya Pradesh,Food & Beverage,Tier 2,Online,2026-06-01,0,0,0,0,0,0,,,,,
M004830,Karnataka,Kirana/Grocery,Tier 3+,Partner,2025-12-25,1,1,1,1,0,0,2025-12-27,2026-01-01,2026-01-04,2026-01-25,
M004831,West Bengal,Kirana/Grocery,Tier 2,Online,2025-11-05,1,1,0,0,0,0,2025-11-06,2025-11-07,,,
M004832,Bihar,Kirana/Grocery,Tier 3+,Partner,2025-08-09,0,0,0,0,0,0,,,,,
M004833,Maharashtra,Food & Beverage,Tier 2,Field sales,2025-11-20,1,1,1,1,1,1,2025-11-20,2025-11-25,2025-11-28,2025-12-11,2026-02-04
M004834,Bihar,Fashion/Retail,Tier 1,Field sales,2025-09-25,1,1,1,1,1,0,2025-09-28,2025-09-28,2025-09-28,2025-10-23,
M004835,Rajasthan,Pharmacy,Tier 3+,Partner,2026-06-22,1,1,0,0,0,0,2026-06-23,2026-06-27,,,
M004836,Telangana,Fashion/Retail,Tier 3+,Partner,2026-01-09,1,0,0,0,0,0,2026-01-11,,,,
M004837,Karnataka,Fashion/Retail,Tier 3+,Organic QR,2025-08-20,1,1,1,1,1,0,2025-08-22,2025-08-20,2025-08-24,2025-09-10,
M004838,Bihar,Food & Beverage,Tier 2,Organic QR,2025-07-25,0,0,0,0,0,0,,,,,
M004839,Bihar,Services,Tier 2,Organic QR,2026-05-07,1,1,1,1,0,0,2026-05-09,2026-05-12,2026-05-10,2026-06-11,
M004840,Telangana,Services,Tier 2,Field sales,2026-06-05,1,1,1,1,1,0,2026-06-08,2026-06-09,2026-06-14,2026-06-28,
M004841,Madhya Pradesh,Kirana/Grocery,Tier 1,Partner,2026-04-05,1,1,0,0,0,0,2026-04-07,2026-04-09,,,
M004842,Karnataka,Services,Tier 3+,Partner,2025-08-15,1,1,1,1,0,1,2025-08-15,2025-08-15,2025-08-18,2025-09-08,2025-10-06
M004843,Maharashtra,Pharmacy,Tier 3+,Referral,2025-08-05,1,1,1,1,0,1,2025-08-06,2025-08-12,2025-08-08,2025-08-29,2025-10-24
M004844,Rajasthan,Services,Tier 2,Field sales,2025-09-11,1,1,0,0,0,0,2025-09-11,2025-09-12,,,
M004845,Maharashtra,Pharmacy,Tier 3+,Online,2026-04-01,1,1,1,1,1,1,2026-04-01,2026-04-01,2026-04-08,2026-04-26,2026-06-03
M004846,Karnataka,Kirana/Grocery,Tier 2,Field sales,2026-04-06,1,1,1,1,0,0,2026-04-06,2026-04-07,2026-04-12,2026-05-01,
M004847,Uttar Pradesh,Pharmacy,Tier 3+,Field sales,2026-05-02,1,0,0,0,0,0,2026-05-05,,,,
M004848,Karnataka,Kirana/Grocery,Tier 2,Referral,2025-08-05,1,1,1,0,0,0,2025-08-08,2025-08-10,2025-08-09,,
M004849,Karnataka,Fashion/Retail,Tier 3+,Online,2025-08-25,0,0,0,0,0,0,,,,,
M004850,Bihar,Kirana/Grocery,Tier 3+,Online,2026-05-25,1,1,1,1,1,0,2026-05-25,2026-05-26,2026-05-31,2026-06-24,
M004851,Uttar Pradesh,Services,Tier 2,Field sales,2026-06-04,1,0,0,0,0,0,2026-06-06,,,,
M004852,Madhya Pradesh,Food & Beverage,Tier 3+,Field sales,2026-03-22,1,1,1,1,0,1,2026-03-23,2026-03-29,2026-03-28,2026-04-17,2026-05-22
M004853,Rajasthan,Kirana/Grocery,Tier 2,Referral,2025-08-08,1,1,1,1,1,0,2025-08-11,2025-08-13,2025-08-12,2025-09-07,
M004854,Uttar Pradesh,Food & Beverage,Tier 3+,Referral,2025-07-26,1,1,1,0,0,0,2025-07-29,2025-07-28,2025-08-01,,
M004855,Karnataka,Kirana/Grocery,Tier 1,Organic QR,2025-07-21,1,1,0,0,0,0,2025-07-22,2025-07-21,,,
M004856,Madhya Pradesh,Services,Tier 1,Field sales,2026-03-10,1,0,0,0,0,0,2026-03-11,,,,
M004857,Karnataka,Other,Tier 3+,Organic QR,2026-05-05,1,0,0,0,0,0,2026-05-06,,,,
M004858,Karnataka,Food & Beverage,Tier 3+,Field sales,2026-02-16,1,1,1,1,0,0,2026-02-17,2026-02-16,2026-02-25,2026-03-16,
M004859,Madhya Pradesh,Services,Tier 3+,Field sales,2025-10-04,1,0,0,0,0,0,2025-10-07,,,,
M004860,Bihar,Fashion/Retail,Tier 1,Partner,2026-04-03,0,0,0,0,0,0,,,,,
M004861,Rajasthan,Food & Beverage,Tier 1,Field sales,2025-07-22,1,1,1,0,0,0,2025-07-22,2025-07-27,2025-08-01,,
M004862,Maharashtra,Fashion/Retail,Tier 2,Partner,2026-04-29,1,0,0,0,0,0,2026-04-29,,,,
M004863,Maharashtra,Food & Beverage,Tier 3+,Partner,2026-05-22,1,1,1,1,0,0,2026-05-23,2026-05-25,2026-05-29,2026-06-17,
M004864,Uttar Pradesh,Food & Beverage,Tier 3+,Organic QR,2026-03-20,1,1,1,1,1,0,2026-03-21,2026-03-25,2026-03-24,2026-04-22,
M004865,Bihar,Kirana/Grocery,Tier 3+,Field sales,2026-05-17,1,1,0,0,0,0,2026-05-18,2026-05-20,,,
M004866,Uttar Pradesh,Kirana/Grocery,Tier 2,Online,2026-01-30,1,1,1,1,1,0,2026-02-02,2026-01-31,2026-02-08,2026-02-20,
M004867,Maharashtra,Services,Tier 3+,Organic QR,2025-12-18,1,1,0,0,0,0,2025-12-20,2025-12-25,,,
M004868,Karnataka,Fashion/Retail,Tier 1,Online,2025-10-26,1,1,1,0,0,0,2025-10-27,2025-10-29,2025-10-31,,
M004869,Rajasthan,Kirana/Grocery,Tier 3+,Organic QR,2026-06-02,1,1,0,0,0,0,2026-06-03,2026-06-09,,,
M004870,Bihar,Other,Tier 2,Organic QR,2026-03-12,1,1,0,0,0,0,2026-03-12,2026-03-13,,,
M004871,Maharashtra,Food & Beverage,Tier 2,Online,2025-09-08,1,0,0,0,0,0,2025-09-08,,,,
M004872,Maharashtra,Food & Beverage,Tier 2,Field sales,2026-06-15,1,1,1,1,1,0,2026-06-16,2026-06-19,2026-06-19,2026-07-18,
M004873,Karnataka,Other,Tier 3+,Field sales,2025-07-22,1,1,1,0,0,0,2025-07-24,2025-07-24,2025-07-30,,
M004874,Maharashtra,Other,Tier 1,Online,2026-01-31,1,1,0,0,0,0,2026-02-03,2026-02-02,,,
M004875,Uttar Pradesh,Services,Tier 1,Organic QR,2025-09-08,1,0,0,0,0,0,2025-09-10,,,,
M004876,Maharashtra,Kirana/Grocery,Tier 3+,Field sales,2026-02-28,1,1,0,0,0,0,2026-03-03,2026-03-06,,,
M004877,Rajasthan,Kirana/Grocery,Tier 3+,Online,2025-11-28,0,0,0,0,0,0,,,,,
M004878,Bihar,Kirana/Grocery,Tier 2,Field sales,2025-12-07,0,0,0,0,0,0,,,,,
M004879,West Bengal,Fashion/Retail,Tier 1,Partner,2026-03-03,1,1,1,0,0,0,2026-03-03,2026-03-03,2026-03-07,,
M004880,West Bengal,Food & Beverage,Tier 2,Referral,2026-04-02,1,1,1,1,1,1,2026-04-04,2026-04-06,2026-04-09,2026-04-23,2026-04-15
M004881,Karnataka,Pharmacy,Tier 1,Referral,2025-11-16,1,1,1,1,1,0,2025-11-19,2025-11-19,2025-11-23,2025-12-14,
M004882,Maharashtra,Kirana/Grocery,Tier 1,Organic QR,2026-06-30,1,1,1,1,1,0,2026-07-03,2026-07-07,2026-07-07,2026-07-20,
M004883,Telangana,Food & Beverage,Tier 1,Field sales,2025-12-29,1,1,1,1,1,0,2025-12-30,2025-12-29,2026-01-03,2026-01-27,
M004884,Bihar,Food & Beverage,Tier 2,Referral,2025-08-28,1,1,1,0,0,0,2025-08-28,2025-09-04,2025-09-03,,
M004885,Maharashtra,Services,Tier 2,Referral,2025-07-03,0,0,0,0,0,0,,,,,
M004886,Telangana,Services,Tier 1,Field sales,2025-09-12,1,1,1,1,1,0,2025-09-15,2025-09-19,2025-09-15,2025-10-07,
M004887,Karnataka,Other,Tier 1,Field sales,2026-03-10,1,1,1,1,1,1,2026-03-12,2026-03-11,2026-03-19,2026-03-31,2026-04-15
M004888,Karnataka,Other,Tier 2,Organic QR,2026-01-13,1,1,1,1,1,0,2026-01-16,2026-01-17,2026-01-21,2026-02-06,
M004889,Bihar,Pharmacy,Tier 1,Field sales,2025-11-01,1,0,0,0,0,0,2025-11-03,,,,
M004890,Rajasthan,Kirana/Grocery,Tier 1,Referral,2025-12-23,0,0,0,0,0,0,,,,,
M004891,Uttar Pradesh,Other,Tier 2,Online,2026-05-02,1,1,1,1,0,1,2026-05-02,2026-05-08,2026-05-05,2026-05-29,2026-06-20
M004892,West Bengal,Other,Tier 3+,Field sales,2026-01-25,1,1,0,0,0,0,2026-01-25,2026-02-01,,,
M004893,Maharashtra,Fashion/Retail,Tier 3+,Online,2025-07-22,1,1,0,0,0,0,2025-07-23,2025-07-24,,,
M004894,Maharashtra,Food & Beverage,Tier 2,Referral,2025-07-18,1,1,1,1,1,0,2025-07-20,2025-07-20,2025-07-27,2025-08-07,
M004895,Uttar Pradesh,Kirana/Grocery,Tier 3+,Partner,2025-12-23,1,1,0,0,0,0,2025-12-26,2025-12-26,,,
M004896,Rajasthan,Pharmacy,Tier 3+,Online,2025-11-25,1,1,1,1,0,0,2025-11-27,2025-11-27,2025-12-05,2025-12-22,
M004897,Rajasthan,Food & Beverage,Tier 2,Field sales,2026-05-07,1,0,0,0,0,0,2026-05-09,,,,
M004898,Maharashtra,Food & Beverage,Tier 2,Online,2026-01-29,1,1,1,0,0,0,2026-02-01,2026-02-02,2026-02-07,,
M004899,West Bengal,Food & Beverage,Tier 1,Field sales,2026-04-03,1,1,1,1,0,0,2026-04-05,2026-04-10,2026-04-07,2026-05-03,
M004900,Telangana,Services,Tier 1,Organic QR,2026-01-30,1,1,0,0,0,0,2026-02-02,2026-02-03,,,
M004901,Telangana,Food & Beverage,Tier 1,Organic QR,2025-11-04,1,1,1,1,0,0,2025-11-05,2025-11-10,2025-11-12,2025-11-27,
M004902,Rajasthan,Pharmacy,Tier 2,Field sales,2026-02-25,1,0,0,0,0,0,2026-02-25,,,,
M004903,West Bengal,Services,Tier 3+,Partner,2026-02-12,1,1,0,0,0,0,2026-02-14,2026-02-19,,,
M004904,Rajasthan,Services,Tier 1,Organic QR,2026-03-20,1,1,1,1,1,0,2026-03-20,2026-03-27,2026-03-24,2026-04-14,
M004905,West Bengal,Kirana/Grocery,Tier 2,Organic QR,2025-09-08,1,1,1,1,1,0,2025-09-11,2025-09-15,2025-09-17,2025-10-05,
M004906,Karnataka,Other,Tier 3+,Organic QR,2026-02-20,1,1,1,0,0,0,2026-02-23,2026-02-22,2026-02-24,,
M004907,Rajasthan,Food & Beverage,Tier 2,Field sales,2025-10-13,1,1,1,0,0,0,2025-10-15,2025-10-16,2025-10-23,,
M004908,Madhya Pradesh,Food & Beverage,Tier 1,Field sales,2026-04-15,0,0,0,0,0,0,,,,,
M004909,Uttar Pradesh,Food & Beverage,Tier 3+,Field sales,2026-04-18,1,1,1,0,0,0,2026-04-20,2026-04-20,2026-04-26,,
M004910,Telangana,Food & Beverage,Tier 2,Online,2026-02-14,1,1,1,1,1,0,2026-02-16,2026-02-20,2026-02-23,2026-03-14,
M004911,West Bengal,Pharmacy,Tier 1,Referral,2026-06-11,1,0,0,0,0,0,2026-06-12,,,,
M004912,Maharashtra,Kirana/Grocery,Tier 2,Organic QR,2026-01-13,1,1,1,0,0,0,2026-01-13,2026-01-17,2026-01-20,,
M004913,Uttar Pradesh,Fashion/Retail,Tier 1,Partner,2025-07-10,1,1,1,0,0,0,2025-07-12,2025-07-17,2025-07-13,,
M004914,Madhya Pradesh,Kirana/Grocery,Tier 3+,Partner,2026-02-07,1,1,1,1,1,1,2026-02-10,2026-02-14,2026-02-10,2026-03-08,2026-04-03
M004915,West Bengal,Other,Tier 1,Field sales,2026-04-10,0,0,0,0,0,0,,,,,
M004916,West Bengal,Services,Tier 3+,Field sales,2025-08-06,1,1,0,0,0,0,2025-08-09,2025-08-11,,,
M004917,West Bengal,Kirana/Grocery,Tier 1,Organic QR,2025-08-08,1,0,0,0,0,0,2025-08-09,,,,
M004918,Maharashtra,Services,Tier 3+,Field sales,2025-10-08,0,0,0,0,0,0,,,,,
M004919,West Bengal,Food & Beverage,Tier 1,Online,2026-05-05,1,0,0,0,0,0,2026-05-05,,,,
M004920,Uttar Pradesh,Other,Tier 3+,Field sales,2026-01-09,0,0,0,0,0,0,,,,,
M004921,Rajasthan,Pharmacy,Tier 1,Organic QR,2026-06-22,1,1,1,1,0,1,2026-06-25,2026-06-29,2026-07-01,2026-07-25,2026-08-30
M004922,Uttar Pradesh,Services,Tier 3+,Organic QR,2026-05-15,1,1,1,1,1,0,2026-05-15,2026-05-20,2026-05-24,2026-06-15,
M004923,Madhya Pradesh,Food & Beverage,Tier 3+,Partner,2026-01-19,0,0,0,0,0,0,,,,,
M004924,Uttar Pradesh,Other,Tier 2,Online,2026-03-05,1,1,1,1,0,0,2026-03-05,2026-03-06,2026-03-11,2026-03-30,
M004925,Madhya Pradesh,Services,Tier 1,Organic QR,2025-10-29,1,1,0,0,0,0,2025-10-31,2025-11-02,,,
M004926,Karnataka,Services,Tier 2,Field sales,2025-08-02,1,1,1,0,0,0,2025-08-05,2025-08-07,2025-08-12,,
M004927,Karnataka,Food & Beverage,Tier 2,Partner,2025-11-23,1,1,1,1,1,0,2025-11-23,2025-11-28,2025-11-28,2025-12-26,
M004928,Uttar Pradesh,Food & Beverage,Tier 2,Field sales,2026-02-02,1,1,1,1,1,0,2026-02-02,2026-02-05,2026-02-08,2026-02-25,
M004929,Maharashtra,Pharmacy,Tier 2,Field sales,2025-09-05,1,1,0,0,0,0,2025-09-08,2025-09-06,,,
M004930,Bihar,Services,Tier 3+,Partner,2025-09-19,0,0,0,0,0,0,,,,,
M004931,Karnataka,Fashion/Retail,Tier 3+,Field sales,2025-07-06,1,1,1,1,1,1,2025-07-06,2025-07-09,2025-07-12,2025-08-07,2025-07-16
M004932,Uttar Pradesh,Services,Tier 2,Field sales,2026-03-25,1,0,0,0,0,0,2026-03-25,,,,
M004933,Maharashtra,Services,Tier 1,Organic QR,2026-05-25,1,1,1,1,1,1,2026-05-25,2026-05-26,2026-05-28,2026-06-18,2026-07-27
M004934,Maharashtra,Food & Beverage,Tier 1,Organic QR,2026-04-29,1,1,1,1,0,1,2026-05-01,2026-05-05,2026-05-04,2026-05-25,2026-06-11
M004935,Rajasthan,Pharmacy,Tier 3+,Online,2025-11-16,1,1,1,1,1,0,2025-11-17,2025-11-18,2025-11-23,2025-12-06,
M004936,Telangana,Food & Beverage,Tier 3+,Field sales,2026-02-02,1,1,1,0,0,0,2026-02-04,2026-02-09,2026-02-05,,
M004937,Karnataka,Fashion/Retail,Tier 2,Organic QR,2026-06-16,1,1,1,0,0,0,2026-06-16,2026-06-23,2026-06-23,,
M004938,Karnataka,Food & Beverage,Tier 1,Partner,2026-02-01,1,1,1,1,1,1,2026-02-01,2026-02-07,2026-02-08,2026-03-07,2026-04-26
M004939,Karnataka,Pharmacy,Tier 2,Referral,2025-10-16,0,0,0,0,0,0,,,,,
M004940,Rajasthan,Other,Tier 2,Field sales,2025-11-01,0,0,0,0,0,0,,,,,
M004941,Maharashtra,Pharmacy,Tier 3+,Partner,2026-03-23,1,1,1,0,0,0,2026-03-23,2026-03-25,2026-03-27,,
M004942,Telangana,Food & Beverage,Tier 2,Partner,2025-12-10,1,1,0,0,0,0,2025-12-10,2025-12-12,,,
M004943,Bihar,Pharmacy,Tier 1,Field sales,2026-05-02,1,1,1,1,0,0,2026-05-02,2026-05-03,2026-05-09,2026-05-25,
M004944,Uttar Pradesh,Kirana/Grocery,Tier 2,Field sales,2026-05-12,1,1,1,1,0,1,2026-05-12,2026-05-12,2026-05-15,2026-06-01,2026-08-09
M004945,Rajasthan,Kirana/Grocery,Tier 1,Partner,2025-07-14,1,0,0,0,0,0,2025-07-17,,,,
M004946,Karnataka,Fashion/Retail,Tier 2,Field sales,2026-03-22,1,1,1,1,1,0,2026-03-24,2026-03-25,2026-03-30,2026-04-25,
M004947,West Bengal,Fashion/Retail,Tier 2,Field sales,2025-11-13,1,1,0,0,0,0,2025-11-16,2025-11-15,,,
M004948,Uttar Pradesh,Kirana/Grocery,Tier 1,Organic QR,2026-01-06,1,1,1,1,1,1,2026-01-06,2026-01-08,2026-01-12,2026-02-10,2026-01-25
M004949,Karnataka,Other,Tier 2,Field sales,2025-10-05,1,1,0,0,0,0,2025-10-08,2025-10-10,,,
M004950,West Bengal,Food & Beverage,Tier 3+,Field sales,2025-11-12,0,0,0,0,0,0,,,,,
M004951,Rajasthan,Other,Tier 3+,Organic QR,2025-10-29,1,0,0,0,0,0,2025-11-01,,,,
M004952,Rajasthan,Fashion/Retail,Tier 2,Online,2025-07-19,1,1,1,1,1,0,2025-07-21,2025-07-26,2025-07-24,2025-08-10,
M004953,West Bengal,Other,Tier 2,Referral,2026-04-12,1,0,0,0,0,0,2026-04-15,,,,
M004954,Maharashtra,Fashion/Retail,Tier 3+,Field sales,2025-08-22,1,1,1,0,0,0,2025-08-23,2025-08-22,2025-08-31,,
M004955,Madhya Pradesh,Other,Tier 3+,Field sales,2025-11-15,0,0,0,0,0,0,,,,,
M004956,Rajasthan,Services,Tier 3+,Online,2025-09-09,1,1,1,1,0,0,2025-09-09,2025-09-12,2025-09-18,2025-10-12,
M004957,Telangana,Kirana/Grocery,Tier 1,Partner,2025-08-28,1,0,0,0,0,0,2025-08-31,,,,
M004958,Karnataka,Food & Beverage,Tier 1,Partner,2025-11-14,1,0,0,0,0,0,2025-11-14,,,,
M004959,Maharashtra,Pharmacy,Tier 1,Field sales,2026-06-01,1,1,1,1,1,1,2026-06-02,2026-06-02,2026-06-05,2026-06-26,2026-06-28
M004960,West Bengal,Kirana/Grocery,Tier 3+,Field sales,2026-06-10,1,1,1,1,0,0,2026-06-10,2026-06-14,2026-06-17,2026-07-12,
M004961,Maharashtra,Other,Tier 2,Field sales,2025-11-17,0,0,0,0,0,0,,,,,
M004962,Karnataka,Kirana/Grocery,Tier 1,Referral,2026-01-01,1,1,0,0,0,0,2026-01-02,2026-01-02,,,
M004963,Bihar,Fashion/Retail,Tier 3+,Online,2026-06-25,1,1,0,0,0,0,2026-06-28,2026-07-02,,,
M004964,Bihar,Food & Beverage,Tier 3+,Field sales,2025-09-24,1,1,1,1,0,1,2025-09-26,2025-09-28,2025-09-29,2025-10-16,2025-12-09
M004965,Maharashtra,Fashion/Retail,Tier 1,Partner,2026-06-10,0,0,0,0,0,0,,,,,
M004966,Madhya Pradesh,Other,Tier 2,Online,2025-08-08,1,1,0,0,0,0,2025-08-11,2025-08-15,,,
M004967,Uttar Pradesh,Food & Beverage,Tier 2,Online,2025-09-21,1,0,0,0,0,0,2025-09-24,,,,
M004968,Madhya Pradesh,Pharmacy,Tier 1,Organic QR,2025-11-01,1,1,1,0,0,0,2025-11-03,2025-11-06,2025-11-10,,
M004969,Maharashtra,Kirana/Grocery,Tier 2,Field sales,2025-07-14,1,1,1,1,1,0,2025-07-17,2025-07-21,2025-07-24,2025-08-03,
M004970,Maharashtra,Fashion/Retail,Tier 1,Online,2026-04-24,1,1,1,0,0,0,2026-04-26,2026-04-26,2026-05-03,,
M004971,Rajasthan,Fashion/Retail,Tier 3+,Field sales,2026-05-09,1,0,0,0,0,0,2026-05-11,,,,
M004972,Maharashtra,Kirana/Grocery,Tier 3+,Field sales,2025-11-17,1,1,1,1,1,0,2025-11-18,2025-11-23,2025-11-24,2025-12-07,
M004973,Uttar Pradesh,Kirana/Grocery,Tier 3+,Field sales,2026-05-02,1,1,1,0,0,0,2026-05-03,2026-05-04,2026-05-12,,
M004974,Maharashtra,Food & Beverage,Tier 3+,Organic QR,2026-04-08,1,1,1,0,0,0,2026-04-11,2026-04-10,2026-04-15,,
M004975,Bihar,Kirana/Grocery,Tier 1,Field sales,2026-04-19,1,1,1,1,1,0,2026-04-22,2026-04-22,2026-04-27,2026-05-21,
M004976,West Bengal,Fashion/Retail,Tier 2,Organic QR,2026-04-19,1,0,0,0,0,0,2026-04-22,,,,
M004977,Madhya Pradesh,Kirana/Grocery,Tier 3+,Online,2026-01-26,1,1,0,0,0,0,2026-01-28,2026-02-01,,,
M004978,West Bengal,Other,Tier 2,Organic QR,2025-08-10,0,0,0,0,0,0,,,,,
M004979,West Bengal,Other,Tier 3+,Online,2026-06-03,1,1,1,1,0,0,2026-06-04,2026-06-09,2026-06-08,2026-06-29,
M004980,Uttar Pradesh,Other,Tier 2,Online,2026-02-08,1,1,1,1,1,1,2026-02-11,2026-02-12,2026-02-16,2026-03-03,2026-04-14
M004981,Uttar Pradesh,Services,Tier 1,Referral,2026-05-25,1,1,0,0,0,0,2026-05-28,2026-05-27,,,
M004982,West Bengal,Kirana/Grocery,Tier 2,Partner,2026-06-16,1,1,1,1,1,0,2026-06-17,2026-06-18,2026-06-26,2026-07-19,
M004983,West Bengal,Fashion/Retail,Tier 2,Online,2025-09-07,1,1,0,0,0,0,2025-09-07,2025-09-11,,,
M004984,West Bengal,Pharmacy,Tier 2,Organic QR,2025-11-24,1,1,1,0,0,0,2025-11-26,2025-11-28,2025-12-01,,
M004985,Bihar,Other,Tier 2,Field sales,2025-09-09,1,1,1,1,1,0,2025-09-09,2025-09-12,2025-09-17,2025-10-05,
M004986,Karnataka,Food & Beverage,Tier 2,Online,2025-07-19,1,1,1,0,0,0,2025-07-22,2025-07-25,2025-07-24,,
M004987,West Bengal,Kirana/Grocery,Tier 3+,Organic QR,2026-06-18,1,1,0,0,0,0,2026-06-21,2026-06-18,,,
M004988,West Bengal,Other,Tier 2,Online,2026-06-03,1,1,1,1,0,1,2026-06-05,2026-06-03,2026-06-06,2026-06-23,2026-06-16
M004989,Rajasthan,Fashion/Retail,Tier 2,Organic QR,2026-06-06,1,1,0,0,0,0,2026-06-08,2026-06-07,,,
M004990,Madhya Pradesh,Kirana/Grocery,Tier 2,Field sales,2026-05-19,1,0,0,0,0,0,2026-05-19,,,,
M004991,Uttar Pradesh,Pharmacy,Tier 2,Referral,2026-02-22,0,0,0,0,0,0,,,,,
M004992,West Bengal,Kirana/Grocery,Tier 1,Partner,2026-01-07,1,1,0,0,0,0,2026-01-07,2026-01-14,,,
M004993,Maharashtra,Services,Tier 2,Organic QR,2026-06-27,1,0,0,0,0,0,2026-06-27,,,,
M004994,Madhya Pradesh,Food & Beverage,Tier 1,Online,2026-01-18,1,1,1,1,1,0,2026-01-18,2026-01-19,2026-01-24,2026-02-20,
M004995,Maharashtra,Food & Beverage,Tier 3+,Organic QR,2026-02-20,1,1,1,1,1,0,2026-02-21,2026-02-25,2026-02-23,2026-03-22,
M004996,Telangana,Kirana/Grocery,Tier 3+,Field sales,2025-09-16,1,1,0,0,0,0,2025-09-17,2025-09-23,,,
M004997,Maharashtra,Kirana/Grocery,Tier 2,Partner,2026-03-30,0,0,0,0,0,0,,,,,
M004998,Uttar Pradesh,Food & Beverage,Tier 3+,Field sales,2026-04-26,0,0,0,0,0,0,,,,,
M004999,Karnataka,Kirana/Grocery,Tier 2,Organic QR,2026-03-05,1,1,0,0,0,0,2026-03-06,2026-03-07,,,
M005000,West Bengal,Food & Beverage,Tier 1,Field sales,2025-12-29,1,0,0,0,0,0,2025-12-29,,,,
M005001,Uttar Pradesh,Services,Tier 3+,Field sales,2025-09-11,1,1,1,0,0,0,2025-09-13,2025-09-17,2025-09-21,,
M005002,West Bengal,Pharmacy,Tier 3+,Online,2025-07-13,1,0,0,0,0,0,2025-07-16,,,,
M005003,Karnataka,Pharmacy,Tier 1,Field sales,2026-02-14,1,1,0,0,0,0,2026-02-14,2026-02-17,,,
M005004,Maharashtra,Kirana/Grocery,Tier 1,Referral,2026-03-07,0,0,0,0,0,0,,,,,
M005005,Bihar,Kirana/Grocery,Tier 2,Partner,2026-04-09,1,1,0,0,0,0,2026-04-11,2026-04-12,,,
M005006,Bihar,Fashion/Retail,Tier 2,Field sales,2026-06-12,1,1,1,1,1,1,2026-06-15,2026-06-15,2026-06-19,2026-07-12,2026-06-30
M005007,Uttar Pradesh,Fashion/Retail,Tier 2,Online,2025-12-29,0,0,0,0,0,0,,,,,
M005008,Madhya Pradesh,Other,Tier 2,Field sales,2026-04-29,1,0,0,0,0,0,2026-04-30,,,,
M005009,Madhya Pradesh,Other,Tier 3+,Organic QR,2026-03-19,1,1,0,0,0,0,2026-03-21,2026-03-21,,,
M005010,Rajasthan,Services,Tier 1,Referral,2025-10-10,1,1,1,1,1,0,2025-10-13,2025-10-13,2025-10-18,2025-10-30,
M005011,West Bengal,Other,Tier 2,Referral,2026-05-05,1,0,0,0,0,0,2026-05-07,,,,
M005012,Bihar,Food & Beverage,Tier 3+,Field sales,2025-07-20,1,1,1,0,0,0,2025-07-21,2025-07-21,2025-07-25,,
M005013,Rajasthan,Fashion/Retail,Tier 2,Referral,2026-02-04,1,1,1,1,1,0,2026-02-05,2026-02-04,2026-02-11,2026-02-26,
M005014,Telangana,Other,Tier 2,Online,2026-06-09,1,1,1,1,0,0,2026-06-09,2026-06-11,2026-06-12,2026-07-10,
M005015,Maharashtra,Fashion/Retail,Tier 1,Organic QR,2026-02-26,1,0,0,0,0,0,2026-03-01,,,,
M005016,Karnataka,Food & Beverage,Tier 1,Partner,2026-06-08,1,0,0,0,0,0,2026-06-09,,,,
M005017,Bihar,Food & Beverage,Tier 2,Field sales,2025-07-21,1,1,1,0,0,0,2025-07-24,2025-07-22,2025-07-31,,
M005018,Bihar,Kirana/Grocery,Tier 2,Field sales,2026-01-11,1,1,1,1,1,0,2026-01-12,2026-01-14,2026-01-19,2026-02-12,
M005019,Telangana,Food & Beverage,Tier 3+,Organic QR,2026-04-11,0,0,0,0,0,0,,,,,
M005020,Rajasthan,Fashion/Retail,Tier 2,Field sales,2026-02-20,0,0,0,0,0,0,,,,,
M005021,Karnataka,Pharmacy,Tier 3+,Partner,2026-05-18,1,1,1,1,0,0,2026-05-20,2026-05-21,2026-05-23,2026-06-22,
M005022,Karnataka,Kirana/Grocery,Tier 3+,Field sales,2025-12-16,1,1,1,1,1,0,2025-12-16,2025-12-20,2025-12-25,2026-01-18,
M005023,West Bengal,Pharmacy,Tier 1,Field sales,2026-03-07,0,0,0,0,0,0,,,,,
M005024,Uttar Pradesh,Food & Beverage,Tier 1,Organic QR,2025-12-01,1,1,1,1,1,0,2025-12-01,2025-12-01,2025-12-08,2025-12-25,
M005025,Karnataka,Services,Tier 3+,Field sales,2026-05-15,1,1,0,0,0,0,2026-05-17,2026-05-20,,,
M005026,Uttar Pradesh,Food & Beverage,Tier 2,Organic QR,2025-08-13,1,1,1,1,1,0,2025-08-15,2025-08-14,2025-08-19,2025-09-10,
M005027,Uttar Pradesh,Services,Tier 2,Organic QR,2025-10-01,1,0,0,0,0,0,2025-10-02,,,,
M005028,Bihar,Pharmacy,Tier 1,Field sales,2025-08-05,1,0,0,0,0,0,2025-08-07,,,,
M005029,West Bengal,Pharmacy,Tier 2,Field sales,2026-03-14,1,1,1,1,1,1,2026-03-15,2026-03-15,2026-03-21,2026-04-10,2026-04-12
M005030,Rajasthan,Pharmacy,Tier 1,Field sales,2025-09-23,1,0,0,0,0,0,2025-09-25,,,,
M005031,Rajasthan,Food & Beverage,Tier 1,Organic QR,2025-10-24,1,0,0,0,0,0,2025-10-26,,,,
M005032,Telangana,Pharmacy,Tier 2,Field sales,2026-05-02,1,1,0,0,0,0,2026-05-05,2026-05-09,,,
M005033,Uttar Pradesh,Kirana/Grocery,Tier 3+,Partner,2025-11-09,1,1,0,0,0,0,2025-11-11,2025-11-15,,,
M005034,Telangana,Food & Beverage,Tier 1,Partner,2025-08-23,1,1,1,1,0,0,2025-08-26,2025-08-27,2025-08-28,2025-09-18,
M005035,Maharashtra,Services,Tier 3+,Field sales,2025-07-08,1,0,0,0,0,0,2025-07-11,,,,
M005036,Madhya Pradesh,Pharmacy,Tier 2,Field sales,2025-09-21,1,1,1,1,0,0,2025-09-22,2025-09-22,2025-09-27,2025-10-19,
M005037,Uttar Pradesh,Other,Tier 2,Field sales,2026-05-30,1,1,1,1,1,0,2026-06-02,2026-06-06,2026-06-03,2026-07-03,
M005038,Uttar Pradesh,Food & Beverage,Tier 2,Field sales,2026-01-17,1,1,1,0,0,0,2026-01-18,2026-01-24,2026-01-20,,
M005039,Maharashtra,Fashion/Retail,Tier 1,Field sales,2026-06-29,1,1,1,1,1,0,2026-06-29,2026-07-04,2026-07-07,2026-07-22,
M005040,Madhya Pradesh,Food & Beverage,Tier 2,Online,2025-09-17,0,0,0,0,0,0,,,,,
M005041,Maharashtra,Services,Tier 3+,Field sales,2025-11-06,1,0,0,0,0,0,2025-11-09,,,,
M005042,Uttar Pradesh,Fashion/Retail,Tier 1,Field sales,2025-08-29,1,1,1,0,0,0,2025-08-29,2025-08-31,2025-09-06,,
M005043,Madhya Pradesh,Pharmacy,Tier 3+,Referral,2025-11-23,0,0,0,0,0,0,,,,,
M005044,Uttar Pradesh,Fashion/Retail,Tier 1,Online,2026-01-22,0,0,0,0,0,0,,,,,
M005045,West Bengal,Fashion/Retail,Tier 2,Organic QR,2026-04-21,1,1,0,0,0,0,2026-04-21,2026-04-23,,,
M005046,Karnataka,Kirana/Grocery,Tier 2,Organic QR,2025-11-12,1,1,1,1,1,0,2025-11-14,2025-11-12,2025-11-15,2025-12-10,
M005047,Bihar,Other,Tier 3+,Field sales,2026-04-08,1,1,1,1,1,1,2026-04-10,2026-04-14,2026-04-13,2026-04-28,2026-06-16
M005048,West Bengal,Other,Tier 1,Referral,2026-02-14,1,1,1,1,1,0,2026-02-15,2026-02-21,2026-02-22,2026-03-14,
M005049,Uttar Pradesh,Food & Beverage,Tier 1,Organic QR,2025-10-15,1,1,0,0,0,0,2025-10-17,2025-10-19,,,
M005050,Bihar,Kirana/Grocery,Tier 2,Organic QR,2026-05-29,1,1,0,0,0,0,2026-06-01,2026-06-02,,,
M005051,Uttar Pradesh,Food & Beverage,Tier 1,Field sales,2025-12-06,0,0,0,0,0,0,,,,,
M005052,Bihar,Fashion/Retail,Tier 2,Organic QR,2025-08-25,1,1,1,1,0,0,2025-08-27,2025-08-29,2025-08-29,2025-09-15,
M005053,West Bengal,Other,Tier 3+,Partner,2026-06-17,1,1,1,1,1,0,2026-06-20,2026-06-19,2026-06-27,2026-07-20,
M005054,Bihar,Fashion/Retail,Tier 1,Field sales,2026-05-30,0,0,0,0,0,0,,,,,
M005055,West Bengal,Food & Beverage,Tier 3+,Organic QR,2025-07-19,1,0,0,0,0,0,2025-07-21,,,,
M005056,Rajasthan,Kirana/Grocery,Tier 1,Field sales,2026-05-26,1,1,0,0,0,0,2026-05-28,2026-05-26,,,
M005057,Uttar Pradesh,Services,Tier 3+,Referral,2026-06-11,1,1,1,1,0,0,2026-06-13,2026-06-13,2026-06-16,2026-07-06,
M005058,Telangana,Food & Beverage,Tier 3+,Field sales,2026-04-29,1,1,0,0,0,0,2026-05-02,2026-04-30,,,
M005059,Bihar,Kirana/Grocery,Tier 2,Online,2025-10-02,1,1,1,0,0,0,2025-10-03,2025-10-08,2025-10-08,,
M005060,West Bengal,Kirana/Grocery,Tier 3+,Organic QR,2026-02-16,1,1,1,1,1,0,2026-02-17,2026-02-16,2026-02-23,2026-03-11,
M005061,Rajasthan,Kirana/Grocery,Tier 3+,Organic QR,2026-01-13,1,0,0,0,0,0,2026-01-16,,,,
M005062,Karnataka,Kirana/Grocery,Tier 1,Field sales,2026-02-12,1,1,0,0,0,0,2026-02-14,2026-02-18,,,
M005063,Uttar Pradesh,Pharmacy,Tier 1,Organic QR,2026-02-11,1,1,1,1,1,1,2026-02-11,2026-02-11,2026-02-19,2026-03-06,2026-03-13
M005064,Bihar,Food & Beverage,Tier 1,Field sales,2026-02-19,1,1,1,1,1,1,2026-02-21,2026-02-23,2026-02-24,2026-03-15,2026-04-05
M005065,West Bengal,Food & Beverage,Tier 2,Field sales,2026-01-04,1,1,1,1,1,0,2026-01-04,2026-01-11,2026-01-07,2026-02-01,
M005066,Maharashtra,Services,Tier 2,Field sales,2026-03-10,1,0,0,0,0,0,2026-03-12,,,,
M005067,Maharashtra,Other,Tier 2,Field sales,2026-01-09,1,1,1,1,1,1,2026-01-10,2026-01-11,2026-01-16,2026-02-03,2026-03-29
M005068,Uttar Pradesh,Pharmacy,Tier 2,Referral,2025-07-07,1,1,1,1,1,0,2025-07-07,2025-07-13,2025-07-12,2025-07-28,
M005069,Maharashtra,Services,Tier 2,Field sales,2025-07-13,1,1,0,0,0,0,2025-07-15,2025-07-13,,,
M005070,West Bengal,Pharmacy,Tier 1,Referral,2026-06-15,1,0,0,0,0,0,2026-06-15,,,,
M005071,Uttar Pradesh,Pharmacy,Tier 1,Online,2026-05-28,1,1,0,0,0,0,2026-05-29,2026-05-29,,,
M005072,Uttar Pradesh,Pharmacy,Tier 3+,Partner,2026-01-30,1,1,0,0,0,0,2026-01-30,2026-02-06,,,
M005073,Karnataka,Services,Tier 2,Field sales,2025-09-02,0,0,0,0,0,0,,,,,
M005074,Uttar Pradesh,Services,Tier 2,Organic QR,2026-04-12,1,0,0,0,0,0,2026-04-12,,,,
M005075,West Bengal,Food & Beverage,Tier 1,Referral,2025-08-22,1,1,1,1,1,0,2025-08-23,2025-08-23,2025-08-26,2025-09-14,
M005076,Uttar Pradesh,Food & Beverage,Tier 3+,Field sales,2025-11-15,1,1,1,0,0,0,2025-11-17,2025-11-20,2025-11-21,,
M005077,Maharashtra,Kirana/Grocery,Tier 1,Field sales,2025-10-29,1,1,0,0,0,0,2025-10-31,2025-11-01,,,
M005078,Karnataka,Food & Beverage,Tier 2,Field sales,2025-07-05,1,1,0,0,0,0,2025-07-08,2025-07-06,,,
M005079,West Bengal,Food & Beverage,Tier 1,Organic QR,2026-04-21,1,0,0,0,0,0,2026-04-22,,,,
M005080,West Bengal,Services,Tier 1,Field sales,2026-01-03,0,0,0,0,0,0,,,,,
M005081,Karnataka,Services,Tier 3+,Field sales,2025-10-24,1,1,1,1,1,0,2025-10-25,2025-10-26,2025-10-28,2025-11-23,
M005082,Rajasthan,Kirana/Grocery,Tier 2,Partner,2026-01-02,0,0,0,0,0,0,,,,,
M005083,Maharashtra,Food & Beverage,Tier 2,Organic QR,2025-07-01,1,0,0,0,0,0,2025-07-04,,,,
M005084,Uttar Pradesh,Food & Beverage,Tier 1,Field sales,2025-12-07,0,0,0,0,0,0,,,,,
M005085,Maharashtra,Pharmacy,Tier 3+,Online,2026-01-06,1,1,1,1,1,0,2026-01-06,2026-01-10,2026-01-14,2026-01-31,
M005086,Madhya Pradesh,Food & Beverage,Tier 2,Field sales,2025-11-01,1,1,0,0,0,0,2025-11-03,2025-11-05,,,
M005087,West Bengal,Kirana/Grocery,Tier 3+,Field sales,2026-04-30,1,1,1,0,0,0,2026-05-02,2026-05-06,2026-05-08,,
M005088,Maharashtra,Kirana/Grocery,Tier 1,Field sales,2025-09-30,1,1,1,1,0,0,2025-10-01,2025-10-01,2025-10-05,2025-10-22,
M005089,Uttar Pradesh,Services,Tier 2,Field sales,2025-08-20,1,0,0,0,0,0,2025-08-23,,,,
M005090,Maharashtra,Kirana/Grocery,Tier 2,Organic QR,2026-01-09,1,1,1,1,0,0,2026-01-10,2026-01-12,2026-01-15,2026-02-07,
M005091,Telangana,Services,Tier 3+,Field sales,2026-05-20,0,0,0,0,0,0,,,,,
M005092,Maharashtra,Services,Tier 3+,Online,2025-11-14,1,1,1,1,1,0,2025-11-14,2025-11-17,2025-11-22,2025-12-04,
M005093,Karnataka,Other,Tier 2,Online,2025-07-18,0,0,0,0,0,0,,,,,
M005094,West Bengal,Services,Tier 1,Field sales,2026-06-20,1,1,1,1,0,0,2026-06-20,2026-06-21,2026-06-29,2026-07-20,
M005095,Maharashtra,Kirana/Grocery,Tier 1,Referral,2025-12-10,1,0,0,0,0,0,2025-12-12,,,,
M005096,Madhya Pradesh,Food & Beverage,Tier 1,Organic QR,2025-09-02,1,1,1,1,0,0,2025-09-04,2025-09-09,2025-09-10,2025-09-26,
M005097,Maharashtra,Fashion/Retail,Tier 3+,Referral,2026-02-10,1,1,1,1,0,0,2026-02-12,2026-02-12,2026-02-20,2026-03-10,
M005098,Uttar Pradesh,Kirana/Grocery,Tier 1,Field sales,2025-10-25,1,0,0,0,0,0,2025-10-26,,,,
M005099,Uttar Pradesh,Other,Tier 1,Partner,2026-06-08,1,1,1,1,0,1,2026-06-09,2026-06-11,2026-06-12,2026-07-08,2026-07-15
M005100,West Bengal,Services,Tier 2,Field sales,2025-10-16,1,1,0,0,0,0,2025-10-19,2025-10-21,,,
M005101,Karnataka,Kirana/Grocery,Tier 1,Field sales,2026-01-17,1,1,1,1,1,1,2026-01-18,2026-01-24,2026-01-22,2026-02-13,2026-03-11
M005102,Maharashtra,Kirana/Grocery,Tier 3+,Online,2026-01-15,1,1,0,0,0,0,2026-01-17,2026-01-16,,,
M005103,Bihar,Other,Tier 1,Field sales,2025-09-27,1,1,1,1,0,0,2025-09-30,2025-10-01,2025-10-06,2025-10-18,
M005104,Bihar,Other,Tier 3+,Organic QR,2025-12-30,1,1,1,1,1,0,2025-12-30,2025-12-30,2026-01-03,2026-01-30,
M005105,Bihar,Fashion/Retail,Tier 2,Field sales,2025-08-09,1,0,0,0,0,0,2025-08-09,,,,
M005106,Maharashtra,Food & Beverage,Tier 2,Online,2026-02-20,1,0,0,0,0,0,2026-02-22,,,,
M005107,Karnataka,Pharmacy,Tier 2,Organic QR,2026-04-03,1,1,0,0,0,0,2026-04-05,2026-04-06,,,
M005108,Madhya Pradesh,Kirana/Grocery,Tier 2,Field sales,2026-06-12,1,1,1,1,1,0,2026-06-15,2026-06-19,2026-06-20,2026-07-14,
M005109,Rajasthan,Food & Beverage,Tier 2,Partner,2025-10-27,1,1,1,0,0,0,2025-10-29,2025-10-31,2025-10-30,,
M005110,Rajasthan,Pharmacy,Tier 1,Field sales,2025-10-13,1,1,0,0,0,0,2025-10-16,2025-10-20,,,
M005111,Karnataka,Other,Tier 3+,Field sales,2026-01-17,1,1,1,1,1,1,2026-01-20,2026-01-22,2026-01-27,2026-02-10,2026-03-08
M005112,Karnataka,Food & Beverage,Tier 2,Partner,2026-03-10,0,0,0,0,0,0,,,,,
M005113,West Bengal,Services,Tier 2,Online,2026-06-28,1,1,1,0,0,0,2026-07-01,2026-06-30,2026-07-03,,
M005114,Bihar,Kirana/Grocery,Tier 2,Referral,2025-07-10,1,0,0,0,0,0,2025-07-12,,,,
M005115,Maharashtra,Food & Beverage,Tier 2,Field sales,2025-09-25,1,1,0,0,0,0,2025-09-28,2025-10-02,,,
M005116,West Bengal,Kirana/Grocery,Tier 2,Field sales,2025-10-04,0,0,0,0,0,0,,,,,
M005117,Rajasthan,Fashion/Retail,Tier 2,Referral,2025-10-02,1,0,0,0,0,0,2025-10-05,,,,
M005118,Telangana,Kirana/Grocery,Tier 1,Field sales,2025-12-17,0,0,0,0,0,0,,,,,
M005119,Uttar Pradesh,Pharmacy,Tier 2,Partner,2026-05-15,1,1,0,0,0,0,2026-05-16,2026-05-20,,,
M005120,Bihar,Kirana/Grocery,Tier 1,Organic QR,2025-07-12,1,1,1,1,0,0,2025-07-14,2025-07-12,2025-07-21,2025-08-11,
M005121,Telangana,Food & Beverage,Tier 3+,Online,2026-04-24,1,0,0,0,0,0,2026-04-26,,,,
M005122,Uttar Pradesh,Kirana/Grocery,Tier 2,Field sales,2026-02-11,1,1,1,1,0,1,2026-02-12,2026-02-17,2026-02-20,2026-03-03,2026-04-06
M005123,Bihar,Food & Beverage,Tier 3+,Online,2026-02-10,1,1,1,1,1,0,2026-02-12,2026-02-14,2026-02-19,2026-03-06,
M005124,Karnataka,Services,Tier 2,Organic QR,2026-03-05,0,0,0,0,0,0,,,,,
M005125,West Bengal,Services,Tier 3+,Partner,2025-08-12,0,0,0,0,0,0,,,,,
M005126,Telangana,Other,Tier 3+,Field sales,2026-03-30,0,0,0,0,0,0,,,,,
M005127,Uttar Pradesh,Food & Beverage,Tier 1,Organic QR,2025-09-29,1,0,0,0,0,0,2025-10-01,,,,
M005128,Bihar,Services,Tier 2,Field sales,2026-01-05,1,1,0,0,0,0,2026-01-08,2026-01-12,,,
M005129,Rajasthan,Other,Tier 1,Field sales,2026-03-05,1,1,0,0,0,0,2026-03-05,2026-03-10,,,
M005130,Uttar Pradesh,Kirana/Grocery,Tier 1,Organic QR,2026-02-06,1,0,0,0,0,0,2026-02-09,,,,
M005131,Rajasthan,Fashion/Retail,Tier 2,Field sales,2025-10-26,1,1,1,1,0,0,2025-10-29,2025-10-27,2025-10-31,2025-11-28,
M005132,West Bengal,Other,Tier 2,Online,2025-11-22,1,1,0,0,0,0,2025-11-24,2025-11-25,,,
M005133,Madhya Pradesh,Fashion/Retail,Tier 3+,Referral,2025-12-21,1,1,1,1,1,1,2025-12-22,2025-12-27,2025-12-24,2026-01-11,2026-03-07
M005134,Madhya Pradesh,Services,Tier 1,Partner,2025-07-16,1,1,0,0,0,0,2025-07-17,2025-07-20,,,
M005135,Karnataka,Pharmacy,Tier 3+,Organic QR,2026-03-23,1,1,0,0,0,0,2026-03-25,2026-03-23,,,
M005136,Uttar Pradesh,Food & Beverage,Tier 1,Field sales,2025-08-06,1,1,1,1,1,0,2025-08-08,2025-08-06,2025-08-16,2025-08-31,
M005137,Uttar Pradesh,Services,Tier 1,Field sales,2025-12-15,1,0,0,0,0,0,2025-12-17,,,,
M005138,Maharashtra,Other,Tier 1,Field sales,2026-02-25,1,0,0,0,0,0,2026-02-28,,,,
M005139,Bihar,Kirana/Grocery,Tier 2,Organic QR,2025-07-30,1,1,0,0,0,0,2025-08-01,2025-08-01,,,
M005140,Telangana,Fashion/Retail,Tier 2,Referral,2026-06-29,1,1,1,1,1,1,2026-07-01,2026-07-01,2026-07-05,2026-08-02,2026-09-21
M005141,Karnataka,Services,Tier 1,Field sales,2025-11-15,1,1,1,1,1,1,2025-11-15,2025-11-19,2025-11-23,2025-12-12,2026-01-31
M005142,Karnataka,Kirana/Grocery,Tier 1,Field sales,2025-07-06,1,1,0,0,0,0,2025-07-06,2025-07-09,,,
M005143,Karnataka,Services,Tier 2,Field sales,2026-02-26,1,1,1,1,1,1,2026-02-28,2026-02-28,2026-03-03,2026-03-21,2026-04-22
M005144,Telangana,Fashion/Retail,Tier 3+,Organic QR,2026-01-20,1,1,1,0,0,0,2026-01-21,2026-01-23,2026-01-30,,
M005145,Rajasthan,Services,Tier 1,Field sales,2026-02-19,1,1,1,0,0,0,2026-02-19,2026-02-20,2026-02-28,,
M005146,Rajasthan,Fashion/Retail,Tier 3+,Organic QR,2026-04-01,1,0,0,0,0,0,2026-04-04,,,,
M005147,Karnataka,Food & Beverage,Tier 2,Field sales,2025-12-21,0,0,0,0,0,0,,,,,
M005148,Karnataka,Other,Tier 2,Field sales,2026-04-28,1,1,1,0,0,0,2026-04-30,2026-05-03,2026-05-06,,
M005149,Madhya Pradesh,Services,Tier 1,Partner,2025-11-13,1,1,1,1,0,1,2025-11-16,2025-11-13,2025-11-21,2025-12-14,2025-12-21
M005150,Maharashtra,Fashion/Retail,Tier 3+,Online,2026-01-15,0,0,0,0,0,0,,,,,
M005151,Uttar Pradesh,Kirana/Grocery,Tier 2,Field sales,2025-08-27,1,1,0,0,0,0,2025-08-28,2025-09-03,,,
M005152,Uttar Pradesh,Food & Beverage,Tier 2,Field sales,2026-02-12,1,1,0,0,0,0,2026-02-13,2026-02-18,,,
M005153,Uttar Pradesh,Other,Tier 3+,Field sales,2025-10-04,1,1,1,0,0,0,2025-10-06,2025-10-04,2025-10-07,,
M005154,West Bengal,Kirana/Grocery,Tier 3+,Referral,2026-03-12,1,0,0,0,0,0,2026-03-15,,,,
M005155,Rajasthan,Food & Beverage,Tier 3+,Organic QR,2026-04-19,1,0,0,0,0,0,2026-04-19,,,,
M005156,West Bengal,Fashion/Retail,Tier 3+,Organic QR,2026-05-10,1,1,1,1,1,0,2026-05-11,2026-05-15,2026-05-17,2026-06-09,
M005157,Madhya Pradesh,Pharmacy,Tier 1,Organic QR,2026-06-05,1,1,0,0,0,0,2026-06-07,2026-06-08,,,
M005158,Karnataka,Fashion/Retail,Tier 3+,Online,2025-08-14,1,1,0,0,0,0,2025-08-15,2025-08-18,,,
M005159,Karnataka,Pharmacy,Tier 2,Field sales,2025-08-20,0,0,0,0,0,0,,,,,
M005160,Telangana,Other,Tier 3+,Field sales,2026-06-04,1,1,1,1,0,0,2026-06-07,2026-06-07,2026-06-09,2026-07-01,
M005161,Uttar Pradesh,Services,Tier 2,Organic QR,2025-11-17,0,0,0,0,0,0,,,,,
M005162,Uttar Pradesh,Services,Tier 1,Organic QR,2025-07-10,1,0,0,0,0,0,2025-07-11,,,,
M005163,Karnataka,Fashion/Retail,Tier 2,Field sales,2025-10-13,1,1,1,1,1,0,2025-10-13,2025-10-15,2025-10-18,2025-11-13,
M005164,Karnataka,Pharmacy,Tier 3+,Online,2026-05-02,1,0,0,0,0,0,2026-05-04,,,,
M005165,Uttar Pradesh,Kirana/Grocery,Tier 2,Partner,2025-11-07,1,1,1,1,1,1,2025-11-10,2025-11-14,2025-11-14,2025-12-09,2026-01-28
M005166,Rajasthan,Food & Beverage,Tier 3+,Online,2025-07-29,1,1,1,1,1,1,2025-08-01,2025-07-30,2025-08-01,2025-08-26,2025-09-28
M005167,Bihar,Services,Tier 1,Online,2026-03-21,1,1,1,1,1,0,2026-03-22,2026-03-26,2026-03-30,2026-04-13,
M005168,West Bengal,Pharmacy,Tier 1,Organic QR,2025-09-10,1,1,1,1,0,0,2025-09-13,2025-09-14,2025-09-15,2025-10-09,
M005169,Karnataka,Services,Tier 2,Online,2025-11-06,1,1,1,1,0,0,2025-11-09,2025-11-13,2025-11-12,2025-12-09,
M005170,Uttar Pradesh,Fashion/Retail,Tier 2,Partner,2025-07-02,1,1,1,1,0,0,2025-07-04,2025-07-05,2025-07-09,2025-07-26,
M005171,West Bengal,Fashion/Retail,Tier 2,Field sales,2026-02-05,1,1,1,1,1,0,2026-02-06,2026-02-09,2026-02-08,2026-02-25,
M005172,Bihar,Kirana/Grocery,Tier 3+,Partner,2025-12-10,1,1,0,0,0,0,2025-12-12,2025-12-17,,,
M005173,Rajasthan,Services,Tier 2,Online,2026-05-13,1,1,0,0,0,0,2026-05-15,2026-05-18,,,
M005174,Uttar Pradesh,Services,Tier 2,Referral,2025-10-31,1,0,0,0,0,0,2025-11-03,,,,
M005175,Maharashtra,Kirana/Grocery,Tier 2,Partner,2025-09-13,1,1,1,1,1,0,2025-09-14,2025-09-16,2025-09-18,2025-10-12,
M005176,West Bengal,Food & Beverage,Tier 3+,Field sales,2025-08-30,1,1,0,0,0,0,2025-09-02,2025-09-05,,,
M005177,Rajasthan,Services,Tier 2,Referral,2025-09-12,0,0,0,0,0,0,,,,,
M005178,Uttar Pradesh,Fashion/Retail,Tier 3+,Organic QR,2025-12-12,1,1,0,0,0,0,2025-12-13,2025-12-18,,,
M005179,Uttar Pradesh,Food & Beverage,Tier 1,Partner,2025-08-01,1,1,1,0,0,0,2025-08-04,2025-08-01,2025-08-05,,
M005180,Uttar Pradesh,Kirana/Grocery,Tier 3+,Partner,2025-11-24,0,0,0,0,0,0,,,,,
M005181,Karnataka,Food & Beverage,Tier 1,Organic QR,2026-05-08,1,1,1,1,1,1,2026-05-10,2026-05-09,2026-05-11,2026-06-02,2026-07-14
M005182,Bihar,Fashion/Retail,Tier 3+,Field sales,2026-04-07,1,0,0,0,0,0,2026-04-09,,,,
M005183,Uttar Pradesh,Services,Tier 3+,Partner,2026-02-18,1,1,1,1,1,0,2026-02-20,2026-02-25,2026-02-26,2026-03-23,
M005184,Maharashtra,Food & Beverage,Tier 3+,Field sales,2026-05-22,1,1,1,1,1,0,2026-05-25,2026-05-29,2026-05-25,2026-06-20,
M005185,Uttar Pradesh,Other,Tier 1,Field sales,2026-04-11,1,1,1,1,1,0,2026-04-11,2026-04-14,2026-04-15,2026-05-13,
M005186,West Bengal,Kirana/Grocery,Tier 3+,Field sales,2026-02-24,0,0,0,0,0,0,,,,,
M005187,Telangana,Food & Beverage,Tier 1,Partner,2026-05-12,1,0,0,0,0,0,2026-05-13,,,,
M005188,Uttar Pradesh,Food & Beverage,Tier 2,Field sales,2025-08-15,1,1,0,0,0,0,2025-08-18,2025-08-17,,,
M005189,Rajasthan,Pharmacy,Tier 2,Field sales,2026-04-25,1,1,0,0,0,0,2026-04-26,2026-05-02,,,
M005190,Madhya Pradesh,Fashion/Retail,Tier 2,Online,2025-10-16,1,0,0,0,0,0,2025-10-16,,,,
M005191,Rajasthan,Kirana/Grocery,Tier 2,Organic QR,2026-03-25,0,0,0,0,0,0,,,,,
M005192,Madhya Pradesh,Fashion/Retail,Tier 2,Online,2026-05-30,0,0,0,0,0,0,,,,,
M005193,Maharashtra,Pharmacy,Tier 2,Organic QR,2025-12-29,1,1,1,1,0,1,2026-01-01,2025-12-29,2026-01-08,2026-01-25,2026-02-03
M005194,West Bengal,Other,Tier 2,Field sales,2025-08-02,1,0,0,0,0,0,2025-08-05,,,,
M005195,West Bengal,Other,Tier 2,Referral,2025-11-13,1,1,0,0,0,0,2025-11-15,2025-11-13,,,
M005196,Uttar Pradesh,Fashion/Retail,Tier 3+,Field sales,2025-11-26,1,1,1,1,1,1,2025-11-29,2025-12-01,2025-12-04,2025-12-19,2026-02-20
M005197,Rajasthan,Kirana/Grocery,Tier 2,Online,2026-06-07,1,1,1,1,1,0,2026-06-09,2026-06-07,2026-06-11,2026-07-07,
M005198,Karnataka,Food & Beverage,Tier 1,Field sales,2026-06-10,1,1,1,1,0,1,2026-06-13,2026-06-11,2026-06-19,2026-07-12,2026-07-26
M005199,Uttar Pradesh,Other,Tier 2,Referral,2026-01-24,1,1,0,0,0,0,2026-01-24,2026-01-24,,,
M005200,Karnataka,Services,Tier 3+,Organic QR,2026-06-12,1,0,0,0,0,0,2026-06-13,,,,
M005201,Maharashtra,Services,Tier 1,Referral,2025-12-07,1,1,1,1,1,1,2025-12-09,2025-12-14,2025-12-17,2025-12-30,2026-01-07
M005202,West Bengal,Other,Tier 1,Field sales,2025-11-28,0,0,0,0,0,0,,,,,
M005203,Karnataka,Fashion/Retail,Tier 3+,Partner,2026-05-02,1,1,1,1,0,1,2026-05-04,2026-05-02,2026-05-08,2026-06-01,2026-07-04
M005204,Rajasthan,Pharmacy,Tier 3+,Field sales,2026-03-01,1,1,0,0,0,0,2026-03-02,2026-03-08,,,
M005205,Telangana,Fashion/Retail,Tier 2,Referral,2026-01-07,1,1,1,1,0,0,2026-01-07,2026-01-08,2026-01-10,2026-02-11,
M005206,Telangana,Kirana/Grocery,Tier 3+,Field sales,2025-12-14,1,1,0,0,0,0,2025-12-15,2025-12-21,,,
M005207,Uttar Pradesh,Pharmacy,Tier 3+,Organic QR,2026-03-15,1,1,1,1,1,0,2026-03-18,2026-03-17,2026-03-22,2026-04-10,
M005208,Telangana,Other,Tier 2,Partner,2026-04-02,1,1,1,1,0,0,2026-04-05,2026-04-05,2026-04-08,2026-04-26,
M005209,Rajasthan,Kirana/Grocery,Tier 1,Organic QR,2025-12-27,1,1,1,1,0,0,2025-12-27,2025-12-28,2025-12-31,2026-01-23,
M005210,West Bengal,Kirana/Grocery,Tier 2,Referral,2025-07-12,1,0,0,0,0,0,2025-07-15,,,,
M005211,Uttar Pradesh,Fashion/Retail,Tier 3+,Partner,2025-08-07,0,0,0,0,0,0,,,,,
M005212,West Bengal,Services,Tier 2,Field sales,2025-08-22,1,1,1,0,0,0,2025-08-25,2025-08-24,2025-08-28,,
M005213,Rajasthan,Kirana/Grocery,Tier 1,Referral,2025-12-16,1,1,1,1,1,0,2025-12-19,2025-12-17,2025-12-21,2026-01-11,
M005214,Rajasthan,Kirana/Grocery,Tier 3+,Organic QR,2026-02-10,1,1,1,1,0,0,2026-02-11,2026-02-11,2026-02-16,2026-03-10,
M005215,Karnataka,Food & Beverage,Tier 3+,Organic QR,2026-04-20,1,1,1,1,0,0,2026-04-21,2026-04-23,2026-04-25,2026-05-20,
M005216,Maharashtra,Food & Beverage,Tier 2,Field sales,2025-09-23,1,1,0,0,0,0,2025-09-23,2025-09-26,,,
M005217,Madhya Pradesh,Fashion/Retail,Tier 3+,Organic QR,2026-04-14,1,1,1,0,0,0,2026-04-16,2026-04-19,2026-04-17,,
M005218,Uttar Pradesh,Services,Tier 3+,Referral,2026-03-01,1,1,0,0,0,0,2026-03-01,2026-03-08,,,
M005219,Uttar Pradesh,Pharmacy,Tier 3+,Online,2025-07-19,1,1,0,0,0,0,2025-07-20,2025-07-19,,,
M005220,Madhya Pradesh,Kirana/Grocery,Tier 3+,Online,2025-11-06,1,1,0,0,0,0,2025-11-08,2025-11-08,,,
M005221,Telangana,Food & Beverage,Tier 1,Partner,2025-10-19,0,0,0,0,0,0,,,,,
M005222,Madhya Pradesh,Food & Beverage,Tier 3+,Field sales,2026-05-20,1,1,0,0,0,0,2026-05-21,2026-05-24,,,
M005223,Telangana,Fashion/Retail,Tier 2,Organic QR,2026-06-02,1,1,1,1,1,0,2026-06-03,2026-06-05,2026-06-07,2026-07-04,
M005224,West Bengal,Other,Tier 3+,Field sales,2026-04-26,0,0,0,0,0,0,,,,,
M005225,Karnataka,Food & Beverage,Tier 3+,Partner,2026-01-09,1,1,1,1,0,0,2026-01-10,2026-01-13,2026-01-19,2026-02-09,
M005226,Maharashtra,Other,Tier 3+,Field sales,2025-12-27,1,1,1,1,1,0,2025-12-27,2025-12-29,2026-01-06,2026-01-25,
M005227,Bihar,Kirana/Grocery,Tier 3+,Online,2025-10-22,1,1,1,1,0,0,2025-10-24,2025-10-24,2025-11-01,2025-11-21,
M005228,Maharashtra,Food & Beverage,Tier 3+,Field sales,2026-04-09,1,1,1,1,0,0,2026-04-09,2026-04-14,2026-04-14,2026-05-12,
M005229,West Bengal,Fashion/Retail,Tier 1,Field sales,2025-08-01,1,1,1,1,1,0,2025-08-02,2025-08-02,2025-08-10,2025-08-24,
M005230,Rajasthan,Food & Beverage,Tier 2,Referral,2025-10-07,1,1,1,1,0,0,2025-10-07,2025-10-07,2025-10-10,2025-11-09,
M005231,Karnataka,Other,Tier 1,Field sales,2025-08-19,1,1,0,0,0,0,2025-08-20,2025-08-24,,,
M005232,Karnataka,Kirana/Grocery,Tier 3+,Field sales,2025-12-28,1,1,1,1,1,0,2025-12-29,2026-01-01,2025-12-31,2026-01-19,
M005233,West Bengal,Fashion/Retail,Tier 2,Organic QR,2025-10-18,1,1,1,0,0,0,2025-10-19,2025-10-24,2025-10-27,,
M005234,Rajasthan,Kirana/Grocery,Tier 2,Online,2025-09-11,1,1,0,0,0,0,2025-09-12,2025-09-16,,,
M005235,West Bengal,Kirana/Grocery,Tier 1,Field sales,2025-11-15,1,1,0,0,0,0,2025-11-15,2025-11-17,,,
M005236,Maharashtra,Food & Beverage,Tier 2,Organic QR,2026-05-11,1,1,0,0,0,0,2026-05-12,2026-05-14,,,
M005237,West Bengal,Other,Tier 2,Field sales,2026-01-20,1,0,0,0,0,0,2026-01-23,,,,
M005238,Uttar Pradesh,Services,Tier 3+,Organic QR,2026-04-27,0,0,0,0,0,0,,,,,
M005239,Rajasthan,Services,Tier 3+,Field sales,2026-05-30,1,1,1,1,0,0,2026-06-01,2026-06-03,2026-06-04,2026-07-03,
M005240,Telangana,Kirana/Grocery,Tier 2,Organic QR,2026-05-26,1,1,0,0,0,0,2026-05-26,2026-05-26,,,
M005241,Maharashtra,Kirana/Grocery,Tier 3+,Organic QR,2025-11-06,1,1,1,1,1,1,2025-11-09,2025-11-06,2025-11-15,2025-12-04,2025-12-05
M005242,West Bengal,Kirana/Grocery,Tier 1,Online,2026-05-17,1,1,1,0,0,0,2026-05-19,2026-05-24,2026-05-22,,
M005243,West Bengal,Fashion/Retail,Tier 1,Partner,2026-05-28,1,1,0,0,0,0,2026-05-30,2026-06-03,,,
M005244,Telangana,Kirana/Grocery,Tier 2,Partner,2026-06-16,1,1,1,1,0,0,2026-06-16,2026-06-22,2026-06-24,2026-07-19,
M005245,West Bengal,Food & Beverage,Tier 3+,Organic QR,2025-11-06,1,1,1,1,1,0,2025-11-07,2025-11-11,2025-11-16,2025-12-11,
M005246,Maharashtra,Services,Tier 1,Field sales,2025-09-22,0,0,0,0,0,0,,,,,
M005247,Maharashtra,Services,Tier 1,Field sales,2026-01-30,1,1,1,1,1,0,2026-01-31,2026-02-05,2026-02-06,2026-02-19,
M005248,Maharashtra,Food & Beverage,Tier 2,Organic QR,2026-06-06,1,0,0,0,0,0,2026-06-08,,,,
M005249,Uttar Pradesh,Kirana/Grocery,Tier 1,Field sales,2026-05-25,1,1,1,1,1,0,2026-05-25,2026-05-28,2026-06-03,2026-06-22,
M005250,Maharashtra,Food & Beverage,Tier 2,Field sales,2026-01-25,1,1,1,1,0,1,2026-01-25,2026-01-26,2026-02-04,2026-02-19,2026-02-24
M005251,Uttar Pradesh,Pharmacy,Tier 2,Field sales,2025-08-24,1,0,0,0,0,0,2025-08-27,,,,
M005252,Maharashtra,Kirana/Grocery,Tier 3+,Field sales,2025-12-02,1,1,1,1,1,0,2025-12-03,2025-12-06,2025-12-08,2025-12-24,
M005253,Bihar,Pharmacy,Tier 1,Field sales,2026-03-18,1,1,1,1,1,0,2026-03-21,2026-03-18,2026-03-24,2026-04-12,
M005254,Madhya Pradesh,Kirana/Grocery,Tier 1,Organic QR,2026-01-21,1,1,1,1,0,0,2026-01-21,2026-01-28,2026-01-28,2026-02-19,
M005255,Bihar,Other,Tier 1,Referral,2025-11-04,1,0,0,0,0,0,2025-11-07,,,,
M005256,Karnataka,Other,Tier 1,Field sales,2025-11-03,1,1,1,1,1,1,2025-11-04,2025-11-07,2025-11-11,2025-12-03,2025-12-10
M005257,Bihar,Kirana/Grocery,Tier 3+,Referral,2025-07-22,1,1,0,0,0,0,2025-07-22,2025-07-26,,,
M005258,Karnataka,Food & Beverage,Tier 2,Field sales,2025-10-14,1,1,1,1,1,0,2025-10-16,2025-10-19,2025-10-23,2025-11-04,
M005259,Bihar,Food & Beverage,Tier 1,Online,2026-03-02,1,1,1,0,0,0,2026-03-04,2026-03-05,2026-03-06,,
M005260,Uttar Pradesh,Fashion/Retail,Tier 3+,Organic QR,2025-09-27,0,0,0,0,0,0,,,,,
M005261,Telangana,Services,Tier 3+,Organic QR,2026-06-28,1,1,1,1,1,0,2026-06-28,2026-07-03,2026-07-01,2026-07-27,
M005262,Maharashtra,Services,Tier 1,Partner,2025-07-31,1,1,1,0,0,0,2025-08-03,2025-08-03,2025-08-06,,
M005263,Madhya Pradesh,Kirana/Grocery,Tier 1,Organic QR,2026-01-31,1,1,1,1,1,1,2026-02-03,2026-02-01,2026-02-06,2026-03-01,2026-03-08
M005264,West Bengal,Kirana/Grocery,Tier 3+,Organic QR,2025-12-29,1,1,1,0,0,0,2025-12-30,2025-12-30,2026-01-05,,
M005265,Rajasthan,Pharmacy,Tier 2,Field sales,2026-05-01,1,1,0,0,0,0,2026-05-04,2026-05-02,,,
M005266,West Bengal,Services,Tier 3+,Online,2026-05-21,1,1,0,0,0,0,2026-05-21,2026-05-28,,,
M005267,West Bengal,Fashion/Retail,Tier 1,Online,2026-01-15,1,1,1,0,0,0,2026-01-18,2026-01-17,2026-01-18,,
M005268,Karnataka,Fashion/Retail,Tier 3+,Organic QR,2026-02-16,1,1,1,0,0,0,2026-02-17,2026-02-20,2026-02-20,,
M005269,Bihar,Services,Tier 1,Referral,2026-03-13,1,1,1,1,1,0,2026-03-16,2026-03-14,2026-03-23,2026-04-17,
M005270,Telangana,Services,Tier 2,Field sales,2026-01-07,1,1,1,0,0,0,2026-01-10,2026-01-10,2026-01-14,,
M005271,Uttar Pradesh,Other,Tier 3+,Organic QR,2025-09-06,0,0,0,0,0,0,,,,,
M005272,Maharashtra,Fashion/Retail,Tier 3+,Organic QR,2025-12-04,1,1,0,0,0,0,2025-12-07,2025-12-07,,,
M005273,West Bengal,Fashion/Retail,Tier 1,Field sales,2025-09-27,0,0,0,0,0,0,,,,,
M005274,Bihar,Other,Tier 1,Online,2025-12-17,0,0,0,0,0,0,,,,,
M005275,Karnataka,Food & Beverage,Tier 3+,Referral,2026-02-10,1,0,0,0,0,0,2026-02-10,,,,
M005276,Telangana,Pharmacy,Tier 1,Online,2025-09-15,1,0,0,0,0,0,2025-09-16,,,,
M005277,Uttar Pradesh,Pharmacy,Tier 2,Partner,2025-09-30,1,1,1,1,1,0,2025-09-30,2025-10-07,2025-10-06,2025-10-23,
M005278,Bihar,Kirana/Grocery,Tier 1,Field sales,2026-04-27,1,1,1,1,1,1,2026-04-27,2026-05-04,2026-05-04,2026-05-26,2026-05-15
M005279,West Bengal,Services,Tier 1,Referral,2025-11-15,0,0,0,0,0,0,,,,,
M005280,Telangana,Food & Beverage,Tier 3+,Field sales,2025-09-11,1,1,1,0,0,0,2025-09-13,2025-09-15,2025-09-15,,
M005281,Uttar Pradesh,Food & Beverage,Tier 1,Online,2026-03-18,1,1,1,1,0,0,2026-03-20,2026-03-20,2026-03-23,2026-04-19,
M005282,Rajasthan,Kirana/Grocery,Tier 2,Field sales,2026-03-19,1,1,1,1,1,0,2026-03-19,2026-03-20,2026-03-29,2026-04-17,
M005283,Uttar Pradesh,Pharmacy,Tier 2,Referral,2026-04-28,1,1,0,0,0,0,2026-04-28,2026-05-05,,,
M005284,Uttar Pradesh,Pharmacy,Tier 1,Partner,2026-04-04,1,1,0,0,0,0,2026-04-05,2026-04-09,,,
M005285,Maharashtra,Services,Tier 2,Field sales,2026-06-28,1,0,0,0,0,0,2026-06-30,,,,
M005286,Maharashtra,Kirana/Grocery,Tier 2,Field sales,2026-01-26,1,1,1,0,0,0,2026-01-27,2026-01-28,2026-01-30,,
M005287,Uttar Pradesh,Services,Tier 3+,Organic QR,2025-10-13,1,1,0,0,0,0,2025-10-16,2025-10-20,,,
M005288,West Bengal,Kirana/Grocery,Tier 3+,Field sales,2026-05-11,1,1,0,0,0,0,2026-05-13,2026-05-16,,,
M005289,Telangana,Food & Beverage,Tier 3+,Online,2025-10-05,1,1,1,1,0,0,2025-10-07,2025-10-11,2025-10-15,2025-10-28,
M005290,Karnataka,Food & Beverage,Tier 2,Field sales,2025-10-15,0,0,0,0,0,0,,,,,
M005291,Bihar,Fashion/Retail,Tier 3+,Organic QR,2026-04-29,1,1,1,1,1,0,2026-04-29,2026-05-01,2026-05-03,2026-06-01,
M005292,West Bengal,Food & Beverage,Tier 2,Field sales,2026-05-18,1,1,1,1,0,0,2026-05-21,2026-05-21,2026-05-25,2026-06-09,
M005293,Uttar Pradesh,Services,Tier 2,Field sales,2025-11-01,1,1,0,0,0,0,2025-11-03,2025-11-04,,,
M005294,Maharashtra,Fashion/Retail,Tier 1,Field sales,2026-03-24,1,1,1,1,1,0,2026-03-27,2026-03-30,2026-04-02,2026-04-25,
M005295,Bihar,Food & Beverage,Tier 1,Online,2026-06-02,1,1,1,1,0,0,2026-06-03,2026-06-08,2026-06-12,2026-07-06,
M005296,Uttar Pradesh,Fashion/Retail,Tier 1,Partner,2026-04-18,1,0,0,0,0,0,2026-04-20,,,,
M005297,Rajasthan,Kirana/Grocery,Tier 1,Online,2025-07-02,1,1,1,1,1,1,2025-07-04,2025-07-05,2025-07-06,2025-07-24,2025-07-25
M005298,Karnataka,Food & Beverage,Tier 3+,Organic QR,2026-02-28,1,0,0,0,0,0,2026-03-03,,,,
M005299,Maharashtra,Kirana/Grocery,Tier 3+,Field sales,2025-09-01,1,1,1,1,1,0,2025-09-03,2025-09-05,2025-09-05,2025-09-30,
M005300,Telangana,Services,Tier 1,Field sales,2026-05-05,1,1,1,1,0,0,2026-05-06,2026-05-08,2026-05-11,2026-06-01,
M005301,Bihar,Other,Tier 3+,Organic QR,2025-07-25,1,1,1,1,0,1,2025-07-27,2025-07-28,2025-08-03,2025-08-25,2025-10-11
M005302,Uttar Pradesh,Services,Tier 3+,Field sales,2026-06-28,1,1,1,1,0,1,2026-06-28,2026-07-02,2026-07-01,2026-08-02,2026-08-25
M005303,Karnataka,Services,Tier 2,Field sales,2025-09-03,1,1,0,0,0,0,2025-09-05,2025-09-10,,,
M005304,Uttar Pradesh,Kirana/Grocery,Tier 3+,Partner,2025-12-01,1,1,0,0,0,0,2025-12-02,2025-12-01,,,
M005305,Bihar,Other,Tier 3+,Field sales,2025-09-24,1,0,0,0,0,0,2025-09-25,,,,
M005306,Maharashtra,Food & Beverage,Tier 2,Organic QR,2026-04-24,1,1,0,0,0,0,2026-04-27,2026-04-26,,,
M005307,Bihar,Kirana/Grocery,Tier 1,Organic QR,2025-11-21,0,0,0,0,0,0,,,,,
M005308,Rajasthan,Other,Tier 1,Partner,2026-03-29,1,1,1,1,1,0,2026-04-01,2026-03-31,2026-04-07,2026-04-21,
M005309,Telangana,Food & Beverage,Tier 3+,Organic QR,2025-07-25,0,0,0,0,0,0,,,,,
M005310,West Bengal,Food & Beverage,Tier 1,Partner,2025-12-13,1,1,0,0,0,0,2025-12-13,2025-12-17,,,
M005311,West Bengal,Kirana/Grocery,Tier 1,Field sales,2026-05-29,1,1,1,0,0,0,2026-05-31,2026-06-02,2026-06-05,,
M005312,Telangana,Kirana/Grocery,Tier 1,Field sales,2026-06-04,0,0,0,0,0,0,,,,,
M005313,Maharashtra,Fashion/Retail,Tier 2,Field sales,2025-09-15,1,1,1,1,1,1,2025-09-15,2025-09-22,2025-09-22,2025-10-16,2025-10-12
M005314,Telangana,Food & Beverage,Tier 2,Field sales,2025-11-21,1,1,0,0,0,0,2025-11-22,2025-11-21,,,
M005315,Karnataka,Other,Tier 3+,Organic QR,2025-11-27,1,1,0,0,0,0,2025-11-30,2025-12-02,,,
M005316,Uttar Pradesh,Kirana/Grocery,Tier 2,Partner,2026-01-23,1,1,0,0,0,0,2026-01-25,2026-01-26,,,
M005317,West Bengal,Services,Tier 3+,Referral,2026-01-13,1,1,0,0,0,0,2026-01-13,2026-01-13,,,
M005318,Madhya Pradesh,Pharmacy,Tier 2,Field sales,2025-08-08,1,1,1,0,0,0,2025-08-08,2025-08-14,2025-08-16,,
M005319,Telangana,Services,Tier 2,Field sales,2026-04-05,0,0,0,0,0,0,,,,,
M005320,Uttar Pradesh,Services,Tier 1,Field sales,2025-09-21,1,0,0,0,0,0,2025-09-21,,,,
M005321,Maharashtra,Services,Tier 1,Online,2025-10-23,1,0,0,0,0,0,2025-10-26,,,,
M005322,Uttar Pradesh,Pharmacy,Tier 3+,Field sales,2026-05-03,1,1,1,1,0,1,2026-05-06,2026-05-03,2026-05-09,2026-06-06,2026-07-20
M005323,Maharashtra,Fashion/Retail,Tier 3+,Organic QR,2026-03-09,1,1,1,0,0,0,2026-03-10,2026-03-16,2026-03-15,,
M005324,West Bengal,Food & Beverage,Tier 2,Field sales,2025-11-22,1,1,1,1,1,0,2025-11-23,2025-11-24,2025-11-27,2025-12-12,
M005325,Madhya Pradesh,Food & Beverage,Tier 3+,Referral,2026-05-30,1,1,1,1,1,0,2026-06-01,2026-05-31,2026-06-02,2026-07-01,
M005326,Karnataka,Services,Tier 3+,Organic QR,2025-11-21,0,0,0,0,0,0,,,,,
M005327,Bihar,Food & Beverage,Tier 1,Field sales,2026-01-23,1,1,1,1,1,0,2026-01-26,2026-01-25,2026-01-31,2026-02-12,
M005328,Uttar Pradesh,Kirana/Grocery,Tier 2,Organic QR,2025-09-28,1,1,0,0,0,0,2025-10-01,2025-10-05,,,
M005329,Madhya Pradesh,Other,Tier 3+,Partner,2025-09-05,1,1,1,1,0,0,2025-09-08,2025-09-11,2025-09-13,2025-09-27,
M005330,Uttar Pradesh,Kirana/Grocery,Tier 3+,Organic QR,2025-12-27,1,1,0,0,0,0,2025-12-29,2025-12-30,,,
M005331,Karnataka,Kirana/Grocery,Tier 1,Online,2026-01-22,1,1,1,1,1,0,2026-01-24,2026-01-24,2026-01-27,2026-02-22,
M005332,Rajasthan,Services,Tier 1,Online,2026-04-21,1,1,1,0,0,0,2026-04-21,2026-04-22,2026-05-01,,
M005333,Maharashtra,Kirana/Grocery,Tier 2,Organic QR,2025-11-20,1,1,0,0,0,0,2025-11-20,2025-11-24,,,
M005334,Rajasthan,Kirana/Grocery,Tier 1,Online,2026-05-23,1,1,1,1,0,0,2026-05-26,2026-05-29,2026-05-27,2026-06-26,
M005335,Karnataka,Kirana/Grocery,Tier 1,Referral,2026-02-07,1,0,0,0,0,0,2026-02-07,,,,
M005336,Bihar,Kirana/Grocery,Tier 2,Field sales,2025-07-26,1,1,0,0,0,0,2025-07-28,2025-07-26,,,
M005337,Madhya Pradesh,Food & Beverage,Tier 2,Referral,2026-03-27,1,1,1,1,1,0,2026-03-28,2026-03-27,2026-04-05,2026-04-28,
M005338,Maharashtra,Fashion/Retail,Tier 1,Organic QR,2026-01-26,1,1,1,0,0,0,2026-01-26,2026-02-01,2026-02-04,,
M005339,Uttar Pradesh,Food & Beverage,Tier 2,Organic QR,2025-11-20,1,0,0,0,0,0,2025-11-23,,,,
M005340,Bihar,Food & Beverage,Tier 1,Organic QR,2025-12-18,1,1,1,1,1,1,2025-12-19,2025-12-23,2025-12-21,2026-01-10,2025-12-29
M005341,Maharashtra,Services,Tier 2,Referral,2025-10-19,1,1,1,0,0,0,2025-10-19,2025-10-22,2025-10-28,,
M005342,Uttar Pradesh,Food & Beverage,Tier 3+,Online,2026-02-10,1,1,1,1,1,1,2026-02-11,2026-02-15,2026-02-14,2026-03-15,2026-05-05
M005343,Rajasthan,Food & Beverage,Tier 3+,Field sales,2026-01-23,1,1,1,1,1,0,2026-01-24,2026-01-27,2026-01-28,2026-02-16,
M005344,Telangana,Food & Beverage,Tier 1,Partner,2025-12-11,0,0,0,0,0,0,,,,,
M005345,Madhya Pradesh,Food & Beverage,Tier 3+,Partner,2025-10-13,1,0,0,0,0,0,2025-10-14,,,,
M005346,Uttar Pradesh,Food & Beverage,Tier 3+,Online,2025-11-23,1,1,1,1,1,0,2025-11-26,2025-11-28,2025-12-01,2025-12-17,
M005347,Rajasthan,Kirana/Grocery,Tier 2,Organic QR,2025-12-29,1,1,1,1,1,1,2025-12-30,2025-12-30,2026-01-01,2026-01-30,2026-03-09
M005348,Maharashtra,Fashion/Retail,Tier 3+,Field sales,2025-12-20,1,1,0,0,0,0,2025-12-22,2025-12-26,,,
M005349,Maharashtra,Other,Tier 1,Field sales,2025-10-21,0,0,0,0,0,0,,,,,
M005350,Maharashtra,Fashion/Retail,Tier 1,Field sales,2026-01-29,1,0,0,0,0,0,2026-02-01,,,,
M005351,West Bengal,Kirana/Grocery,Tier 3+,Field sales,2025-09-21,0,0,0,0,0,0,,,,,
M005352,West Bengal,Pharmacy,Tier 2,Field sales,2025-12-30,1,1,1,1,0,0,2026-01-02,2026-01-05,2026-01-03,2026-01-31,
M005353,Madhya Pradesh,Services,Tier 2,Field sales,2025-08-14,0,0,0,0,0,0,,,,,
M005354,Karnataka,Kirana/Grocery,Tier 1,Online,2025-12-20,0,0,0,0,0,0,,,,,
M005355,Uttar Pradesh,Other,Tier 1,Field sales,2026-04-13,1,0,0,0,0,0,2026-04-13,,,,
M005356,Madhya Pradesh,Fashion/Retail,Tier 1,Field sales,2026-04-25,0,0,0,0,0,0,,,,,
M005357,Rajasthan,Kirana/Grocery,Tier 1,Referral,2026-03-11,1,1,1,1,1,0,2026-03-13,2026-03-17,2026-03-15,2026-04-12,
M005358,Maharashtra,Other,Tier 3+,Field sales,2026-03-30,1,0,0,0,0,0,2026-04-01,,,,
M005359,West Bengal,Kirana/Grocery,Tier 1,Partner,2025-07-25,1,1,1,1,0,1,2025-07-27,2025-07-26,2025-07-28,2025-08-29,2025-10-19
M005360,Maharashtra,Food & Beverage,Tier 3+,Referral,2025-11-02,1,1,1,0,0,0,2025-11-04,2025-11-05,2025-11-09,,
M005361,Maharashtra,Kirana/Grocery,Tier 1,Field sales,2026-02-24,0,0,0,0,0,0,,,,,
M005362,West Bengal,Kirana/Grocery,Tier 2,Organic QR,2026-04-19,1,1,0,0,0,0,2026-04-19,2026-04-21,,,
M005363,Uttar Pradesh,Other,Tier 3+,Field sales,2026-01-29,1,1,1,1,0,0,2026-02-01,2026-02-02,2026-02-06,2026-02-21,
M005364,Telangana,Services,Tier 1,Organic QR,2026-05-08,0,0,0,0,0,0,,,,,
M005365,Uttar Pradesh,Kirana/Grocery,Tier 1,Organic QR,2025-10-08,1,1,0,0,0,0,2025-10-10,2025-10-11,,,
M005366,West Bengal,Fashion/Retail,Tier 3+,Field sales,2025-08-26,1,1,0,0,0,0,2025-08-27,2025-08-29,,,
M005367,Maharashtra,Fashion/Retail,Tier 1,Organic QR,2025-08-01,1,0,0,0,0,0,2025-08-02,,,,
M005368,Bihar,Other,Tier 1,Organic QR,2026-01-29,1,0,0,0,0,0,2026-01-29,,,,
M005369,Telangana,Other,Tier 3+,Field sales,2026-02-28,1,1,0,0,0,0,2026-03-02,2026-03-07,,,
M005370,Maharashtra,Other,Tier 2,Field sales,2025-10-13,1,1,0,0,0,0,2025-10-16,2025-10-17,,,
M005371,Uttar Pradesh,Services,Tier 2,Organic QR,2026-04-13,1,1,1,1,1,0,2026-04-14,2026-04-20,2026-04-21,2026-05-12,
M005372,Uttar Pradesh,Food & Beverage,Tier 1,Field sales,2026-03-27,1,1,1,1,1,1,2026-03-30,2026-03-31,2026-04-04,2026-04-25,2026-05-14
M005373,Karnataka,Other,Tier 1,Partner,2025-11-09,1,1,1,1,0,1,2025-11-11,2025-11-14,2025-11-15,2025-12-08,2026-01-21
M005374,Uttar Pradesh,Kirana/Grocery,Tier 2,Online,2025-09-26,1,1,1,0,0,0,2025-09-29,2025-09-28,2025-10-02,,
M005375,Rajasthan,Kirana/Grocery,Tier 2,Referral,2026-03-28,1,1,1,1,1,1,2026-03-28,2026-03-31,2026-04-06,2026-05-02,2026-05-01
M005376,Uttar Pradesh,Food & Beverage,Tier 1,Field sales,2026-03-03,1,1,1,1,1,1,2026-03-04,2026-03-06,2026-03-06,2026-03-26,2026-04-20
M005377,Bihar,Kirana/Grocery,Tier 3+,Organic QR,2025-09-01,1,1,0,0,0,0,2025-09-02,2025-09-07,,,
M005378,Madhya Pradesh,Services,Tier 3+,Partner,2025-10-02,1,1,1,0,0,0,2025-10-05,2025-10-06,2025-10-07,,
M005379,Uttar Pradesh,Other,Tier 2,Partner,2025-12-25,1,1,0,0,0,0,2025-12-28,2025-12-27,,,
M005380,Uttar Pradesh,Services,Tier 2,Online,2026-01-03,1,1,1,1,1,0,2026-01-05,2026-01-09,2026-01-08,2026-01-25,
M005381,Uttar Pradesh,Services,Tier 2,Organic QR,2025-08-30,1,0,0,0,0,0,2025-09-02,,,,
M005382,Uttar Pradesh,Food & Beverage,Tier 3+,Field sales,2026-06-12,1,1,0,0,0,0,2026-06-12,2026-06-18,,,
M005383,Maharashtra,Pharmacy,Tier 1,Field sales,2025-11-19,1,1,1,0,0,0,2025-11-19,2025-11-20,2025-11-29,,
M005384,Telangana,Kirana/Grocery,Tier 3+,Online,2025-11-17,1,1,1,0,0,0,2025-11-20,2025-11-20,2025-11-21,,
M005385,Maharashtra,Kirana/Grocery,Tier 2,Partner,2025-07-23,0,0,0,0,0,0,,,,,
M005386,Uttar Pradesh,Services,Tier 3+,Online,2026-05-16,1,1,1,0,0,0,2026-05-19,2026-05-20,2026-05-24,,
M005387,West Bengal,Services,Tier 3+,Partner,2025-09-24,1,1,1,1,0,0,2025-09-25,2025-10-01,2025-09-29,2025-10-17,
M005388,Rajasthan,Food & Beverage,Tier 1,Online,2026-06-26,1,1,0,0,0,0,2026-06-27,2026-07-03,,,
M005389,Uttar Pradesh,Food & Beverage,Tier 2,Organic QR,2025-12-29,1,1,0,0,0,0,2025-12-29,2025-12-30,,,
M005390,Uttar Pradesh,Kirana/Grocery,Tier 2,Online,2026-05-16,1,1,1,1,1,0,2026-05-16,2026-05-19,2026-05-24,2026-06-06,
M005391,Rajasthan,Pharmacy,Tier 2,Online,2025-09-04,1,0,0,0,0,0,2025-09-07,,,,
M005392,Uttar Pradesh,Food & Beverage,Tier 3+,Referral,2025-08-30,1,1,1,1,1,0,2025-09-01,2025-08-31,2025-09-05,2025-09-19,
M005393,Uttar Pradesh,Food & Beverage,Tier 1,Online,2026-04-19,0,0,0,0,0,0,,,,,
M005394,Bihar,Other,Tier 2,Organic QR,2026-04-26,1,1,1,1,0,0,2026-04-29,2026-04-26,2026-05-03,2026-05-20,
M005395,Maharashtra,Pharmacy,Tier 3+,Partner,2026-01-15,0,0,0,0,0,0,,,,,
M005396,Uttar Pradesh,Kirana/Grocery,Tier 3+,Organic QR,2025-07-12,1,1,1,1,1,1,2025-07-12,2025-07-14,2025-07-16,2025-08-04,2025-10-07
M005397,Uttar Pradesh,Services,Tier 1,Referral,2026-06-10,1,1,0,0,0,0,2026-06-13,2026-06-16,,,
M005398,Bihar,Kirana/Grocery,Tier 3+,Referral,2025-11-21,1,1,1,0,0,0,2025-11-23,2025-11-24,2025-12-01,,
M005399,West Bengal,Kirana/Grocery,Tier 1,Referral,2026-06-07,0,0,0,0,0,0,,,,,
M005400,Madhya Pradesh,Pharmacy,Tier 2,Organic QR,2026-05-14,1,1,1,1,1,0,2026-05-14,2026-05-15,2026-05-17,2026-06-18,
M005401,Uttar Pradesh,Kirana/Grocery,Tier 1,Referral,2026-05-07,1,1,1,0,0,0,2026-05-10,2026-05-08,2026-05-11,,
M005402,Maharashtra,Kirana/Grocery,Tier 2,Online,2026-03-09,1,1,1,1,1,1,2026-03-10,2026-03-14,2026-03-15,2026-03-31,2026-05-23
M005403,Rajasthan,Other,Tier 1,Partner,2026-03-03,0,0,0,0,0,0,,,,,
M005404,Madhya Pradesh,Pharmacy,Tier 1,Organic QR,2026-01-11,1,1,1,1,0,0,2026-01-12,2026-01-15,2026-01-17,2026-02-05,
M005405,West Bengal,Other,Tier 1,Online,2025-07-10,1,1,1,0,0,0,2025-07-13,2025-07-13,2025-07-16,,
M005406,Madhya Pradesh,Fashion/Retail,Tier 3+,Referral,2025-11-19,0,0,0,0,0,0,,,,,
M005407,Karnataka,Food & Beverage,Tier 2,Organic QR,2026-03-24,1,1,0,0,0,0,2026-03-25,2026-03-26,,,
M005408,Bihar,Services,Tier 3+,Organic QR,2026-04-23,1,1,0,0,0,0,2026-04-26,2026-04-30,,,
M005409,West Bengal,Food & Beverage,Tier 2,Partner,2026-01-21,1,0,0,0,0,0,2026-01-23,,,,
M005410,Bihar,Pharmacy,Tier 2,Partner,2026-03-16,1,1,1,0,0,0,2026-03-19,2026-03-17,2026-03-21,,
M005411,Bihar,Food & Beverage,Tier 1,Field sales,2025-07-08,0,0,0,0,0,0,,,,,
M005412,Uttar Pradesh,Kirana/Grocery,Tier 1,Field sales,2025-12-18,1,1,1,1,1,0,2025-12-19,2025-12-24,2025-12-22,2026-01-17,
M005413,Rajasthan,Kirana/Grocery,Tier 2,Online,2026-01-02,1,1,0,0,0,0,2026-01-04,2026-01-09,,,
M005414,Karnataka,Fashion/Retail,Tier 3+,Online,2026-05-22,1,1,1,1,1,0,2026-05-22,2026-05-28,2026-05-27,2026-06-21,
M005415,Maharashtra,Kirana/Grocery,Tier 1,Organic QR,2025-10-22,0,0,0,0,0,0,,,,,
M005416,Madhya Pradesh,Services,Tier 2,Online,2025-09-22,1,1,1,0,0,0,2025-09-23,2025-09-26,2025-09-28,,
M005417,West Bengal,Fashion/Retail,Tier 3+,Organic QR,2025-11-06,1,1,0,0,0,0,2025-11-09,2025-11-10,,,
M005418,Madhya Pradesh,Pharmacy,Tier 3+,Field sales,2025-09-01,1,1,0,0,0,0,2025-09-02,2025-09-07,,,
M005419,Telangana,Food & Beverage,Tier 1,Partner,2026-01-20,0,0,0,0,0,0,,,,,
M005420,Maharashtra,Kirana/Grocery,Tier 3+,Field sales,2026-02-20,0,0,0,0,0,0,,,,,
M005421,Karnataka,Other,Tier 2,Field sales,2026-04-19,1,1,1,1,0,0,2026-04-21,2026-04-20,2026-04-28,2026-05-09,
M005422,Madhya Pradesh,Services,Tier 2,Online,2026-06-20,1,1,1,1,1,0,2026-06-21,2026-06-26,2026-06-24,2026-07-18,
M005423,Rajasthan,Food & Beverage,Tier 3+,Organic QR,2025-07-27,1,1,1,0,0,0,2025-07-27,2025-07-28,2025-08-03,,
M005424,West Bengal,Other,Tier 1,Field sales,2025-09-29,1,0,0,0,0,0,2025-10-01,,,,
M005425,Telangana,Kirana/Grocery,Tier 3+,Organic QR,2025-10-18,1,1,1,1,0,1,2025-10-18,2025-10-19,2025-10-24,2025-11-22,2025-12-07
M005426,Uttar Pradesh,Food & Beverage,Tier 2,Organic QR,2025-09-30,1,1,1,1,1,0,2025-10-01,2025-09-30,2025-10-03,2025-10-23,
M005427,Madhya Pradesh,Kirana/Grocery,Tier 3+,Partner,2026-04-28,1,0,0,0,0,0,2026-05-01,,,,
M005428,Karnataka,Kirana/Grocery,Tier 3+,Field sales,2025-08-20,1,0,0,0,0,0,2025-08-22,,,,
M005429,West Bengal,Food & Beverage,Tier 2,Organic QR,2025-07-11,1,1,1,1,1,0,2025-07-11,2025-07-11,2025-07-17,2025-08-14,
M005430,Rajasthan,Pharmacy,Tier 1,Organic QR,2026-05-11,0,0,0,0,0,0,,,,,
M005431,Maharashtra,Food & Beverage,Tier 1,Partner,2026-06-16,1,1,1,0,0,0,2026-06-18,2026-06-21,2026-06-26,,
M005432,Maharashtra,Pharmacy,Tier 3+,Online,2025-09-21,1,0,0,0,0,0,2025-09-22,,,,
M005433,West Bengal,Fashion/Retail,Tier 2,Organic QR,2025-10-30,1,1,1,1,0,1,2025-10-30,2025-10-30,2025-11-03,2025-12-02,2025-11-29
M005434,Rajasthan,Fashion/Retail,Tier 3+,Online,2025-12-31,1,1,1,1,1,1,2026-01-02,2026-01-05,2026-01-04,2026-01-25,2026-02-18
M005435,Bihar,Kirana/Grocery,Tier 2,Online,2026-01-08,1,1,1,0,0,0,2026-01-11,2026-01-08,2026-01-18,,
M005436,Madhya Pradesh,Fashion/Retail,Tier 2,Field sales,2026-06-27,0,0,0,0,0,0,,,,,
M005437,Uttar Pradesh,Kirana/Grocery,Tier 3+,Field sales,2025-11-25,1,1,1,0,0,0,2025-11-25,2025-11-26,2025-12-03,,
M005438,Madhya Pradesh,Pharmacy,Tier 3+,Partner,2025-07-05,0,0,0,0,0,0,,,,,
M005439,West Bengal,Food & Beverage,Tier 2,Online,2025-12-02,1,1,0,0,0,0,2025-12-02,2025-12-04,,,
M005440,Maharashtra,Pharmacy,Tier 1,Field sales,2026-01-20,1,1,1,1,1,0,2026-01-23,2026-01-26,2026-01-26,2026-02-15,
M005441,Bihar,Kirana/Grocery,Tier 3+,Field sales,2026-01-05,0,0,0,0,0,0,,,,,
M005442,Telangana,Services,Tier 3+,Partner,2026-01-03,1,1,1,1,1,0,2026-01-03,2026-01-04,2026-01-11,2026-02-06,
M005443,Telangana,Kirana/Grocery,Tier 2,Referral,2026-06-02,1,1,1,1,0,0,2026-06-03,2026-06-04,2026-06-09,2026-07-01,
M005444,Uttar Pradesh,Kirana/Grocery,Tier 2,Field sales,2026-04-21,1,1,1,1,1,0,2026-04-21,2026-04-21,2026-04-30,2026-05-18,
M005445,Madhya Pradesh,Services,Tier 1,Field sales,2025-09-30,1,1,1,1,0,0,2025-09-30,2025-10-01,2025-10-06,2025-10-27,
M005446,Maharashtra,Food & Beverage,Tier 2,Field sales,2025-11-07,1,1,0,0,0,0,2025-11-08,2025-11-11,,,
M005447,Uttar Pradesh,Pharmacy,Tier 1,Online,2026-03-01,1,1,1,1,1,1,2026-03-03,2026-03-07,2026-03-09,2026-04-03,2026-04-21
M005448,Bihar,Pharmacy,Tier 1,Partner,2025-11-27,1,0,0,0,0,0,2025-11-30,,,,
M005449,Maharashtra,Services,Tier 3+,Organic QR,2025-12-04,1,1,1,1,1,0,2025-12-05,2025-12-08,2025-12-08,2025-12-26,
M005450,Madhya Pradesh,Pharmacy,Tier 2,Online,2025-08-31,1,0,0,0,0,0,2025-09-03,,,,
M005451,West Bengal,Fashion/Retail,Tier 3+,Organic QR,2025-10-01,1,1,0,0,0,0,2025-10-04,2025-10-06,,,
M005452,Maharashtra,Other,Tier 2,Online,2026-03-28,1,1,1,1,1,0,2026-03-29,2026-03-30,2026-04-03,2026-04-28,
M005453,Maharashtra,Kirana/Grocery,Tier 1,Field sales,2026-05-04,1,1,1,0,0,0,2026-05-06,2026-05-05,2026-05-08,,
M005454,West Bengal,Services,Tier 2,Field sales,2026-04-13,1,0,0,0,0,0,2026-04-14,,,,
M005455,Karnataka,Pharmacy,Tier 1,Organic QR,2025-10-21,1,1,1,1,1,0,2025-10-24,2025-10-26,2025-10-25,2025-11-10,
M005456,Maharashtra,Kirana/Grocery,Tier 2,Field sales,2025-08-19,1,1,1,1,0,1,2025-08-19,2025-08-25,2025-08-28,2025-09-09,2025-10-20
M005457,West Bengal,Kirana/Grocery,Tier 3+,Referral,2025-08-28,1,1,0,0,0,0,2025-08-31,2025-09-01,,,
M005458,West Bengal,Kirana/Grocery,Tier 3+,Organic QR,2025-11-21,1,1,1,1,0,0,2025-11-22,2025-11-21,2025-11-28,2025-12-13,
M005459,Rajasthan,Services,Tier 3+,Field sales,2026-01-05,1,1,1,0,0,0,2026-01-05,2026-01-12,2026-01-08,,
M005460,Uttar Pradesh,Food & Beverage,Tier 3+,Referral,2026-05-22,1,1,1,0,0,0,2026-05-23,2026-05-23,2026-05-25,,
M005461,West Bengal,Services,Tier 3+,Organic QR,2026-05-25,1,1,1,1,0,1,2026-05-27,2026-05-29,2026-06-04,2026-06-25,2026-08-17
M005462,Rajasthan,Services,Tier 2,Organic QR,2025-07-01,0,0,0,0,0,0,,,,,
M005463,Rajasthan,Services,Tier 3+,Field sales,2026-03-16,1,0,0,0,0,0,2026-03-16,,,,
M005464,Madhya Pradesh,Kirana/Grocery,Tier 2,Online,2025-10-18,1,0,0,0,0,0,2025-10-21,,,,
M005465,Rajasthan,Pharmacy,Tier 1,Partner,2025-09-11,1,1,0,0,0,0,2025-09-14,2025-09-17,,,
M005466,Uttar Pradesh,Services,Tier 3+,Online,2026-01-19,1,1,1,1,1,0,2026-01-21,2026-01-26,2026-01-26,2026-02-21,
M005467,Uttar Pradesh,Kirana/Grocery,Tier 3+,Referral,2025-07-13,1,1,1,0,0,0,2025-07-15,2025-07-17,2025-07-18,,
M005468,Uttar Pradesh,Kirana/Grocery,Tier 1,Organic QR,2025-10-30,1,0,0,0,0,0,2025-10-30,,,,
M005469,Uttar Pradesh,Food & Beverage,Tier 3+,Field sales,2026-01-18,1,1,1,1,1,0,2026-01-21,2026-01-25,2026-01-22,2026-02-17,
M005470,Telangana,Other,Tier 1,Partner,2025-10-08,1,1,1,1,0,0,2025-10-09,2025-10-11,2025-10-12,2025-11-03,
M005471,Uttar Pradesh,Food & Beverage,Tier 3+,Field sales,2026-02-02,1,1,1,1,0,1,2026-02-03,2026-02-02,2026-02-10,2026-03-06,2026-02-19
M005472,Madhya Pradesh,Kirana/Grocery,Tier 3+,Online,2025-12-15,1,1,1,1,0,0,2025-12-16,2025-12-16,2025-12-18,2026-01-08,
M005473,Uttar Pradesh,Kirana/Grocery,Tier 1,Field sales,2026-04-18,0,0,0,0,0,0,,,,,
M005474,Maharashtra,Kirana/Grocery,Tier 3+,Field sales,2025-09-05,1,1,0,0,0,0,2025-09-06,2025-09-12,,,
M005475,Karnataka,Food & Beverage,Tier 3+,Organic QR,2025-07-21,1,1,1,1,1,0,2025-07-21,2025-07-21,2025-07-27,2025-08-22,
M005476,Karnataka,Fashion/Retail,Tier 3+,Organic QR,2026-01-10,0,0,0,0,0,0,,,,,
M005477,Madhya Pradesh,Food & Beverage,Tier 3+,Partner,2025-10-02,1,1,1,1,1,1,2025-10-04,2025-10-09,2025-10-11,2025-11-01,2025-11-27
M005478,Uttar Pradesh,Fashion/Retail,Tier 2,Referral,2026-03-15,1,1,0,0,0,0,2026-03-16,2026-03-18,,,
M005479,Karnataka,Kirana/Grocery,Tier 2,Referral,2025-08-04,1,0,0,0,0,0,2025-08-07,,,,
M005480,Madhya Pradesh,Food & Beverage,Tier 2,Online,2026-01-26,1,0,0,0,0,0,2026-01-26,,,,
M005481,Maharashtra,Fashion/Retail,Tier 2,Organic QR,2026-06-27,1,1,0,0,0,0,2026-06-27,2026-07-04,,,
M005482,Maharashtra,Pharmacy,Tier 2,Organic QR,2025-08-03,1,0,0,0,0,0,2025-08-05,,,,
M005483,Madhya Pradesh,Fashion/Retail,Tier 1,Online,2025-10-19,1,1,1,1,0,0,2025-10-19,2025-10-26,2025-10-28,2025-11-19,
M005484,Uttar Pradesh,Kirana/Grocery,Tier 2,Field sales,2026-05-05,1,1,1,1,1,0,2026-05-07,2026-05-05,2026-05-11,2026-05-29,
M005485,Bihar,Services,Tier 3+,Field sales,2026-01-11,1,1,1,1,1,0,2026-01-13,2026-01-15,2026-01-18,2026-02-10,
M005486,Madhya Pradesh,Pharmacy,Tier 3+,Field sales,2025-09-02,1,1,0,0,0,0,2025-09-04,2025-09-02,,,
M005487,West Bengal,Kirana/Grocery,Tier 3+,Partner,2025-09-16,1,1,1,1,1,0,2025-09-18,2025-09-18,2025-09-24,2025-10-08,
M005488,Maharashtra,Fashion/Retail,Tier 1,Partner,2026-04-06,0,0,0,0,0,0,,,,,
M005489,Madhya Pradesh,Food & Beverage,Tier 2,Field sales,2026-05-11,1,0,0,0,0,0,2026-05-14,,,,
M005490,Bihar,Kirana/Grocery,Tier 2,Field sales,2025-11-09,1,1,1,0,0,0,2025-11-11,2025-11-16,2025-11-15,,
M005491,Karnataka,Pharmacy,Tier 1,Field sales,2025-12-20,0,0,0,0,0,0,,,,,
M005492,West Bengal,Pharmacy,Tier 2,Organic QR,2026-04-12,1,0,0,0,0,0,2026-04-15,,,,
M005493,Uttar Pradesh,Fashion/Retail,Tier 2,Field sales,2025-09-03,1,0,0,0,0,0,2025-09-06,,,,
M005494,West Bengal,Other,Tier 3+,Referral,2025-09-14,1,1,1,1,1,1,2025-09-15,2025-09-21,2025-09-22,2025-10-17,2025-10-23
M005495,Rajasthan,Kirana/Grocery,Tier 1,Online,2026-04-09,1,1,0,0,0,0,2026-04-12,2026-04-10,,,
M005496,Uttar Pradesh,Services,Tier 3+,Referral,2025-09-07,1,1,1,1,0,0,2025-09-09,2025-09-14,2025-09-15,2025-09-28,
M005497,Maharashtra,Other,Tier 3+,Online,2026-04-08,1,1,1,1,1,0,2026-04-09,2026-04-09,2026-04-13,2026-05-10,
M005498,West Bengal,Kirana/Grocery,Tier 3+,Online,2025-12-29,1,1,0,0,0,0,2026-01-01,2025-12-31,,,
M005499,Uttar Pradesh,Food & Beverage,Tier 1,Partner,2026-06-27,1,1,1,0,0,0,2026-06-29,2026-07-01,2026-07-01,,
M005500,Maharashtra,Other,Tier 1,Organic QR,2025-07-13,0,0,0,0,0,0,,,,,
M005501,Maharashtra,Kirana/Grocery,Tier 3+,Referral,2026-06-11,1,1,1,1,1,0,2026-06-13,2026-06-12,2026-06-16,2026-07-10,
M005502,Bihar,Other,Tier 1,Organic QR,2025-09-21,0,0,0,0,0,0,,,,,
M005503,Maharashtra,Food & Beverage,Tier 1,Organic QR,2025-07-13,0,0,0,0,0,0,,,,,
M005504,Rajasthan,Other,Tier 3+,Field sales,2026-03-22,1,0,0,0,0,0,2026-03-23,,,,
M005505,Bihar,Services,Tier 3+,Partner,2026-01-11,1,1,0,0,0,0,2026-01-11,2026-01-11,,,
M005506,Karnataka,Pharmacy,Tier 3+,Online,2026-05-02,1,1,1,1,1,0,2026-05-04,2026-05-03,2026-05-12,2026-06-02,
M005507,Uttar Pradesh,Fashion/Retail,Tier 1,Partner,2025-08-09,0,0,0,0,0,0,,,,,
M005508,Karnataka,Kirana/Grocery,Tier 2,Organic QR,2025-07-30,1,1,1,1,0,0,2025-08-02,2025-07-30,2025-08-02,2025-08-20,
M005509,West Bengal,Services,Tier 3+,Partner,2026-01-24,1,1,0,0,0,0,2026-01-27,2026-01-28,,,
M005510,Madhya Pradesh,Other,Tier 2,Referral,2026-05-18,1,0,0,0,0,0,2026-05-18,,,,
M005511,Karnataka,Other,Tier 1,Referral,2025-11-26,1,0,0,0,0,0,2025-11-27,,,,
M005512,Uttar Pradesh,Other,Tier 1,Organic QR,2026-04-18,0,0,0,0,0,0,,,,,
M005513,Uttar Pradesh,Services,Tier 2,Field sales,2026-05-27,1,1,1,0,0,0,2026-05-29,2026-06-01,2026-05-30,,
M005514,West Bengal,Services,Tier 1,Organic QR,2026-05-14,0,0,0,0,0,0,,,,,
M005515,Uttar Pradesh,Services,Tier 3+,Online,2026-01-02,1,1,0,0,0,0,2026-01-02,2026-01-04,,,
M005516,Uttar Pradesh,Services,Tier 1,Field sales,2026-03-12,1,1,1,1,1,1,2026-03-15,2026-03-18,2026-03-20,2026-04-02,2026-05-10
M005517,West Bengal,Services,Tier 1,Online,2026-01-08,0,0,0,0,0,0,,,,,
M005518,Maharashtra,Kirana/Grocery,Tier 3+,Field sales,2026-03-04,0,0,0,0,0,0,,,,,
M005519,Uttar Pradesh,Kirana/Grocery,Tier 3+,Online,2026-01-23,1,0,0,0,0,0,2026-01-25,,,,
M005520,Maharashtra,Services,Tier 2,Organic QR,2026-01-08,0,0,0,0,0,0,,,,,
M005521,Rajasthan,Food & Beverage,Tier 3+,Partner,2025-12-07,0,0,0,0,0,0,,,,,
M005522,Telangana,Food & Beverage,Tier 1,Partner,2026-02-24,0,0,0,0,0,0,,,,,
M005523,West Bengal,Kirana/Grocery,Tier 2,Referral,2026-04-01,0,0,0,0,0,0,,,,,
M005524,Uttar Pradesh,Fashion/Retail,Tier 1,Referral,2026-06-01,1,1,0,0,0,0,2026-06-04,2026-06-07,,,
M005525,Maharashtra,Other,Tier 2,Field sales,2026-02-09,1,0,0,0,0,0,2026-02-10,,,,
M005526,Madhya Pradesh,Services,Tier 3+,Field sales,2025-08-06,1,0,0,0,0,0,2025-08-08,,,,
M005527,Madhya Pradesh,Other,Tier 3+,Field sales,2026-01-31,1,1,1,0,0,0,2026-02-01,2026-02-02,2026-02-05,,
M005528,Bihar,Fashion/Retail,Tier 1,Partner,2025-10-24,1,1,0,0,0,0,2025-10-24,2025-10-26,,,
M005529,Bihar,Kirana/Grocery,Tier 2,Partner,2025-07-10,1,1,0,0,0,0,2025-07-10,2025-07-13,,,
M005530,Karnataka,Kirana/Grocery,Tier 3+,Field sales,2025-07-27,1,1,1,1,1,0,2025-07-27,2025-07-31,2025-08-05,2025-08-21,
M005531,Rajasthan,Kirana/Grocery,Tier 2,Referral,2026-02-01,1,1,1,1,1,1,2026-02-04,2026-02-07,2026-02-04,2026-03-08,2026-03-01
M005532,Maharashtra,Kirana/Grocery,Tier 1,Field sales,2026-06-10,1,1,0,0,0,0,2026-06-10,2026-06-11,,,
M005533,Karnataka,Services,Tier 2,Field sales,2026-01-01,1,1,1,1,1,0,2026-01-04,2026-01-03,2026-01-10,2026-01-28,
M005534,West Bengal,Kirana/Grocery,Tier 2,Organic QR,2025-12-10,1,1,0,0,0,0,2025-12-12,2025-12-13,,,
M005535,Bihar,Other,Tier 2,Partner,2025-08-02,1,0,0,0,0,0,2025-08-04,,,,
M005536,Karnataka,Services,Tier 2,Field sales,2026-03-04,1,1,1,0,0,0,2026-03-06,2026-03-06,2026-03-11,,
M005537,Maharashtra,Food & Beverage,Tier 2,Online,2025-07-21,0,0,0,0,0,0,,,,,
M005538,West Bengal,Other,Tier 2,Partner,2026-05-04,1,0,0,0,0,0,2026-05-06,,,,
M005539,Maharashtra,Other,Tier 2,Organic QR,2026-04-24,1,1,1,0,0,0,2026-04-27,2026-04-29,2026-04-27,,
M005540,Karnataka,Fashion/Retail,Tier 1,Field sales,2026-06-27,0,0,0,0,0,0,,,,,
M005541,Karnataka,Fashion/Retail,Tier 1,Referral,2025-10-12,1,0,0,0,0,0,2025-10-12,,,,
M005542,Maharashtra,Other,Tier 2,Online,2025-08-29,1,0,0,0,0,0,2025-08-31,,,,
M005543,Telangana,Services,Tier 3+,Organic QR,2025-10-18,1,1,1,1,1,0,2025-10-21,2025-10-18,2025-10-24,2025-11-21,
M005544,West Bengal,Fashion/Retail,Tier 3+,Field sales,2026-04-18,1,1,1,1,1,0,2026-04-20,2026-04-25,2026-04-21,2026-05-12,
M005545,Telangana,Kirana/Grocery,Tier 1,Organic QR,2025-09-18,1,1,1,1,0,1,2025-09-18,2025-09-20,2025-09-21,2025-10-16,2025-11-17
M005546,Uttar Pradesh,Services,Tier 2,Organic QR,2026-05-20,0,0,0,0,0,0,,,,,
M005547,Bihar,Services,Tier 2,Field sales,2025-08-26,1,1,1,0,0,0,2025-08-26,2025-08-28,2025-08-29,,
M005548,Uttar Pradesh,Kirana/Grocery,Tier 2,Partner,2025-07-18,0,0,0,0,0,0,,,,,
M005549,Bihar,Kirana/Grocery,Tier 2,Field sales,2025-09-19,1,1,1,1,0,1,2025-09-21,2025-09-21,2025-09-27,2025-10-15,2025-10-04
M005550,Rajasthan,Kirana/Grocery,Tier 3+,Referral,2026-04-02,0,0,0,0,0,0,,,,,
M005551,Rajasthan,Kirana/Grocery,Tier 1,Organic QR,2026-02-05,1,1,1,1,1,1,2026-02-07,2026-02-11,2026-02-11,2026-03-11,2026-04-21
M005552,Rajasthan,Kirana/Grocery,Tier 2,Partner,2025-11-07,1,1,1,1,1,0,2025-11-09,2025-11-08,2025-11-17,2025-12-03,
M005553,Madhya Pradesh,Food & Beverage,Tier 2,Online,2026-02-25,1,1,0,0,0,0,2026-02-25,2026-03-01,,,
M005554,Bihar,Fashion/Retail,Tier 2,Organic QR,2026-02-22,1,1,1,1,1,0,2026-02-23,2026-02-27,2026-03-02,2026-03-22,
M005555,Madhya Pradesh,Services,Tier 1,Field sales,2026-01-19,1,0,0,0,0,0,2026-01-20,,,,
M005556,Maharashtra,Pharmacy,Tier 2,Organic QR,2026-01-04,0,0,0,0,0,0,,,,,
M005557,Rajasthan,Kirana/Grocery,Tier 1,Organic QR,2025-08-07,1,0,0,0,0,0,2025-08-08,,,,
M005558,Bihar,Fashion/Retail,Tier 3+,Referral,2025-10-03,1,1,1,1,1,1,2025-10-05,2025-10-09,2025-10-06,2025-10-27,2025-11-11
M005559,Karnataka,Kirana/Grocery,Tier 2,Online,2026-01-09,1,1,0,0,0,0,2026-01-11,2026-01-13,,,
M005560,Madhya Pradesh,Food & Beverage,Tier 2,Partner,2025-08-19,1,1,1,1,1,1,2025-08-20,2025-08-23,2025-08-29,2025-09-16,2025-09-04
M005561,Telangana,Services,Tier 3+,Online,2025-12-21,1,0,0,0,0,0,2025-12-23,,,,
M005562,Karnataka,Other,Tier 3+,Field sales,2025-08-12,1,0,0,0,0,0,2025-08-14,,,,
M005563,Madhya Pradesh,Other,Tier 2,Field sales,2026-04-14,0,0,0,0,0,0,,,,,
M005564,Karnataka,Fashion/Retail,Tier 3+,Field sales,2025-08-07,1,1,1,0,0,0,2025-08-09,2025-08-10,2025-08-11,,
M005565,Uttar Pradesh,Pharmacy,Tier 3+,Partner,2025-08-03,0,0,0,0,0,0,,,,,
M005566,Telangana,Services,Tier 1,Field sales,2026-02-18,1,1,0,0,0,0,2026-02-19,2026-02-18,,,
M005567,West Bengal,Services,Tier 2,Field sales,2025-09-19,1,1,1,1,1,0,2025-09-19,2025-09-19,2025-09-24,2025-10-18,
M005568,Uttar Pradesh,Kirana/Grocery,Tier 2,Online,2025-11-06,1,1,0,0,0,0,2025-11-09,2025-11-07,,,
M005569,Bihar,Kirana/Grocery,Tier 2,Field sales,2025-10-23,1,1,0,0,0,0,2025-10-26,2025-10-28,,,
M005570,Madhya Pradesh,Other,Tier 3+,Field sales,2025-09-18,1,1,0,0,0,0,2025-09-19,2025-09-23,,,
M005571,Rajasthan,Other,Tier 2,Field sales,2026-04-05,1,1,1,1,1,0,2026-04-07,2026-04-09,2026-04-10,2026-05-08,
M005572,West Bengal,Food & Beverage,Tier 1,Field sales,2026-03-10,1,1,1,1,1,1,2026-03-11,2026-03-15,2026-03-16,2026-04-07,2026-05-06
M005573,Madhya Pradesh,Kirana/Grocery,Tier 2,Field sales,2025-09-26,0,0,0,0,0,0,,,,,
M005574,Uttar Pradesh,Kirana/Grocery,Tier 3+,Field sales,2026-03-08,0,0,0,0,0,0,,,,,
M005575,West Bengal,Food & Beverage,Tier 2,Field sales,2026-03-18,1,0,0,0,0,0,2026-03-21,,,,
M005576,Uttar Pradesh,Kirana/Grocery,Tier 1,Referral,2026-01-13,1,1,1,1,0,0,2026-01-13,2026-01-19,2026-01-21,2026-02-08,
M005577,Maharashtra,Services,Tier 1,Organic QR,2026-01-28,1,1,1,1,1,1,2026-01-29,2026-02-02,2026-02-01,2026-02-26,2026-03-09
M005578,Karnataka,Kirana/Grocery,Tier 2,Partner,2026-06-07,1,1,1,1,0,0,2026-06-09,2026-06-10,2026-06-13,2026-07-08,
M005579,Rajasthan,Kirana/Grocery,Tier 1,Partner,2025-12-13,1,1,1,0,0,0,2025-12-15,2025-12-14,2025-12-22,,
M005580,Maharashtra,Kirana/Grocery,Tier 2,Referral,2025-11-18,1,1,1,1,1,0,2025-11-19,2025-11-18,2025-11-27,2025-12-12,
M005581,Rajasthan,Fashion/Retail,Tier 1,Online,2026-01-13,1,0,0,0,0,0,2026-01-15,,,,
M005582,Telangana,Food & Beverage,Tier 2,Organic QR,2026-05-02,1,1,1,0,0,0,2026-05-03,2026-05-02,2026-05-07,,
M005583,Uttar Pradesh,Food & Beverage,Tier 1,Field sales,2026-03-16,0,0,0,0,0,0,,,,,
M005584,Maharashtra,Services,Tier 1,Field sales,2025-07-28,1,0,0,0,0,0,2025-07-29,,,,
M005585,Madhya Pradesh,Fashion/Retail,Tier 2,Field sales,2025-12-15,1,0,0,0,0,0,2025-12-18,,,,
M005586,Telangana,Food & Beverage,Tier 1,Referral,2026-03-28,1,1,1,1,1,0,2026-03-28,2026-03-28,2026-04-03,2026-04-29,
M005587,Maharashtra,Pharmacy,Tier 1,Organic QR,2025-09-20,1,1,0,0,0,0,2025-09-22,2025-09-25,,,
M005588,Uttar Pradesh,Kirana/Grocery,Tier 2,Field sales,2026-06-26,1,0,0,0,0,0,2026-06-28,,,,
M005589,Uttar Pradesh,Services,Tier 1,Field sales,2026-04-21,1,1,0,0,0,0,2026-04-23,2026-04-26,,,
M005590,Rajasthan,Food & Beverage,Tier 1,Online,2026-05-06,1,1,1,1,1,0,2026-05-09,2026-05-11,2026-05-14,2026-05-31,
M005591,Uttar Pradesh,Other,Tier 2,Organic QR,2025-07-30,1,0,0,0,0,0,2025-08-02,,,,
M005592,Maharashtra,Other,Tier 2,Field sales,2026-01-28,1,1,0,0,0,0,2026-01-29,2026-02-01,,,
M005593,Madhya Pradesh,Fashion/Retail,Tier 2,Online,2026-01-09,1,1,1,1,1,0,2026-01-10,2026-01-13,2026-01-12,2026-02-12,
M005594,Uttar Pradesh,Other,Tier 3+,Partner,2026-02-14,1,0,0,0,0,0,2026-02-17,,,,
M005595,Maharashtra,Kirana/Grocery,Tier 2,Organic QR,2026-05-07,0,0,0,0,0,0,,,,,
M005596,Bihar,Services,Tier 2,Organic QR,2025-11-06,0,0,0,0,0,0,,,,,
M005597,Rajasthan,Kirana/Grocery,Tier 3+,Partner,2026-01-11,1,1,0,0,0,0,2026-01-13,2026-01-13,,,
M005598,Rajasthan,Kirana/Grocery,Tier 2,Field sales,2026-03-06,1,1,1,1,0,0,2026-03-09,2026-03-06,2026-03-15,2026-03-31,
M005599,Uttar Pradesh,Services,Tier 3+,Online,2026-04-01,1,1,1,0,0,0,2026-04-04,2026-04-07,2026-04-05,,
M005600,Uttar Pradesh,Pharmacy,Tier 2,Referral,2026-04-08,0,0,0,0,0,0,,,,,
M005601,Uttar Pradesh,Pharmacy,Tier 2,Partner,2025-10-31,1,1,1,0,0,0,2025-11-03,2025-11-04,2025-11-06,,
M005602,Maharashtra,Fashion/Retail,Tier 3+,Partner,2026-06-30,1,1,0,0,0,0,2026-07-03,2026-07-07,,,
M005603,Karnataka,Services,Tier 1,Online,2025-07-04,1,1,1,0,0,0,2025-07-04,2025-07-10,2025-07-09,,
M005604,West Bengal,Other,Tier 3+,Field sales,2025-12-27,1,1,0,0,0,0,2025-12-29,2025-12-30,,,
M005605,Rajasthan,Fashion/Retail,Tier 2,Field sales,2026-02-08,0,0,0,0,0,0,,,,,
M005606,Uttar Pradesh,Fashion/Retail,Tier 2,Referral,2025-07-23,1,1,1,1,0,0,2025-07-25,2025-07-26,2025-07-26,2025-08-22,
M005607,Karnataka,Kirana/Grocery,Tier 2,Field sales,2025-12-12,1,0,0,0,0,0,2025-12-14,,,,
M005608,Bihar,Services,Tier 1,Partner,2026-02-03,0,0,0,0,0,0,,,,,
M005609,Karnataka,Pharmacy,Tier 1,Organic QR,2026-02-07,1,1,1,1,1,0,2026-02-10,2026-02-10,2026-02-15,2026-03-03,
M005610,Maharashtra,Other,Tier 3+,Field sales,2025-08-13,1,1,1,1,0,1,2025-08-14,2025-08-13,2025-08-18,2025-09-06,2025-11-05
M005611,Maharashtra,Kirana/Grocery,Tier 2,Field sales,2025-10-10,1,0,0,0,0,0,2025-10-11,,,,
M005612,Bihar,Food & Beverage,Tier 3+,Referral,2025-09-28,1,1,0,0,0,0,2025-09-28,2025-09-29,,,
M005613,Rajasthan,Food & Beverage,Tier 1,Field sales,2026-02-19,1,1,1,1,1,0,2026-02-19,2026-02-21,2026-02-27,2026-03-12,
M005614,Maharashtra,Kirana/Grocery,Tier 1,Field sales,2025-10-29,1,1,1,1,0,1,2025-10-29,2025-11-05,2025-11-03,2025-11-30,2026-01-22
M005615,Maharashtra,Fashion/Retail,Tier 2,Organic QR,2026-01-25,1,0,0,0,0,0,2026-01-27,,,,
M005616,Rajasthan,Kirana/Grocery,Tier 1,Field sales,2026-03-24,1,0,0,0,0,0,2026-03-25,,,,
M005617,Uttar Pradesh,Food & Beverage,Tier 2,Partner,2026-04-18,1,0,0,0,0,0,2026-04-19,,,,
M005618,Bihar,Pharmacy,Tier 3+,Online,2025-09-06,1,1,1,1,0,0,2025-09-09,2025-09-07,2025-09-14,2025-10-03,
M005619,Maharashtra,Food & Beverage,Tier 3+,Partner,2026-05-26,1,1,1,1,1,1,2026-05-28,2026-05-26,2026-06-05,2026-06-16,2026-07-26
M005620,Bihar,Kirana/Grocery,Tier 2,Partner,2025-08-30,1,1,1,1,1,0,2025-08-30,2025-09-03,2025-09-02,2025-09-23,
M005621,West Bengal,Services,Tier 2,Organic QR,2025-07-08,1,1,1,0,0,0,2025-07-11,2025-07-10,2025-07-11,,
M005622,Rajasthan,Services,Tier 2,Online,2025-07-17,1,1,1,1,0,1,2025-07-19,2025-07-17,2025-07-22,2025-08-16,2025-10-13
M005623,Karnataka,Other,Tier 2,Online,2025-09-12,1,1,0,0,0,0,2025-09-13,2025-09-15,,,
M005624,Rajasthan,Pharmacy,Tier 2,Referral,2026-05-15,1,1,1,1,0,0,2026-05-16,2026-05-15,2026-05-24,2026-06-15,
M005625,Telangana,Other,Tier 2,Field sales,2025-09-14,0,0,0,0,0,0,,,,,
M005626,Maharashtra,Kirana/Grocery,Tier 1,Field sales,2026-03-11,1,1,1,1,1,0,2026-03-14,2026-03-14,2026-03-19,2026-04-11,
M005627,Telangana,Pharmacy,Tier 1,Field sales,2025-11-30,0,0,0,0,0,0,,,,,
M005628,West Bengal,Services,Tier 3+,Field sales,2025-07-15,1,0,0,0,0,0,2025-07-16,,,,
M005629,Uttar Pradesh,Pharmacy,Tier 3+,Field sales,2025-12-10,1,1,1,1,0,0,2025-12-12,2025-12-16,2025-12-20,2026-01-14,
M005630,Madhya Pradesh,Food & Beverage,Tier 3+,Online,2025-07-11,0,0,0,0,0,0,,,,,
M005631,Uttar Pradesh,Kirana/Grocery,Tier 2,Field sales,2025-12-21,1,1,0,0,0,0,2025-12-22,2025-12-25,,,
M005632,Uttar Pradesh,Kirana/Grocery,Tier 2,Field sales,2026-01-20,1,1,0,0,0,0,2026-01-22,2026-01-27,,,
M005633,Maharashtra,Fashion/Retail,Tier 2,Online,2026-01-07,1,1,0,0,0,0,2026-01-10,2026-01-14,,,
M005634,Rajasthan,Fashion/Retail,Tier 3+,Online,2025-10-12,1,1,1,0,0,0,2025-10-12,2025-10-18,2025-10-20,,
M005635,Maharashtra,Kirana/Grocery,Tier 1,Field sales,2026-04-06,1,1,1,1,1,0,2026-04-06,2026-04-12,2026-04-15,2026-05-10,
M005636,Uttar Pradesh,Services,Tier 2,Field sales,2026-02-03,1,1,1,1,0,0,2026-02-05,2026-02-07,2026-02-10,2026-03-01,
M005637,Karnataka,Pharmacy,Tier 1,Referral,2025-10-01,0,0,0,0,0,0,,,,,
M005638,Uttar Pradesh,Services,Tier 1,Online,2025-12-06,1,0,0,0,0,0,2025-12-07,,,,
M005639,Uttar Pradesh,Food & Beverage,Tier 1,Partner,2025-08-09,1,1,0,0,0,0,2025-08-12,2025-08-09,,,
M005640,Maharashtra,Fashion/Retail,Tier 2,Organic QR,2026-06-03,0,0,0,0,0,0,,,,,
M005641,Karnataka,Services,Tier 3+,Partner,2026-04-01,1,1,0,0,0,0,2026-04-02,2026-04-03,,,
M005642,West Bengal,Pharmacy,Tier 3+,Referral,2025-10-14,0,0,0,0,0,0,,,,,
M005643,Maharashtra,Services,Tier 2,Field sales,2026-03-04,1,1,1,0,0,0,2026-03-04,2026-03-11,2026-03-08,,
M005644,Telangana,Pharmacy,Tier 2,Organic QR,2026-03-05,1,0,0,0,0,0,2026-03-06,,,,
M005645,Telangana,Kirana/Grocery,Tier 3+,Online,2026-02-08,1,1,1,1,1,0,2026-02-11,2026-02-08,2026-02-14,2026-03-06,
M005646,Telangana,Other,Tier 1,Partner,2025-07-20,0,0,0,0,0,0,,,,,
M005647,Bihar,Kirana/Grocery,Tier 3+,Field sales,2026-05-17,1,0,0,0,0,0,2026-05-20,,,,
M005648,Karnataka,Fashion/Retail,Tier 3+,Referral,2026-06-14,0,0,0,0,0,0,,,,,
M005649,Uttar Pradesh,Other,Tier 2,Partner,2026-06-21,1,1,1,1,1,1,2026-06-22,2026-06-27,2026-06-29,2026-07-14,2026-07-09
M005650,Rajasthan,Services,Tier 1,Field sales,2026-06-23,1,0,0,0,0,0,2026-06-25,,,,
M005651,Telangana,Services,Tier 1,Field sales,2026-06-05,1,1,1,0,0,0,2026-06-08,2026-06-08,2026-06-08,,
M005652,West Bengal,Kirana/Grocery,Tier 2,Field sales,2026-03-27,1,1,0,0,0,0,2026-03-28,2026-04-03,,,
M005653,West Bengal,Food & Beverage,Tier 3+,Online,2025-07-21,1,1,1,0,0,0,2025-07-23,2025-07-22,2025-07-27,,
M005654,Maharashtra,Services,Tier 2,Field sales,2025-12-17,1,0,0,0,0,0,2025-12-20,,,,
M005655,Telangana,Kirana/Grocery,Tier 2,Referral,2025-09-28,1,1,1,1,0,0,2025-10-01,2025-10-01,2025-10-05,2025-10-30,
M005656,Karnataka,Kirana/Grocery,Tier 2,Organic QR,2025-09-19,1,1,1,1,1,1,2025-09-21,2025-09-25,2025-09-25,2025-10-20,2025-11-13
M005657,Karnataka,Other,Tier 3+,Online,2026-04-30,1,0,0,0,0,0,2026-04-30,,,,
M005658,Uttar Pradesh,Food & Beverage,Tier 2,Online,2026-04-23,1,1,0,0,0,0,2026-04-25,2026-04-26,,,
M005659,Uttar Pradesh,Food & Beverage,Tier 1,Online,2026-01-07,1,0,0,0,0,0,2026-01-09,,,,
M005660,Uttar Pradesh,Kirana/Grocery,Tier 2,Online,2026-03-26,1,1,0,0,0,0,2026-03-27,2026-04-01,,,
M005661,Karnataka,Services,Tier 2,Organic QR,2025-08-17,1,1,1,1,1,0,2025-08-18,2025-08-19,2025-08-22,2025-09-15,
M005662,Karnataka,Food & Beverage,Tier 2,Field sales,2025-09-20,1,1,1,1,1,1,2025-09-21,2025-09-23,2025-09-26,2025-10-21,2025-12-02
M005663,West Bengal,Fashion/Retail,Tier 2,Field sales,2026-05-11,0,0,0,0,0,0,,,,,
M005664,West Bengal,Services,Tier 1,Partner,2025-12-12,1,1,1,1,1,1,2025-12-13,2025-12-17,2025-12-17,2026-01-11,2026-01-15
M005665,Maharashtra,Kirana/Grocery,Tier 3+,Field sales,2026-01-16,0,0,0,0,0,0,,,,,
M005666,Rajasthan,Food & Beverage,Tier 3+,Organic QR,2025-12-16,1,1,1,0,0,0,2025-12-16,2025-12-18,2025-12-24,,
M005667,Uttar Pradesh,Kirana/Grocery,Tier 3+,Field sales,2025-09-12,1,0,0,0,0,0,2025-09-12,,,,
M005668,Bihar,Fashion/Retail,Tier 3+,Referral,2026-04-28,1,0,0,0,0,0,2026-04-29,,,,
M005669,Rajasthan,Kirana/Grocery,Tier 1,Field sales,2026-04-03,1,1,0,0,0,0,2026-04-05,2026-04-09,,,
M005670,West Bengal,Kirana/Grocery,Tier 2,Field sales,2026-03-07,1,1,1,0,0,0,2026-03-07,2026-03-12,2026-03-14,,
M005671,Maharashtra,Food & Beverage,Tier 2,Organic QR,2025-11-06,1,1,0,0,0,0,2025-11-08,2025-11-12,,,
M005672,Telangana,Kirana/Grocery,Tier 1,Organic QR,2026-02-20,1,0,0,0,0,0,2026-02-20,,,,
M005673,West Bengal,Services,Tier 3+,Online,2026-06-13,1,0,0,0,0,0,2026-06-13,,,,
M005674,Karnataka,Food & Beverage,Tier 1,Partner,2026-02-23,1,0,0,0,0,0,2026-02-26,,,,
M005675,Maharashtra,Other,Tier 2,Referral,2025-12-28,1,1,0,0,0,0,2025-12-28,2026-01-02,,,
M005676,Bihar,Kirana/Grocery,Tier 2,Field sales,2025-10-07,1,1,1,1,1,1,2025-10-07,2025-10-13,2025-10-17,2025-11-08,2025-11-22
M005677,Bihar,Services,Tier 3+,Field sales,2026-01-07,1,1,1,1,1,1,2026-01-10,2026-01-11,2026-01-13,2026-02-06,2026-03-26
M005678,Rajasthan,Pharmacy,Tier 2,Partner,2025-11-13,1,1,1,1,1,0,2025-11-13,2025-11-16,2025-11-21,2025-12-12,
M005679,Bihar,Kirana/Grocery,Tier 2,Field sales,2026-02-09,1,1,1,1,1,0,2026-02-09,2026-02-16,2026-02-15,2026-03-03,
M005680,Bihar,Services,Tier 1,Referral,2025-07-17,1,1,1,1,0,1,2025-07-19,2025-07-20,2025-07-25,2025-08-14,2025-10-06
M005681,Maharashtra,Fashion/Retail,Tier 2,Online,2025-09-08,1,1,1,1,0,0,2025-09-09,2025-09-10,2025-09-14,2025-10-09,
M005682,Rajasthan,Fashion/Retail,Tier 3+,Field sales,2026-04-14,0,0,0,0,0,0,,,,,
M005683,Bihar,Other,Tier 2,Referral,2025-11-16,1,1,1,1,0,1,2025-11-18,2025-11-22,2025-11-25,2025-12-21,2026-02-06
M005684,Madhya Pradesh,Pharmacy,Tier 3+,Organic QR,2025-12-06,1,1,1,1,1,0,2025-12-09,2025-12-08,2025-12-15,2025-12-27,
M005685,Karnataka,Food & Beverage,Tier 1,Field sales,2026-01-15,1,1,1,1,1,0,2026-01-16,2026-01-15,2026-01-19,2026-02-07,
M005686,Maharashtra,Other,Tier 2,Organic QR,2025-12-07,1,1,1,1,1,0,2025-12-08,2025-12-07,2025-12-13,2026-01-11,
M005687,Madhya Pradesh,Kirana/Grocery,Tier 3+,Partner,2026-04-03,1,1,1,1,0,0,2026-04-04,2026-04-08,2026-04-12,2026-05-08,
M005688,Karnataka,Services,Tier 2,Online,2025-09-28,0,0,0,0,0,0,,,,,
M005689,Maharashtra,Pharmacy,Tier 2,Field sales,2026-04-03,1,1,1,0,0,0,2026-04-04,2026-04-04,2026-04-10,,
M005690,Madhya Pradesh,Fashion/Retail,Tier 2,Partner,2025-09-15,1,1,1,0,0,0,2025-09-17,2025-09-18,2025-09-23,,
M005691,Uttar Pradesh,Other,Tier 3+,Field sales,2025-11-13,1,1,1,1,1,1,2025-11-13,2025-11-16,2025-11-16,2025-12-05,2026-01-20
M005692,Telangana,Kirana/Grocery,Tier 1,Field sales,2026-01-31,0,0,0,0,0,0,,,,,
M005693,Maharashtra,Pharmacy,Tier 1,Partner,2026-05-20,1,1,1,0,0,0,2026-05-20,2026-05-23,2026-05-30,,
M005694,Maharashtra,Kirana/Grocery,Tier 3+,Referral,2025-09-23,1,1,1,1,0,0,2025-09-26,2025-09-29,2025-09-30,2025-10-17,
M005695,Madhya Pradesh,Fashion/Retail,Tier 2,Partner,2026-01-31,1,0,0,0,0,0,2026-02-01,,,,
M005696,Uttar Pradesh,Pharmacy,Tier 2,Online,2025-07-24,1,1,1,0,0,0,2025-07-26,2025-07-30,2025-07-27,,
M005697,Maharashtra,Kirana/Grocery,Tier 2,Field sales,2025-07-28,1,1,0,0,0,0,2025-07-31,2025-07-29,,,
M005698,Telangana,Fashion/Retail,Tier 2,Organic QR,2026-04-07,1,1,1,0,0,0,2026-04-08,2026-04-07,2026-04-10,,
M005699,Maharashtra,Food & Beverage,Tier 3+,Field sales,2026-03-20,1,1,1,1,0,1,2026-03-21,2026-03-24,2026-03-24,2026-04-24,2026-04-23
M005700,Maharashtra,Services,Tier 2,Referral,2025-11-15,1,1,1,1,1,0,2025-11-17,2025-11-21,2025-11-24,2025-12-06,
M005701,Karnataka,Other,Tier 3+,Field sales,2026-02-13,1,1,1,0,0,0,2026-02-15,2026-02-15,2026-02-21,,
M005702,Uttar Pradesh,Services,Tier 3+,Field sales,2025-11-16,1,1,1,1,0,1,2025-11-16,2025-11-19,2025-11-19,2025-12-10,2025-12-06
M005703,Karnataka,Services,Tier 2,Referral,2025-10-10,1,1,1,0,0,0,2025-10-12,2025-10-16,2025-10-15,,
M005704,Telangana,Kirana/Grocery,Tier 2,Field sales,2025-12-05,1,0,0,0,0,0,2025-12-05,,,,
M005705,Uttar Pradesh,Kirana/Grocery,Tier 2,Partner,2025-10-22,1,0,0,0,0,0,2025-10-23,,,,
M005706,Uttar Pradesh,Kirana/Grocery,Tier 3+,Online,2026-04-24,1,1,0,0,0,0,2026-04-27,2026-04-27,,,
M005707,Maharashtra,Food & Beverage,Tier 2,Organic QR,2025-11-28,1,1,1,1,0,0,2025-11-28,2025-12-03,2025-12-06,2026-01-01,
M005708,Maharashtra,Food & Beverage,Tier 1,Organic QR,2025-10-26,1,1,0,0,0,0,2025-10-29,2025-11-02,,,
M005709,Maharashtra,Services,Tier 3+,Online,2026-01-12,0,0,0,0,0,0,,,,,
M005710,Telangana,Pharmacy,Tier 2,Partner,2026-04-03,1,1,1,1,0,0,2026-04-04,2026-04-03,2026-04-07,2026-04-29,
M005711,Bihar,Kirana/Grocery,Tier 3+,Field sales,2025-10-08,1,1,0,0,0,0,2025-10-11,2025-10-08,,,
M005712,Maharashtra,Services,Tier 2,Referral,2026-06-08,1,0,0,0,0,0,2026-06-08,,,,
M005713,Madhya Pradesh,Other,Tier 2,Organic QR,2025-12-17,1,1,1,1,0,0,2025-12-19,2025-12-18,2025-12-24,2026-01-19,
M005714,Bihar,Kirana/Grocery,Tier 2,Referral,2026-02-27,1,0,0,0,0,0,2026-03-02,,,,
M005715,Maharashtra,Services,Tier 3+,Organic QR,2026-06-15,1,0,0,0,0,0,2026-06-17,,,,
M005716,Maharashtra,Kirana/Grocery,Tier 1,Field sales,2025-12-05,1,1,1,1,1,1,2025-12-08,2025-12-09,2025-12-14,2026-01-03,2026-02-12
M005717,Karnataka,Services,Tier 2,Referral,2025-09-11,0,0,0,0,0,0,,,,,
M005718,Maharashtra,Pharmacy,Tier 3+,Field sales,2026-03-30,0,0,0,0,0,0,,,,,
M005719,Uttar Pradesh,Kirana/Grocery,Tier 3+,Online,2025-07-03,1,1,0,0,0,0,2025-07-03,2025-07-09,,,
M005720,Maharashtra,Food & Beverage,Tier 1,Referral,2025-12-15,0,0,0,0,0,0,,,,,
M005721,Madhya Pradesh,Fashion/Retail,Tier 1,Online,2026-06-23,1,0,0,0,0,0,2026-06-26,,,,
M005722,Uttar Pradesh,Kirana/Grocery,Tier 2,Field sales,2025-11-29,1,1,1,1,1,1,2025-12-01,2025-11-29,2025-12-07,2025-12-23,2025-12-12
M005723,Bihar,Pharmacy,Tier 1,Organic QR,2026-03-07,1,1,1,1,1,1,2026-03-07,2026-03-12,2026-03-17,2026-04-03,2026-06-02
M005724,Bihar,Services,Tier 1,Field sales,2026-01-08,1,0,0,0,0,0,2026-01-10,,,,
M005725,Uttar Pradesh,Kirana/Grocery,Tier 2,Field sales,2025-09-17,1,1,1,1,1,0,2025-09-18,2025-09-17,2025-09-21,2025-10-16,
M005726,West Bengal,Pharmacy,Tier 2,Field sales,2025-10-24,1,1,0,0,0,0,2025-10-27,2025-10-24,,,
M005727,West Bengal,Services,Tier 2,Organic QR,2026-01-08,1,1,1,1,1,0,2026-01-10,2026-01-15,2026-01-15,2026-02-08,
M005728,Telangana,Kirana/Grocery,Tier 2,Organic QR,2025-08-08,1,1,0,0,0,0,2025-08-10,2025-08-10,,,
M005729,Maharashtra,Other,Tier 3+,Online,2025-11-29,1,1,0,0,0,0,2025-12-02,2025-12-02,,,
M005730,Telangana,Services,Tier 2,Field sales,2025-11-29,0,0,0,0,0,0,,,,,
M005731,Karnataka,Pharmacy,Tier 3+,Organic QR,2026-05-01,0,0,0,0,0,0,,,,,
M005732,Uttar Pradesh,Kirana/Grocery,Tier 1,Partner,2025-08-15,1,1,1,1,1,0,2025-08-16,2025-08-17,2025-08-22,2025-09-11,
M005733,Telangana,Kirana/Grocery,Tier 3+,Field sales,2026-05-04,1,1,0,0,0,0,2026-05-04,2026-05-06,,,
M005734,Uttar Pradesh,Pharmacy,Tier 3+,Partner,2025-11-27,1,1,1,1,0,0,2025-11-29,2025-11-30,2025-12-03,2025-12-27,
M005735,Bihar,Pharmacy,Tier 1,Partner,2026-02-23,1,1,0,0,0,0,2026-02-23,2026-02-24,,,
M005736,Karnataka,Kirana/Grocery,Tier 2,Partner,2026-01-20,1,0,0,0,0,0,2026-01-23,,,,
M005737,Uttar Pradesh,Pharmacy,Tier 2,Partner,2025-10-18,1,1,1,1,0,0,2025-10-21,2025-10-18,2025-10-27,2025-11-09,
M005738,Telangana,Services,Tier 2,Referral,2026-06-05,1,1,0,0,0,0,2026-06-06,2026-06-10,,,
M005739,Madhya Pradesh,Food & Beverage,Tier 3+,Online,2025-09-20,0,0,0,0,0,0,,,,,
M005740,Rajasthan,Fashion/Retail,Tier 1,Field sales,2025-07-14,0,0,0,0,0,0,,,,,
M005741,Maharashtra,Services,Tier 2,Organic QR,2026-03-31,1,1,0,0,0,0,2026-04-03,2026-04-04,,,
M005742,Rajasthan,Services,Tier 3+,Referral,2026-02-12,0,0,0,0,0,0,,,,,
M005743,Maharashtra,Fashion/Retail,Tier 1,Field sales,2026-05-22,1,0,0,0,0,0,2026-05-23,,,,
M005744,Bihar,Services,Tier 1,Organic QR,2025-12-15,0,0,0,0,0,0,,,,,
M005745,Uttar Pradesh,Other,Tier 1,Partner,2025-07-07,1,1,0,0,0,0,2025-07-10,2025-07-11,,,
M005746,Uttar Pradesh,Fashion/Retail,Tier 3+,Field sales,2025-07-08,1,1,0,0,0,0,2025-07-08,2025-07-09,,,
M005747,Bihar,Food & Beverage,Tier 1,Organic QR,2025-12-06,1,1,1,1,0,0,2025-12-09,2025-12-11,2025-12-11,2025-12-31,
M005748,Madhya Pradesh,Food & Beverage,Tier 1,Referral,2025-09-30,1,1,1,0,0,0,2025-10-02,2025-10-05,2025-10-04,,
M005749,Bihar,Other,Tier 2,Field sales,2026-06-02,0,0,0,0,0,0,,,,,
M005750,Uttar Pradesh,Other,Tier 3+,Field sales,2025-08-13,0,0,0,0,0,0,,,,,
M005751,Bihar,Kirana/Grocery,Tier 2,Referral,2026-05-18,1,1,1,1,0,1,2026-05-21,2026-05-21,2026-05-21,2026-06-19,2026-06-14
M005752,Uttar Pradesh,Kirana/Grocery,Tier 3+,Referral,2025-09-18,0,0,0,0,0,0,,,,,
M005753,Madhya Pradesh,Food & Beverage,Tier 1,Organic QR,2025-08-13,1,0,0,0,0,0,2025-08-15,,,,
M005754,Madhya Pradesh,Fashion/Retail,Tier 2,Organic QR,2025-10-09,1,1,1,1,1,1,2025-10-11,2025-10-13,2025-10-12,2025-11-10,2025-11-23
M005755,Maharashtra,Other,Tier 2,Field sales,2025-08-22,1,1,1,1,1,1,2025-08-23,2025-08-25,2025-08-25,2025-09-24,2025-11-20
M005756,Karnataka,Fashion/Retail,Tier 2,Referral,2025-11-24,1,1,0,0,0,0,2025-11-26,2025-11-30,,,
M005757,Karnataka,Kirana/Grocery,Tier 3+,Field sales,2025-10-29,1,1,1,1,1,0,2025-11-01,2025-11-05,2025-11-07,2025-11-25,
M005758,Maharashtra,Fashion/Retail,Tier 2,Online,2026-01-10,1,0,0,0,0,0,2026-01-12,,,,
M005759,Uttar Pradesh,Kirana/Grocery,Tier 1,Referral,2026-01-13,1,1,1,1,1,0,2026-01-16,2026-01-18,2026-01-20,2026-02-11,
M005760,Karnataka,Food & Beverage,Tier 1,Field sales,2025-07-01,0,0,0,0,0,0,,,,,
M005761,Rajasthan,Food & Beverage,Tier 1,Partner,2025-08-15,1,1,0,0,0,0,2025-08-15,2025-08-15,,,
M005762,Maharashtra,Services,Tier 3+,Online,2025-08-29,1,1,1,1,0,0,2025-08-29,2025-09-05,2025-09-06,2025-09-27,
M005763,Karnataka,Services,Tier 1,Online,2025-09-10,1,1,0,0,0,0,2025-09-11,2025-09-14,,,
M005764,Rajasthan,Kirana/Grocery,Tier 3+,Partner,2025-08-04,1,1,1,1,0,1,2025-08-06,2025-08-11,2025-08-08,2025-08-25,2025-08-20
M005765,Uttar Pradesh,Kirana/Grocery,Tier 1,Field sales,2025-10-23,1,1,1,1,1,0,2025-10-25,2025-10-28,2025-10-27,2025-11-23,
M005766,Uttar Pradesh,Fashion/Retail,Tier 3+,Partner,2026-01-17,1,1,1,1,1,0,2026-01-18,2026-01-21,2026-01-26,2026-02-09,
M005767,Madhya Pradesh,Kirana/Grocery,Tier 3+,Partner,2025-10-21,1,1,1,0,0,0,2025-10-21,2025-10-23,2025-10-26,,
M005768,West Bengal,Services,Tier 1,Organic QR,2025-10-29,1,1,1,0,0,0,2025-10-29,2025-11-03,2025-11-07,,
M005769,Uttar Pradesh,Kirana/Grocery,Tier 1,Field sales,2025-12-19,0,0,0,0,0,0,,,,,
M005770,Maharashtra,Food & Beverage,Tier 3+,Online,2026-01-17,1,1,1,0,0,0,2026-01-20,2026-01-18,2026-01-23,,
M005771,Maharashtra,Kirana/Grocery,Tier 1,Organic QR,2025-10-29,1,1,1,1,1,0,2025-10-31,2025-10-31,2025-11-02,2025-11-27,
M005772,West Bengal,Pharmacy,Tier 1,Field sales,2025-09-19,1,0,0,0,0,0,2025-09-19,,,,
M005773,Rajasthan,Food & Beverage,Tier 3+,Field sales,2025-11-27,1,1,1,1,1,0,2025-11-28,2025-12-02,2025-11-30,2025-12-30,
M005774,Bihar,Kirana/Grocery,Tier 3+,Field sales,2025-07-09,1,1,1,1,1,0,2025-07-10,2025-07-16,2025-07-12,2025-07-30,
M005775,Rajasthan,Fashion/Retail,Tier 3+,Organic QR,2025-12-27,1,1,0,0,0,0,2025-12-29,2025-12-31,,,
M005776,Maharashtra,Kirana/Grocery,Tier 3+,Field sales,2026-06-09,1,0,0,0,0,0,2026-06-12,,,,
M005777,Uttar Pradesh,Pharmacy,Tier 2,Organic QR,2025-11-23,1,1,1,1,1,1,2025-11-25,2025-11-29,2025-11-29,2025-12-18,2026-01-19
M005778,Madhya Pradesh,Kirana/Grocery,Tier 3+,Field sales,2025-08-09,1,0,0,0,0,0,2025-08-12,,,,
M005779,Madhya Pradesh,Other,Tier 2,Field sales,2026-03-16,0,0,0,0,0,0,,,,,
M005780,Karnataka,Kirana/Grocery,Tier 3+,Field sales,2025-08-16,0,0,0,0,0,0,,,,,
M005781,Rajasthan,Services,Tier 2,Field sales,2025-09-09,1,1,1,1,1,1,2025-09-10,2025-09-12,2025-09-14,2025-10-11,2025-11-25
M005782,Maharashtra,Services,Tier 2,Organic QR,2025-08-23,1,1,0,0,0,0,2025-08-26,2025-08-24,,,
M005783,West Bengal,Services,Tier 3+,Organic QR,2026-05-19,1,0,0,0,0,0,2026-05-19,,,,
M005784,Karnataka,Fashion/Retail,Tier 2,Partner,2026-06-24,0,0,0,0,0,0,,,,,
M005785,Bihar,Kirana/Grocery,Tier 2,Organic QR,2026-01-24,1,0,0,0,0,0,2026-01-25,,,,
M005786,Karnataka,Food & Beverage,Tier 2,Partner,2026-02-11,1,1,0,0,0,0,2026-02-14,2026-02-11,,,
M005787,Rajasthan,Fashion/Retail,Tier 1,Field sales,2026-02-21,1,1,0,0,0,0,2026-02-21,2026-02-23,,,
M005788,Rajasthan,Fashion/Retail,Tier 2,Organic QR,2026-02-08,1,1,1,1,0,1,2026-02-11,2026-02-08,2026-02-11,2026-03-01,2026-03-02
M005789,Telangana,Services,Tier 3+,Field sales,2026-01-15,1,0,0,0,0,0,2026-01-17,,,,
M005790,Madhya Pradesh,Services,Tier 2,Organic QR,2026-06-26,0,0,0,0,0,0,,,,,
M005791,West Bengal,Pharmacy,Tier 2,Partner,2026-03-25,1,1,1,1,0,0,2026-03-26,2026-03-30,2026-03-29,2026-04-21,
M005792,Madhya Pradesh,Fashion/Retail,Tier 2,Referral,2025-08-02,1,1,1,1,1,1,2025-08-02,2025-08-02,2025-08-12,2025-09-02,2025-10-05
M005793,Telangana,Fashion/Retail,Tier 3+,Organic QR,2025-11-21,1,1,0,0,0,0,2025-11-24,2025-11-23,,,
M005794,Bihar,Fashion/Retail,Tier 3+,Field sales,2026-06-21,1,1,1,0,0,0,2026-06-21,2026-06-28,2026-06-28,,
M005795,Uttar Pradesh,Food & Beverage,Tier 1,Field sales,2025-11-25,1,1,1,1,1,1,2025-11-28,2025-12-01,2025-12-05,2025-12-17,2026-02-03
M005796,Rajasthan,Services,Tier 2,Online,2025-09-13,1,1,1,0,0,0,2025-09-16,2025-09-19,2025-09-20,,
M005797,Uttar Pradesh,Food & Beverage,Tier 3+,Field sales,2026-05-13,1,0,0,0,0,0,2026-05-13,,,,
M005798,Rajasthan,Kirana/Grocery,Tier 1,Field sales,2026-02-13,1,0,0,0,0,0,2026-02-15,,,,
M005799,Maharashtra,Fashion/Retail,Tier 2,Field sales,2026-01-22,1,1,1,1,0,0,2026-01-23,2026-01-29,2026-01-29,2026-02-26,
M005800,Uttar Pradesh,Services,Tier 1,Online,2025-12-01,1,1,0,0,0,0,2025-12-03,2025-12-05,,,
M005801,Maharashtra,Kirana/Grocery,Tier 1,Online,2025-08-15,1,1,1,0,0,0,2025-08-15,2025-08-15,2025-08-21,,
M005802,Karnataka,Pharmacy,Tier 3+,Field sales,2025-11-18,1,1,1,1,1,1,2025-11-19,2025-11-19,2025-11-24,2025-12-11,2026-01-28
M005803,Maharashtra,Kirana/Grocery,Tier 3+,Field sales,2025-12-07,1,1,1,1,1,0,2025-12-08,2025-12-11,2025-12-12,2026-01-07,
M005804,Karnataka,Kirana/Grocery,Tier 3+,Referral,2026-06-05,1,0,0,0,0,0,2026-06-07,,,,
M005805,Madhya Pradesh,Services,Tier 1,Field sales,2025-10-21,1,1,0,0,0,0,2025-10-22,2025-10-22,,,
M005806,Uttar Pradesh,Pharmacy,Tier 3+,Field sales,2025-08-24,1,0,0,0,0,0,2025-08-25,,,,
M005807,Maharashtra,Services,Tier 2,Organic QR,2025-12-04,0,0,0,0,0,0,,,,,
M005808,Madhya Pradesh,Kirana/Grocery,Tier 3+,Organic QR,2026-06-29,1,0,0,0,0,0,2026-06-29,,,,
M005809,West Bengal,Services,Tier 1,Field sales,2025-12-24,1,1,1,1,1,0,2025-12-25,2025-12-31,2026-01-03,2026-01-16,
M005810,West Bengal,Kirana/Grocery,Tier 1,Partner,2025-11-16,1,0,0,0,0,0,2025-11-18,,,,
M005811,Madhya Pradesh,Other,Tier 2,Partner,2026-03-01,1,1,0,0,0,0,2026-03-03,2026-03-04,,,
M005812,West Bengal,Kirana/Grocery,Tier 3+,Organic QR,2026-02-22,1,1,0,0,0,0,2026-02-22,2026-02-26,,,
M005813,Rajasthan,Fashion/Retail,Tier 1,Field sales,2025-10-18,1,1,0,0,0,0,2025-10-20,2025-10-18,,,
M005814,West Bengal,Kirana/Grocery,Tier 1,Field sales,2026-06-19,1,1,1,0,0,0,2026-06-20,2026-06-20,2026-06-22,,
M005815,West Bengal,Kirana/Grocery,Tier 2,Online,2026-02-02,1,0,0,0,0,0,2026-02-02,,,,
M005816,Telangana,Food & Beverage,Tier 3+,Field sales,2025-07-22,1,0,0,0,0,0,2025-07-25,,,,
M005817,Madhya Pradesh,Pharmacy,Tier 3+,Organic QR,2025-11-26,1,1,1,1,0,1,2025-11-29,2025-12-02,2025-12-04,2025-12-22,2025-12-23
M005818,Madhya Pradesh,Other,Tier 3+,Field sales,2026-06-02,1,1,0,0,0,0,2026-06-04,2026-06-08,,,
M005819,Bihar,Services,Tier 2,Field sales,2025-11-21,1,0,0,0,0,0,2025-11-22,,,,
M005820,West Bengal,Food & Beverage,Tier 3+,Organic QR,2026-01-24,1,1,0,0,0,0,2026-01-27,2026-01-28,,,
M005821,Uttar Pradesh,Kirana/Grocery,Tier 2,Field sales,2026-02-09,1,1,1,0,0,0,2026-02-10,2026-02-10,2026-02-19,,
M005822,Uttar Pradesh,Services,Tier 1,Partner,2026-03-15,1,1,1,1,1,0,2026-03-15,2026-03-18,2026-03-19,2026-04-18,
M005823,Rajasthan,Food & Beverage,Tier 3+,Field sales,2026-05-15,1,0,0,0,0,0,2026-05-16,,,,
M005824,Bihar,Other,Tier 2,Referral,2025-08-24,1,1,1,1,0,1,2025-08-26,2025-08-27,2025-09-03,2025-09-28,2025-10-26
M005825,Madhya Pradesh,Food & Beverage,Tier 2,Partner,2026-01-05,1,1,1,0,0,0,2026-01-07,2026-01-07,2026-01-09,,
M005826,Madhya Pradesh,Pharmacy,Tier 1,Field sales,2026-01-11,1,1,1,1,0,1,2026-01-12,2026-01-18,2026-01-21,2026-02-09,2026-03-07
M005827,Bihar,Fashion/Retail,Tier 3+,Referral,2025-08-25,1,1,1,1,1,1,2025-08-27,2025-08-28,2025-09-02,2025-09-17,2025-10-07
M005828,West Bengal,Kirana/Grocery,Tier 3+,Online,2026-03-03,1,1,1,1,0,0,2026-03-04,2026-03-10,2026-03-09,2026-03-23,
M005829,Maharashtra,Food & Beverage,Tier 2,Field sales,2025-08-13,1,0,0,0,0,0,2025-08-13,,,,
M005830,West Bengal,Other,Tier 3+,Partner,2025-12-14,1,1,1,1,1,1,2025-12-16,2025-12-18,2025-12-24,2026-01-14,2026-02-01
M005831,Maharashtra,Food & Beverage,Tier 2,Partner,2025-10-29,1,0,0,0,0,0,2025-10-30,,,,
M005832,Uttar Pradesh,Services,Tier 1,Partner,2025-08-26,0,0,0,0,0,0,,,,,
M005833,Maharashtra,Fashion/Retail,Tier 1,Field sales,2026-04-27,1,1,1,1,1,0,2026-04-28,2026-05-01,2026-05-01,2026-05-29,
M005834,Uttar Pradesh,Kirana/Grocery,Tier 2,Field sales,2025-09-28,1,1,1,1,0,0,2025-10-01,2025-10-05,2025-10-03,2025-10-24,
M005835,Uttar Pradesh,Other,Tier 1,Field sales,2025-10-02,1,0,0,0,0,0,2025-10-04,,,,
M005836,Maharashtra,Food & Beverage,Tier 3+,Field sales,2026-05-08,0,0,0,0,0,0,,,,,
M005837,Rajasthan,Services,Tier 3+,Field sales,2026-05-17,1,1,1,1,1,0,2026-05-19,2026-05-18,2026-05-24,2026-06-17,
M005838,Bihar,Food & Beverage,Tier 2,Online,2025-07-13,1,1,0,0,0,0,2025-07-15,2025-07-17,,,
M005839,Maharashtra,Services,Tier 3+,Field sales,2025-10-10,1,1,0,0,0,0,2025-10-10,2025-10-13,,,
M005840,Bihar,Kirana/Grocery,Tier 3+,Organic QR,2026-03-16,1,0,0,0,0,0,2026-03-16,,,,
M005841,Maharashtra,Kirana/Grocery,Tier 2,Field sales,2026-04-11,1,1,1,0,0,0,2026-04-12,2026-04-12,2026-04-14,,
M005842,Maharashtra,Food & Beverage,Tier 1,Organic QR,2026-06-30,1,1,0,0,0,0,2026-06-30,2026-07-01,,,
M005843,Maharashtra,Food & Beverage,Tier 1,Referral,2026-01-19,1,1,1,1,0,0,2026-01-20,2026-01-20,2026-01-23,2026-02-11,
M005844,Rajasthan,Services,Tier 2,Referral,2025-07-03,1,1,1,1,1,0,2025-07-03,2025-07-08,2025-07-12,2025-07-31,
M005845,Bihar,Kirana/Grocery,Tier 2,Organic QR,2026-05-15,1,0,0,0,0,0,2026-05-17,,,,
M005846,Rajasthan,Kirana/Grocery,Tier 2,Organic QR,2025-08-28,0,0,0,0,0,0,,,,,
M005847,Madhya Pradesh,Kirana/Grocery,Tier 2,Field sales,2025-08-14,1,0,0,0,0,0,2025-08-17,,,,
M005848,Rajasthan,Food & Beverage,Tier 2,Online,2026-03-04,1,1,1,1,1,0,2026-03-04,2026-03-09,2026-03-08,2026-03-25,
M005849,Madhya Pradesh,Kirana/Grocery,Tier 1,Field sales,2026-02-06,1,1,0,0,0,0,2026-02-09,2026-02-12,,,
M005850,West Bengal,Kirana/Grocery,Tier 1,Field sales,2025-07-22,1,1,1,1,1,1,2025-07-23,2025-07-28,2025-07-26,2025-08-24,2025-10-18
M005851,Uttar Pradesh,Services,Tier 2,Organic QR,2025-08-31,1,1,0,0,0,0,2025-08-31,2025-09-04,,,
M005852,Maharashtra,Pharmacy,Tier 3+,Field sales,2026-02-01,1,1,0,0,0,0,2026-02-02,2026-02-03,,,
M005853,Maharashtra,Pharmacy,Tier 2,Field sales,2025-10-02,1,1,0,0,0,0,2025-10-03,2025-10-06,,,
M005854,Rajasthan,Kirana/Grocery,Tier 2,Online,2026-03-07,1,1,1,1,1,1,2026-03-08,2026-03-11,2026-03-17,2026-04-09,2026-03-19
M005855,Uttar Pradesh,Fashion/Retail,Tier 2,Field sales,2025-11-28,1,1,1,1,1,0,2025-11-29,2025-11-30,2025-12-01,2025-12-30,
M005856,Karnataka,Services,Tier 2,Field sales,2026-01-31,0,0,0,0,0,0,,,,,
M005857,West Bengal,Services,Tier 1,Field sales,2025-12-21,1,1,1,0,0,0,2025-12-24,2025-12-28,2025-12-29,,
M005858,West Bengal,Kirana/Grocery,Tier 1,Field sales,2025-11-11,0,0,0,0,0,0,,,,,
M005859,Karnataka,Kirana/Grocery,Tier 1,Online,2025-11-02,1,1,1,0,0,0,2025-11-04,2025-11-05,2025-11-10,,
M005860,Karnataka,Food & Beverage,Tier 1,Partner,2026-03-12,0,0,0,0,0,0,,,,,
M005861,Karnataka,Kirana/Grocery,Tier 1,Online,2026-01-04,0,0,0,0,0,0,,,,,
M005862,Uttar Pradesh,Pharmacy,Tier 3+,Online,2026-02-02,1,1,0,0,0,0,2026-02-02,2026-02-05,,,
M005863,Madhya Pradesh,Food & Beverage,Tier 1,Partner,2026-01-27,1,1,1,1,0,0,2026-01-28,2026-02-03,2026-01-30,2026-02-16,
M005864,Rajasthan,Kirana/Grocery,Tier 1,Organic QR,2025-09-14,1,1,1,0,0,0,2025-09-15,2025-09-17,2025-09-21,,
M005865,Maharashtra,Kirana/Grocery,Tier 1,Organic QR,2026-05-30,1,1,1,1,1,0,2026-06-02,2026-06-06,2026-06-05,2026-06-27,
M005866,Uttar Pradesh,Kirana/Grocery,Tier 1,Partner,2026-01-22,1,1,1,1,0,0,2026-01-25,2026-01-24,2026-01-28,2026-02-18,
M005867,Maharashtra,Food & Beverage,Tier 1,Partner,2026-03-20,1,1,1,1,0,0,2026-03-20,2026-03-25,2026-03-25,2026-04-20,
M005868,Uttar Pradesh,Kirana/Grocery,Tier 1,Organic QR,2026-05-18,1,1,1,1,1,0,2026-05-20,2026-05-25,2026-05-21,2026-06-19,
M005869,Uttar Pradesh,Services,Tier 1,Organic QR,2026-06-03,1,1,1,1,1,0,2026-06-04,2026-06-09,2026-06-10,2026-06-23,
M005870,Rajasthan,Kirana/Grocery,Tier 3+,Partner,2026-03-01,1,1,1,0,0,0,2026-03-01,2026-03-02,2026-03-04,,
M005871,Uttar Pradesh,Services,Tier 2,Field sales,2026-04-14,1,0,0,0,0,0,2026-04-14,,,,
M005872,Madhya Pradesh,Other,Tier 1,Organic QR,2025-12-20,1,1,0,0,0,0,2025-12-22,2025-12-25,,,
M005873,Maharashtra,Fashion/Retail,Tier 2,Organic QR,2026-03-27,0,0,0,0,0,0,,,,,
M005874,Bihar,Services,Tier 1,Organic QR,2025-10-26,1,1,1,0,0,0,2025-10-27,2025-10-27,2025-11-01,,
M005875,Maharashtra,Food & Beverage,Tier 2,Organic QR,2026-03-17,1,1,1,1,0,0,2026-03-17,2026-03-22,2026-03-23,2026-04-20,
M005876,Telangana,Pharmacy,Tier 2,Referral,2025-08-01,1,1,1,0,0,0,2025-08-01,2025-08-06,2025-08-08,,
M005877,Madhya Pradesh,Other,Tier 3+,Referral,2026-05-30,1,1,1,1,1,0,2026-05-30,2026-06-05,2026-06-06,2026-06-27,
M005878,Bihar,Food & Beverage,Tier 3+,Field sales,2025-09-28,1,0,0,0,0,0,2025-09-28,,,,
M005879,Maharashtra,Kirana/Grocery,Tier 3+,Field sales,2026-02-25,1,1,1,1,0,0,2026-02-25,2026-03-03,2026-03-06,2026-03-18,
M005880,Uttar Pradesh,Pharmacy,Tier 1,Field sales,2025-07-05,0,0,0,0,0,0,,,,,
M005881,Bihar,Kirana/Grocery,Tier 2,Field sales,2025-08-26,1,1,0,0,0,0,2025-08-29,2025-08-27,,,
M005882,West Bengal,Pharmacy,Tier 1,Field sales,2026-06-26,1,0,0,0,0,0,2026-06-27,,,,
M005883,Rajasthan,Kirana/Grocery,Tier 3+,Referral,2026-05-01,1,1,0,0,0,0,2026-05-03,2026-05-02,,,
M005884,Maharashtra,Kirana/Grocery,Tier 1,Referral,2025-09-20,1,1,1,1,1,0,2025-09-23,2025-09-27,2025-09-30,2025-10-15,
M005885,Uttar Pradesh,Fashion/Retail,Tier 2,Field sales,2025-08-17,1,0,0,0,0,0,2025-08-19,,,,
M005886,Maharashtra,Pharmacy,Tier 2,Online,2026-04-24,1,0,0,0,0,0,2026-04-27,,,,
M005887,Maharashtra,Services,Tier 2,Field sales,2026-06-27,1,1,1,1,1,0,2026-06-28,2026-07-02,2026-07-04,2026-07-28,
M005888,Rajasthan,Fashion/Retail,Tier 2,Referral,2025-08-31,1,1,1,1,1,0,2025-08-31,2025-09-03,2025-09-07,2025-09-23,
M005889,Bihar,Fashion/Retail,Tier 2,Organic QR,2026-02-28,1,1,1,0,0,0,2026-02-28,2026-03-03,2026-03-07,,
M005890,Maharashtra,Food & Beverage,Tier 2,Partner,2025-10-12,0,0,0,0,0,0,,,,,
M005891,Madhya Pradesh,Other,Tier 2,Field sales,2026-03-29,1,1,1,1,1,0,2026-04-01,2026-03-29,2026-04-04,2026-04-26,
M005892,Bihar,Food & Beverage,Tier 1,Field sales,2025-11-30,0,0,0,0,0,0,,,,,
M005893,Bihar,Kirana/Grocery,Tier 1,Field sales,2025-08-15,1,0,0,0,0,0,2025-08-18,,,,
M005894,Karnataka,Fashion/Retail,Tier 3+,Partner,2025-10-27,0,0,0,0,0,0,,,,,
M005895,Uttar Pradesh,Food & Beverage,Tier 2,Online,2026-01-13,1,1,1,0,0,0,2026-01-15,2026-01-20,2026-01-20,,
M005896,Maharashtra,Fashion/Retail,Tier 2,Partner,2026-04-18,1,0,0,0,0,0,2026-04-19,,,,
M005897,Karnataka,Kirana/Grocery,Tier 2,Referral,2025-07-08,1,1,0,0,0,0,2025-07-08,2025-07-09,,,
M005898,Telangana,Kirana/Grocery,Tier 2,Field sales,2026-06-15,1,0,0,0,0,0,2026-06-17,,,,
M005899,Telangana,Kirana/Grocery,Tier 2,Referral,2026-02-23,1,1,0,0,0,0,2026-02-24,2026-02-28,,,
M005900,Maharashtra,Services,Tier 1,Referral,2026-05-16,1,1,0,0,0,0,2026-05-19,2026-05-21,,,
M005901,Karnataka,Fashion/Retail,Tier 2,Organic QR,2026-06-05,1,1,1,1,1,0,2026-06-07,2026-06-12,2026-06-09,2026-07-02,
M005902,West Bengal,Food & Beverage,Tier 2,Organic QR,2025-08-26,1,1,1,1,1,0,2025-08-28,2025-08-31,2025-08-29,2025-09-20,
M005903,Madhya Pradesh,Kirana/Grocery,Tier 1,Field sales,2025-08-04,1,1,0,0,0,0,2025-08-07,2025-08-11,,,
M005904,Telangana,Food & Beverage,Tier 3+,Field sales,2026-04-10,1,1,0,0,0,0,2026-04-11,2026-04-14,,,
M005905,West Bengal,Food & Beverage,Tier 1,Field sales,2025-09-07,1,1,1,1,1,1,2025-09-09,2025-09-11,2025-09-11,2025-10-03,2025-11-06
M005906,Karnataka,Services,Tier 1,Partner,2025-08-24,1,1,0,0,0,0,2025-08-25,2025-08-28,,,
M005907,Uttar Pradesh,Services,Tier 3+,Referral,2025-12-19,1,1,0,0,0,0,2025-12-22,2025-12-26,,,
M005908,Madhya Pradesh,Kirana/Grocery,Tier 3+,Field sales,2026-05-30,1,1,1,1,0,1,2026-05-30,2026-06-04,2026-06-03,2026-06-27,2026-07-25
M005909,Uttar Pradesh,Food & Beverage,Tier 1,Online,2026-04-17,1,1,1,1,1,0,2026-04-17,2026-04-24,2026-04-24,2026-05-09,
M005910,Karnataka,Services,Tier 2,Referral,2026-01-06,0,0,0,0,0,0,,,,,
M005911,Telangana,Kirana/Grocery,Tier 1,Organic QR,2025-09-10,1,1,1,1,1,0,2025-09-10,2025-09-15,2025-09-13,2025-10-10,
M005912,Uttar Pradesh,Food & Beverage,Tier 3+,Online,2025-10-31,1,1,1,0,0,0,2025-11-03,2025-11-04,2025-11-05,,
M005913,Rajasthan,Services,Tier 2,Online,2026-03-09,0,0,0,0,0,0,,,,,
M005914,Uttar Pradesh,Food & Beverage,Tier 3+,Field sales,2025-08-27,0,0,0,0,0,0,,,,,
M005915,Uttar Pradesh,Kirana/Grocery,Tier 2,Online,2026-01-08,1,1,1,0,0,0,2026-01-10,2026-01-09,2026-01-11,,
M005916,Karnataka,Kirana/Grocery,Tier 2,Organic QR,2025-07-05,1,1,1,1,1,1,2025-07-06,2025-07-10,2025-07-09,2025-08-09,2025-08-26
M005917,Uttar Pradesh,Fashion/Retail,Tier 3+,Field sales,2025-10-27,0,0,0,0,0,0,,,,,
M005918,Karnataka,Kirana/Grocery,Tier 1,Field sales,2025-09-29,1,1,1,0,0,0,2025-10-02,2025-09-30,2025-10-07,,
M005919,Madhya Pradesh,Fashion/Retail,Tier 1,Partner,2026-03-06,1,1,1,0,0,0,2026-03-08,2026-03-11,2026-03-12,,
M005920,Bihar,Food & Beverage,Tier 2,Online,2026-05-30,1,1,0,0,0,0,2026-06-02,2026-05-30,,,
M005921,Uttar Pradesh,Food & Beverage,Tier 2,Organic QR,2025-08-23,1,1,0,0,0,0,2025-08-25,2025-08-26,,,
M005922,Bihar,Fashion/Retail,Tier 1,Organic QR,2026-04-18,0,0,0,0,0,0,,,,,
M005923,Maharashtra,Food & Beverage,Tier 2,Field sales,2026-02-25,1,0,0,0,0,0,2026-02-26,,,,
M005924,Telangana,Kirana/Grocery,Tier 2,Referral,2026-06-19,1,1,1,1,1,0,2026-06-22,2026-06-23,2026-06-28,2026-07-21,
M005925,Uttar Pradesh,Kirana/Grocery,Tier 2,Field sales,2026-05-29,0,0,0,0,0,0,,,,,
M005926,Uttar Pradesh,Pharmacy,Tier 3+,Organic QR,2025-08-06,1,1,0,0,0,0,2025-08-06,2025-08-08,,,
M005927,Bihar,Food & Beverage,Tier 2,Organic QR,2026-03-29,1,0,0,0,0,0,2026-03-29,,,,
M005928,West Bengal,Fashion/Retail,Tier 2,Field sales,2026-02-02,1,1,1,1,0,1,2026-02-02,2026-02-04,2026-02-10,2026-02-22,2026-04-24
M005929,Telangana,Food & Beverage,Tier 2,Online,2025-08-11,1,1,1,1,1,1,2025-08-14,2025-08-11,2025-08-15,2025-09-06,2025-10-05
M005930,Telangana,Food & Beverage,Tier 1,Online,2025-10-02,1,1,1,1,1,0,2025-10-05,2025-10-09,2025-10-05,2025-11-04,
M005931,Rajasthan,Kirana/Grocery,Tier 3+,Organic QR,2026-06-04,1,1,1,1,1,0,2026-06-07,2026-06-04,2026-06-14,2026-07-05,
M005932,Karnataka,Kirana/Grocery,Tier 3+,Partner,2026-01-15,0,0,0,0,0,0,,,,,
M005933,Maharashtra,Fashion/Retail,Tier 3+,Referral,2025-11-01,1,1,1,1,1,0,2025-11-02,2025-11-03,2025-11-05,2025-12-03,
M005934,West Bengal,Kirana/Grocery,Tier 3+,Field sales,2025-10-25,0,0,0,0,0,0,,,,,
M005935,Madhya Pradesh,Other,Tier 2,Field sales,2026-05-02,1,1,0,0,0,0,2026-05-04,2026-05-09,,,
M005936,West Bengal,Kirana/Grocery,Tier 2,Partner,2025-10-12,0,0,0,0,0,0,,,,,
M005937,Karnataka,Services,Tier 1,Organic QR,2025-08-27,1,1,1,1,0,1,2025-08-29,2025-08-31,2025-09-04,2025-09-26,2025-11-11
M005938,Maharashtra,Kirana/Grocery,Tier 3+,Partner,2026-01-26,1,1,1,0,0,0,2026-01-29,2026-01-29,2026-02-02,,
M005939,Uttar Pradesh,Fashion/Retail,Tier 2,Organic QR,2026-06-28,1,1,1,1,0,0,2026-07-01,2026-06-30,2026-07-07,2026-07-19,
M005940,West Bengal,Kirana/Grocery,Tier 1,Partner,2025-09-05,1,0,0,0,0,0,2025-09-06,,,,
M005941,Maharashtra,Services,Tier 3+,Field sales,2025-10-02,0,0,0,0,0,0,,,,,
M005942,Maharashtra,Other,Tier 2,Field sales,2025-12-19,0,0,0,0,0,0,,,,,
M005943,Maharashtra,Services,Tier 3+,Field sales,2025-09-11,1,1,0,0,0,0,2025-09-14,2025-09-11,,,
M005944,Bihar,Kirana/Grocery,Tier 3+,Organic QR,2026-02-23,1,1,1,1,0,0,2026-02-26,2026-02-25,2026-03-02,2026-03-26,
M005945,Madhya Pradesh,Fashion/Retail,Tier 3+,Referral,2025-10-01,1,1,1,1,1,0,2025-10-01,2025-10-05,2025-10-04,2025-10-26,
M005946,Bihar,Food & Beverage,Tier 2,Referral,2025-08-16,1,1,1,0,0,0,2025-08-18,2025-08-18,2025-08-20,,
M005947,Maharashtra,Kirana/Grocery,Tier 2,Organic QR,2025-10-04,0,0,0,0,0,0,,,,,
M005948,Bihar,Food & Beverage,Tier 3+,Partner,2026-06-05,1,1,1,1,0,0,2026-06-08,2026-06-08,2026-06-14,2026-06-25,
M005949,Uttar Pradesh,Fashion/Retail,Tier 1,Field sales,2026-06-07,1,1,1,1,1,0,2026-06-08,2026-06-11,2026-06-14,2026-07-06,
M005950,Maharashtra,Food & Beverage,Tier 1,Organic QR,2026-01-01,0,0,0,0,0,0,,,,,
M005951,Karnataka,Pharmacy,Tier 3+,Online,2025-11-24,1,1,1,1,1,0,2025-11-25,2025-11-27,2025-12-03,2025-12-24,
M005952,Uttar Pradesh,Pharmacy,Tier 3+,Field sales,2026-04-26,1,1,1,1,0,0,2026-04-29,2026-04-28,2026-05-04,2026-05-18,
M005953,Telangana,Food & Beverage,Tier 3+,Referral,2025-09-09,1,1,1,1,1,0,2025-09-12,2025-09-15,2025-09-19,2025-10-10,
M005954,West Bengal,Food & Beverage,Tier 1,Field sales,2026-02-24,1,0,0,0,0,0,2026-02-27,,,,
M005955,Uttar Pradesh,Pharmacy,Tier 1,Field sales,2026-03-06,1,1,1,1,1,0,2026-03-06,2026-03-07,2026-03-09,2026-04-06,
M005956,Telangana,Food & Beverage,Tier 3+,Partner,2026-03-17,1,1,1,1,0,0,2026-03-18,2026-03-21,2026-03-20,2026-04-12,
M005957,Rajasthan,Kirana/Grocery,Tier 1,Referral,2025-09-18,1,1,1,0,0,0,2025-09-18,2025-09-19,2025-09-26,,
M005958,Rajasthan,Food & Beverage,Tier 2,Organic QR,2026-03-19,1,0,0,0,0,0,2026-03-21,,,,
M005959,Maharashtra,Fashion/Retail,Tier 2,Online,2026-02-09,1,1,1,1,1,0,2026-02-12,2026-02-10,2026-02-12,2026-03-06,
M005960,Rajasthan,Kirana/Grocery,Tier 3+,Referral,2026-05-16,0,0,0,0,0,0,,,,,
M005961,Karnataka,Kirana/Grocery,Tier 2,Partner,2025-09-02,1,1,1,0,0,0,2025-09-05,2025-09-06,2025-09-05,,
M005962,Telangana,Kirana/Grocery,Tier 1,Field sales,2026-02-09,1,1,0,0,0,0,2026-02-10,2026-02-09,,,
M005963,Bihar,Kirana/Grocery,Tier 2,Field sales,2026-04-29,1,1,1,0,0,0,2026-04-29,2026-05-02,2026-05-07,,
M005964,Uttar Pradesh,Other,Tier 1,Partner,2025-10-10,0,0,0,0,0,0,,,,,
M005965,Telangana,Services,Tier 3+,Partner,2026-03-29,1,1,1,1,1,0,2026-04-01,2026-03-31,2026-04-07,2026-05-02,
M005966,Maharashtra,Pharmacy,Tier 2,Organic QR,2025-08-06,1,1,0,0,0,0,2025-08-09,2025-08-12,,,
M005967,Uttar Pradesh,Fashion/Retail,Tier 2,Organic QR,2026-03-20,1,1,1,0,0,0,2026-03-21,2026-03-21,2026-03-29,,
M005968,Telangana,Food & Beverage,Tier 2,Field sales,2026-02-07,1,1,1,1,1,0,2026-02-09,2026-02-07,2026-02-11,2026-03-01,
M005969,West Bengal,Fashion/Retail,Tier 1,Field sales,2025-09-09,1,1,1,1,0,1,2025-09-10,2025-09-09,2025-09-17,2025-10-09,2025-11-19
M005970,Uttar Pradesh,Other,Tier 1,Organic QR,2025-07-25,1,1,1,1,0,1,2025-07-28,2025-07-27,2025-07-29,2025-08-25,2025-10-08
M005971,Madhya Pradesh,Pharmacy,Tier 3+,Referral,2026-03-30,0,0,0,0,0,0,,,,,
M005972,Uttar Pradesh,Pharmacy,Tier 2,Referral,2025-09-27,1,0,0,0,0,0,2025-09-29,,,,
M005973,Madhya Pradesh,Food & Beverage,Tier 2,Online,2025-12-29,1,1,1,1,1,0,2026-01-01,2025-12-29,2026-01-08,2026-01-21,
M005974,Maharashtra,Fashion/Retail,Tier 2,Partner,2025-07-23,1,1,1,0,0,0,2025-07-26,2025-07-28,2025-07-31,,
M005975,Karnataka,Kirana/Grocery,Tier 3+,Field sales,2026-06-17,1,1,1,1,0,1,2026-06-19,2026-06-17,2026-06-26,2026-07-11,2026-08-15
M005976,Maharashtra,Pharmacy,Tier 3+,Partner,2026-01-17,1,0,0,0,0,0,2026-01-17,,,,
M005977,Maharashtra,Food & Beverage,Tier 1,Referral,2026-06-06,1,1,1,0,0,0,2026-06-07,2026-06-11,2026-06-14,,
M005978,West Bengal,Services,Tier 2,Partner,2025-08-28,1,1,1,1,1,0,2025-08-30,2025-08-29,2025-09-07,2025-09-25,
M005979,Bihar,Other,Tier 2,Organic QR,2025-09-14,1,1,0,0,0,0,2025-09-16,2025-09-14,,,
M005980,Rajasthan,Services,Tier 3+,Partner,2026-02-08,1,1,1,1,1,0,2026-02-08,2026-02-11,2026-02-13,2026-03-05,
M005981,Uttar Pradesh,Kirana/Grocery,Tier 3+,Field sales,2026-02-06,1,1,0,0,0,0,2026-02-08,2026-02-07,,,
M005982,Uttar Pradesh,Pharmacy,Tier 3+,Field sales,2026-04-15,1,1,1,1,1,0,2026-04-15,2026-04-19,2026-04-24,2026-05-06,
M005983,Rajasthan,Other,Tier 3+,Field sales,2026-06-04,1,1,1,1,0,1,2026-06-07,2026-06-05,2026-06-14,2026-06-30,2026-06-15
M005984,Madhya Pradesh,Services,Tier 2,Organic QR,2026-04-26,1,0,0,0,0,0,2026-04-26,,,,
M005985,Rajasthan,Fashion/Retail,Tier 2,Online,2025-08-21,1,1,1,1,1,0,2025-08-22,2025-08-28,2025-08-25,2025-09-21,
M005986,Bihar,Fashion/Retail,Tier 2,Field sales,2025-10-21,1,1,1,1,1,0,2025-10-21,2025-10-28,2025-10-27,2025-11-16,
M005987,Karnataka,Fashion/Retail,Tier 3+,Field sales,2026-05-30,0,0,0,0,0,0,,,,,
M005988,West Bengal,Food & Beverage,Tier 1,Referral,2026-01-17,1,0,0,0,0,0,2026-01-17,,,,
M005989,Maharashtra,Food & Beverage,Tier 2,Online,2026-05-13,1,1,1,0,0,0,2026-05-14,2026-05-15,2026-05-21,,
M005990,Uttar Pradesh,Fashion/Retail,Tier 1,Organic QR,2026-01-22,1,1,0,0,0,0,2026-01-25,2026-01-29,,,
M005991,West Bengal,Other,Tier 1,Field sales,2025-07-19,1,1,0,0,0,0,2025-07-21,2025-07-26,,,
M005992,Karnataka,Kirana/Grocery,Tier 3+,Organic QR,2025-12-20,1,1,1,1,0,0,2025-12-20,2025-12-27,2025-12-26,2026-01-20,
M005993,Maharashtra,Kirana/Grocery,Tier 1,Partner,2026-04-28,1,1,1,1,0,1,2026-04-29,2026-04-30,2026-05-06,2026-05-30,2026-05-13
M005994,Telangana,Food & Beverage,Tier 3+,Referral,2026-02-25,0,0,0,0,0,0,,,,,
M005995,Uttar Pradesh,Fashion/Retail,Tier 2,Field sales,2025-08-18,1,1,1,1,0,0,2025-08-18,2025-08-19,2025-08-22,2025-09-16,
M005996,West Bengal,Fashion/Retail,Tier 2,Online,2025-09-15,1,1,1,0,0,0,2025-09-15,2025-09-20,2025-09-18,,
M005997,Madhya Pradesh,Services,Tier 3+,Partner,2026-05-08,1,0,0,0,0,0,2026-05-10,,,,
M005998,Uttar Pradesh,Kirana/Grocery,Tier 3+,Partner,2026-06-23,1,1,1,1,1,0,2026-06-24,2026-06-28,2026-06-26,2026-07-23,
M005999,West Bengal,Food & Beverage,Tier 3+,Field sales,2026-04-01,1,1,1,1,0,0,2026-04-01,2026-04-04,2026-04-05,2026-04-22,
M006000,Rajasthan,Fashion/Retail,Tier 1,Online,2025-08-05,0,0,0,0,0,0,,,,,
